SN,L1,L2,CN1,CN2,gx,gy,gz,B20,QTM,KD,Ucal,Ueff,tio,Ucal_pred,Ucal_error,Ueff_pred,Ueff_error,tio_pred,tio_error
2,CC1=CC=CC1,CC1=CC=CC1,5,5,1.12e-05,1.27e-05,19.96603776,-16.4,3.99e-06,515.0481028,1517.094517,1622.731893,-11.427472,1603.9532,86.8587300703125,1703.5791,80.8472085625001,-11.249277,0.1781948851318358
3,CC1=CC=CC1C,CC1=CC=CC1C,5,5,8.16e-06,9.12e-06,19.97200881,-16.9,2.88e-06,540.7115676,1568.422751,1713.207174,-11.2787485,1647.931,79.50827927343744,1726.5591,13.351908031250105,-11.217108,0.061640727172852294
4,CC1=CC=C(C)C1C,CC1=CC=C(C)C1C,5,5,7.6e-06,8.22e-06,19.95974094,-17.1,2.64e-06,534.7643487,1580.448293,1702.47622,-11.1600615,1707.7542,127.30585739062508,1729.8038,27.327613007812488,-11.074043,0.08601822607421816
5,CC1=CC(C)=C(C)C1C,CC1=CC(C)=C(C)C1C,5,5,3.99e-06,5.59e-06,19.96740407,-17.6,1.6e-06,559.759384,1634.935494,1726.071627,-11.1305745,1759.4159,124.48039955468744,1764.9401,38.868436476562465,-10.959058,0.17151669207763653
6,CC1=C(C)C(C)C(C)=C1C,CC1=C(C)C(C)C(C)=C1C,5,5,3.07e-06,3.23e-06,19.9873444,-18.6,1.05e-06,622.7781791,1736.272451,1789.0064,-11.018025,1805.2544,68.98194353124995,1789.8912,0.8848353515625149,-10.909953,0.10807188262939427
7,CCC1=C(C)C(C)=C(C)C1C,CCC1=C(C)C(C)=C(C)C1C,5,5,3.61e-06,4.01e-06,19.97706054,-18.1,1.27e-06,606.4768805,1678.154341,1744.672997,-11.0574005,1838.3561,160.20173810156257,1799.9851,55.312110421875104,-10.905791,0.15160921734619137
8,CCC1=C(C)C(C)=C(CC)C1C,CCC1=C(C)C(C)=C(CC)C1C,5,5,3.43e-06,3.79e-06,19.97769771,-18.2,1.2e-06,610.911985,1685.243015,1785.124235,-11.0718865,1866.2312,180.988186171875,1809.9136,24.78933921875,-10.903704,0.16818281042480443
9,CCC1=C(C)C(C)=C(CC)C1CC,CCC1=C(C)C(C)=C(CC)C1CC,5,5,3.13e-06,3.44e-06,19.97699447,-18.3,1.1e-06,617.7795674,1697.871518,1785.124235,-11.0883775,1896.1345,198.26300348437508,1818.8303,33.706087265625,-10.894692,0.19368507904052734
10,CCC1=C(CC)C(CC)C(CC)=C1C,CCC1=C(CC)C(CC)C(CC)=C1C,5,5,2.66e-06,2.92e-06,19.98032966,-18.4,9.29e-07,627.0254536,1715.044087,1786.228828,-11.0588255,1917.409,202.3649706171875,1824.6792,38.45037121874998,-10.889877,0.1689481806640618
11,CCC1=C(CC)C(CC)C(CC)=C1CC,CCC1=C(CC)C(CC)C(CC)=C1CC,5,5,2.3e-06,2.52e-06,19.9830035,-18.8,8.07e-07,643.4445258,1745.00362,1796.42119,-10.8107205,1933.8931,188.88944640625004,1829.4904,33.069166445312476,-10.8854065,-0.0746859941406246
12,CC1=C(C)C(C)C(C)=C1C,CC1=C(C)C(C)C(C)=C1C,5,5,5.95e-06,6.79e-06,19.98088487,-18.2,2.13e-06,621.6286065,1692.784939,1728.34957,-11.1335005,1805.2544,112.4694555312501,1789.8912,61.541665351562415,-10.909953,0.22354738262939478
13,CC1=C(C)C(C)C(C)=C1C,CC1=C(C)C(C)C(C)=C1C,5,5,2.07e-06,2.29e-06,19.97853155,-18.1,7.2e-07,605.1785461,1677.868604,1747.608321,-10.879419,1805.2544,127.38579053125,1789.8912,42.28291435156257,-10.909953,-0.030534117370605074
14,CC1=C(C)C(C)C(C)=C1C,CC1=C(C)C(C)C(C)=C1C,5,5,0.0,2.1e-08,19.9770164,-17.9,1.65e-08,593.8745159,1666.60474,1657.196841,-10.968023,1805.2544,138.64965453125,1789.8912,132.69439435156255,-10.909953,0.05806988262939505
15,CC1=C(C)C(C)C(C)=C1C,CC1=C(C)C(C)C(C)=C1C,5,5,1.15e-06,1.17e-06,19.97919689,-17.9,3.9e-07,593.732771,1667.514317,1746.455061,-10.9157195,1805.2544,137.7400775312501,1789.8912,43.43617435156261,-10.909953,0.005766382629394329
16,CC1=C(C)C(C)C(C)=C1C,CC1=C(C)C(C)C(C)=C1C,5,5,7.43e-07,8e-07,19.99015429,-18.2,2.38e-07,631.2794977,1700.497809,1703.057067,-10.828334,1805.2544,104.75658553125004,1789.8912,86.83416835156254,-10.909953,-0.08161911737060557
17,CC(C)C1=C(C(C)C)C(C(C)C)C(C(C)C)=C1C(C)C,CC(C)C1=C(C(C)C)C(C(C)C)C(C(C)C)=C1C(C)C,5,5,2.14e-07,2.48e-07,20.00522194,-19.0,6.67e-08,718.161962,1985.436557,1619.987701,-10.6810405,1954.4736,-30.962924187499993,1723.2244,103.23666423437498,-10.674882,0.006158564880371031
18,CC(C)C1=C(C(C)C)C(C(C)C)C(C(C)C)=C1C(C)C,CC(C)C1=C(C(C)C)C(C(C)C)C(C(C)C)=C1C(C)C,5,5,2.14e-07,2.48e-07,20.00522194,-19.0,6.67e-08,718.161962,1990.10992,1619.987701,-10.6810405,1954.4736,-35.6362871875001,1723.2244,103.23666423437498,-10.674882,0.006158564880371031
19,CCC1=C(C)C(C)=C(C)C1CC,CCC1=C(C)C(C)=C(C)C1CC,5,5,0.0,2.45e-07,20.00484045,-19.0,7.99e-08,716.031623,1784.444137,1496.524448,-10.495258,1867.5273,83.08320675000004,1806.8983,310.3738674296876,-10.900254,-0.40499624957275415
20,CCC1=C(C)C(C)=C(CC)C1CC,CCC1=C(C)C(C)=C(CC)C1CC,5,5,0.0,1.92e-07,20.00533947,-19.2,5.79e-08,723.4793216,1805.423409,1541.09815,-10.52318,1896.1345,90.71111248437501,1818.8303,277.73217226562497,-10.894692,-0.3715124209594727
21,CC(C)C1=C(C(C)C)C(C(C)C)C(C(C)C)=C1C(C)C,CC(C)C1=C(C(C)C)C(C(C)C)C(C(C)C)=C1C(C)C,5,5,0.0,2.2e-07,20.00539013,-19.3,4.1e-08,729.1464825,1815.808956,1522.435254,-10.555458,1954.4736,138.66467681249992,1723.2244,200.789111234375,-10.674882,-0.11942393511962912
22,CCC1=C(CC)C(CC)C(CC)=C1CC,CCC1=C(CC)C(CC)C(CC)=C1CC,5,5,8.9e-08,1.27e-07,20.00521409,-19.5,3.34e-08,734.8896152,1833.733125,1582.476861,-10.747674,1933.8931,100.15994140625003,1829.4904,247.0134954453124,-10.8854065,-0.13773249414062505
23,CC(C)C1=C(C(C)C)C(C(C)C)C(C(C)C)=C1C(C)C,CC(C)C1=C(C(C)C)C(C(C)C)C(C(C)C)=C1C(C)C,5,5,0.0,2.24e-07,20.00983182,-19.0,1.08e-08,726.8697871,1996.194073,1614.51616,-10.7087635,1954.4736,-41.72044018749989,1723.2244,108.7082052343751,-10.674882,0.03388156488037097
24,CC1=C(C)C(C)C(C)=C1C,CC1=C(C)C(C)C(C)=C1C,5,5,5.41e-06,6.13e-06,19.98176036,-17.7,1.92e-06,620.0062014,1648.206804,1703.573559,-11.1098145,1805.2544,157.04759053125008,1789.8912,86.31767635156257,-10.909953,0.19986138262939512
25,CC1=C(C(C)(C)C)C(C(C)(C)C)=C(C)C1C(C)(C)C,CC1=C(C(C)(C)C)C(C(C)(C)C)=C(C)C1C(C)(C)C,5,5,2.27e-06,2.83e-06,19.99436676,-17.9,8.51e-07,653.6882855,1672.192059,1751.350512,-10.9426545,1830.7828,158.59077791406253,1698.2141,-53.13640067187498,-10.726336,0.21631897448730442
26,CC1=CC=CC1,CC1=CC=CC1,5,5,7.64e-06,8.76e-06,19.96137804,-16.6,2.73e-06,514.599395,1537.199391,1616.950756,-11.325269,1603.9532,66.7538560703124,1703.5791,86.62834556250004,-11.249277,0.07599188513183641
27,CC1=CC=CC1,CC1=CC=CC1,5,5,3.91e-06,4.88e-06,19.95911944,-16.8,1.47e-06,522.2309084,1553.164005,1662.518854,-11.182148,1603.9532,50.78924207031241,1703.5791,41.06024756250008,-11.249277,-0.06712911486816431
28,CC1=CC=CC1,CC1=CC=CC1,5,5,4.25e-06,5.14e-06,19.96220199,-17.1,1.57e-06,528.4735975,1581.098296,1670.253217,-11.1394095,1603.9532,22.85495107031261,1703.5791,33.32588456250005,-11.249277,-0.10986761486816476
29,CC1=CC=CC1,CC1=CC=CC1,5,5,6.65e-07,1.15e-06,19.96594957,-17.3,3.04e-07,537.5981818,1602.343754,1688.337005,-10.891509,1603.9532,1.60949307031251,1703.5791,15.24209656249991,-11.249277,-0.35776811486816484
30,CC1=CC=C(C)C1,CC1=CC=C(C)C1,5,5,3.84e-06,4.21e-06,19.98892665,-18.0,1.34e-06,600.1948781,1676.543306,1747.4252,-11.124672,1631.3036,-45.23971713281253,1715.4259,-31.999296679687404,-11.226042,-0.10136979382324185
31,CC1=CC=C(C)C1C,CC1=CC=C(C)C1C,5,5,3.46e-06,4.06e-06,19.96491827,-17.5,1.25e-06,546.7445939,1615.846154,1760.640804,-11.1293915,1707.7542,91.90799639062493,1729.8038,-30.83697099218739,-11.074043,0.0553482260742193
32,CC1=CC(C)=C(C)C1C,CC1=CC(C)=C(C)C1C,5,5,1.84e-06,2.04e-06,19.9833382,-18.5,6.47e-07,612.219515,1718.706139,1789.164152,-10.928583,1759.4159,40.709754554687606,1764.9401,-24.22408852343756,-10.959058,-0.030474807922363567
33,CC1=CC=CC1C,CC1=CC=CC1C,5,5,7.46e-06,8.62e-06,19.97270942,-17.4,2.68e-06,545.5158472,1604.881993,1704.68293,-11.1761115,1647.931,43.049037273437534,1726.5591,21.876152031250058,-11.217108,-0.04099627282714913
34,CC1=CC(C)=C(C)C1,CC1=CC(C)=C(C)C1,5,5,1.08e-05,1.24e-05,19.97405066,-17.2,3.87e-06,553.2966015,1600.335073,1724.261015,-11.3133315,1719.0967,118.76160668750003,1737.0342,12.773164687499957,-11.047672,0.2656592282714847
35,CCC1=CC=CC1,CCC1=CC=CC1,5,5,3.16e-06,3.95e-06,19.96191006,-16.0,1.18e-06,506.8722009,1480.252214,1677.511613,-11.348018,1623.5088,143.2565750624999,1709.4966,31.984969031250102,-11.235572,0.11244613873290987
36,CC1=CC=CC1,CC1=CC=CC1,5,5,5.38e-06,5.97e-06,19.95971114,-16.1,1.89e-06,506.1291633,1490.803943,1615.029371,-11.352381,1603.9532,113.14930407031261,1703.5791,88.54973056249992,-11.249277,0.10310388513183533
37,CC1=CC=CC1,CC1=CC=CC1,5,5,1.04e-05,1.22e-05,19.97376379,-16.2,3.76e-06,521.6729622,1505.120982,1637.542299,-11.457482,1603.9532,98.83226507031259,1703.5791,66.03680256250004,-11.249277,0.20820488513183655
38,CC1=CC=CC1,CC1=CC=CC1,5,5,1.91e-06,3.09e-06,19.96903366,-16.5,8.33e-07,539.089097,1539.00591,1764.238946,-11.310212,1603.9532,64.94733707031241,1703.5791,-60.65984443749994,-11.249277,0.06093488513183587
39,CC1=CC=CC1,CC1=CC=CC1,5,5,3.66e-06,4.08e-06,19.97473719,-17.2,1.29e-06,560.3863128,1600.717049,1760.080169,-11.156566,1603.9532,3.236198070312412,1703.5791,-56.50106743750007,-11.249277,-0.0927111148681643
40,CC1=CC=CC1C,CC1=CC=CC1C,5,5,1.57e-06,1.63e-06,19.97754352,-17.3,5.34e-07,570.2428927,1608.3525,1767.493696,-10.91407,1647.931,39.578530273437536,1726.5591,-40.93461396875,-11.217108,-0.30303777282714783
41,CCC1=C(CC)C(CC)C(CC)=C1CC,CCC1=C(CC)C(CC)C(CC)=C1CC,5,5,3.37e-06,3.77e-06,19.98929244,-17.8,1.19e-06,604.5617329,1658.033706,1764.820421,-11.1372845,1933.8931,275.85936040625006,1829.4904,64.6699354453126,-10.8854065,0.2518780058593748
42,CC1=CC=C(C)C1,CC1=CC=C(C)C1,5,5,3.9e-06,4.7e-06,19.96339268,-17.4,1.43e-06,540.9282752,1611.815292,1756.372714,-11.1504495,1631.3036,19.4882968671875,1715.4259,-40.94681067968759,-11.226042,-0.07559229382324162
43,CC(C)C1=CC=CC1,CC(C)C1=CC=CC1,5,5,8.91e-06,1.06e-05,19.97200267,-16.7,3.26e-06,526.7795259,1540.672713,1634.222822,-11.398,1628.8015,88.12880067187507,1710.2777,76.05488796093755,-11.2046385,0.19336151885986297
44,CC(C)C1=CC=CC1C(C)C,CC(C)C1=CC=CC1C(C)C,5,5,1.51e-05,1.81e-05,19.97045989,-16.8,5.53e-06,544.8945785,1563.16029,1665.633152,-11.3200125,1756.3103,193.15001273437497,1735.3641,69.73098374218739,-10.953964,0.3660482666015632
45,CC1=C(C)C(C)C(C)=C1C,CC1=C(C)C(C)C(C)=C1C,5,5,2.62e-06,2.9e-06,19.97410546,-17.4,9.2e-07,560.1452385,1618.211189,1760.640804,-11.1574905,1805.2544,187.0432055312499,1789.8912,29.25043135156261,-10.909953,0.2475373826293943
46,CC1=C(C)C(C)C(C)=C1C,CC1=C(C)C(C)C(C)=C1C,5,5,1.73e-06,1.89e-06,19.98764231,-17.9,6.02e-07,624.3103289,1663.368237,1742.176626,-10.826263,1805.2544,141.8861575312501,1789.8912,47.71460935156256,-10.909953,-0.08369011737060461
47,CC1=C(C)C(C)C(C)=C1C,CC1=C(C)C(C)C(C)=C1C,5,5,3.36e-07,4.78e-07,20.00399106,-18.7,1.45e-07,713.2312531,1755.129156,1499.737864,-10.5519205,1805.2544,50.125238531250034,1789.8912,290.15337135156255,-10.909953,-0.3580326173706059
48,CC1=CC=CC1,CC1=CC=CC1,5,5,3.85e-06,4.75e-06,19.96459912,-16.9,1.43e-06,531.9980669,1565.047173,1756.087389,-11.1712675,1603.9532,38.90607407031257,1703.5791,-52.50828743750003,-11.249277,-0.07800961486816327
49,CC1=CC=CC1,CC1=CC=CC1,5,5,4.98e-06,5.94e-06,19.96420109,-16.8,1.82e-06,531.8221091,1556.027014,1702.47622,-11.189475,1603.9532,47.92623307031249,1703.5791,1.102881562499988,-11.249277,-0.059802114868164225
50,CC1=C(C)C(C)C(C)=C1C,CC1=C(C)C(C)C(C)=C1C,5,5,2.36e-06,2.65e-06,19.97720569,-18.0,8.36e-07,606.9344869,1671.628193,1737.972758,-11.009644,1805.2544,133.62620153125,1789.8912,51.91847735156239,-10.909953,0.0996908826293943
51,CC1=C(C)C(C)C(C)=C1C,CC1=C(C)C(C)C(C)=C1C,5,5,4.73e-07,4.88e-07,19.98017908,-17.9,1.54e-07,592.713729,1662.539063,1660.069616,-11.0067,1805.2544,142.71533153125006,1789.8912,129.8216193515625,-10.909953,0.0967468826293949
52,CC1=C(C)C(C)C(C)=C1C,CC1=C(C)C(C)C(C)=C1C,5,5,1.72e-06,1.99e-06,19.98624755,-18.3,6.23e-07,627.9904165,1705.009337,1789.328104,-10.859992,1805.2544,100.24505753125004,1789.8912,0.5631313515625607,-10.909953,-0.04996111737060538
53,CC1=C(C)C(C)C(C)=C1C,CC1=C(C)C(C)C(C)=C1C,5,5,2.79e-06,3.02e-06,19.99302382,-18.1,9.69e-07,632.6111974,1691.084808,1786.39278,-11.0334965,1805.2544,114.16958653124993,1789.8912,3.4984553515625976,-10.909953,0.12354338262939457
54,c1ccccc1,c1ccccc1,6,6,10.69983138,9.817844401,2.029057509,8.86,3.42,44.93376902,0.0,17.22994248,-5.22132375,72.06531,72.0653076171875,17.625488,0.3955458012500017,-5.376558,-0.1552340769958498
55,Cc1ccccc1,Cc1ccccc1,6,6,0.258318957,0.275355843,19.51660287,-5.87,0.0889,111.468175,110.6,39.69691773,-5.7186,124.36011,13.760107421875006,69.92847,30.231549066874997,-5.4807415,0.23785849914550816
56,Cc1ccc(C)cc1,Cc1ccc(C)cc1,6,6,0.127607661,0.179802043,19.55375733,-6.03,0.0512,117.6204389,117.6,39.69691773,-5.7186,126.68298,9.082983398437506,70.09656,30.399639887187497,-5.4526477,0.2659523139953617
57,Cc1cc(C)c(C)cc1C,Cc1cc(C)c(C)cc1C,6,6,0.758322175,0.920866815,16.53303181,6.95,0.28,57.74448722,57.4,17.22994248,-5.22132375,32.789917,-24.6100830078125,9.678589,-7.551353612812498,-5.279011,-0.057687022705078306
58,Cc1c(C)c(C)c(C)c(C)c1C,Cc1c(C)c(C)c(C)c(C)c1C,6,6,10.68037544,9.197004717,2.808389173,7.06,3.31,39.5482563,39.2,17.22994248,-5.22132375,55.40735,16.207348632812497,48.954468,31.7245252934375,-5.420412,-0.199088313598633
59,Cc1c(C)c(C)c(C)c(C)c1C,Cc1c(C)c(C)c(C)c(C)c1C,6,6,0.857815862,0.913586099,18.19192342,3.6,0.295,74.73064382,74.2,17.22994248,-5.22132375,55.40735,-18.792651367187503,48.954468,31.7245252934375,-5.420412,-0.199088313598633
60,Cc1c(C)c(C)c(C)c(C)c1C,Cc1c(C)c(C)c(C)c(C)c1C,6,6,0.223260165,0.278021361,17.68805883,6.54,0.0835,33.97013116,33.6,17.22994248,-5.22132375,55.40735,21.8073486328125,48.954468,31.7245252934375,-5.420412,-0.199088313598633
61,Cc1c(C)c(C)c(C)c(C)c1C,Cc1c(C)c(C)c(C)c(C)c1C,6,6,0.056824895,0.508258981,16.90628169,6.34,0.0942,37.18233428,36.4,17.22994248,-5.22132375,55.40735,19.0073486328125,48.954468,31.7245252934375,-5.420412,-0.199088313598633
62,Cc1c(C)c(C)c(C)c(C)c1C,Cc1c(C)c(C)c(C)c(C)c1C,6,6,0.010196634,0.058858122,19.70106323,5.8,0.0115,30.43671372,33.6,191.8551128,-6.25091625,55.40735,21.8073486328125,48.954468,-142.9006450265625,-5.420412,0.8305041864013676
63,CCc1c(C)c(C)c(C)c(C)c1C,CCc1c(C)c(C)c(C)c(C)c1C,6,6,0.02593299,0.145255954,19.61917085,5.97,0.0285,26.78326504,26.6,148.6080081,-5.735928,65.4397,38.839697265625,63.210938,-85.3970706,-5.5165915,0.21933645108032263
64,CCc1c(C)c(C)c(CC)c(C)c1C,CCc1c(C)c(C)c(CC)c(C)c1C,6,6,0.002665337,0.190488523,19.35697844,6.1,0.0322,29.31942076,28.0,158.6826872,-5.8922485,74.100464,46.1004638671875,76.531006,-82.151681340625,-5.5969524,0.2952960616455078
65,CCc1c(C)c(CC)c(CC)c(C)c1CC,CCc1c(C)c(CC)c(CC)c(C)c1CC,6,6,0.673705867,1.071031889,17.387928,5.99,0.291,48.01729646,47.6,17.22994248,-5.22132375,71.35962,23.759619140625,77.05237,59.8224256840625,-5.684647,-0.4633233332824709
66,CCc1c(CC)c(CC)c(CC)c(CC)c1CC,CCc1c(CC)c(CC)c(CC)c(CC)c1CC,6,6,1.069864551,1.530050162,18.12688425,-3.32,0.433,70.83364036,70.0,17.22994248,-5.22132375,63.755127,-6.244873046875,67.20923,49.979286035625,-5.773631,-0.5523073458862306
67,Cc1c(C)c(C)c(C)c(C)c1C,Cc1c(C)c(C)c(C)c(C)c1C,6,6,0.09611872,0.240847744,18.55894698,-5.66,0.0562,72.41888402,71.4,17.22994248,-5.22132375,55.40735,-15.992651367187506,48.954468,31.7245252934375,-5.420412,-0.199088313598633
68,Cc1c(C)c(C)c(C)c(C)c1C,Cc1c(C)c(C)c(C)c(C)c1C,6,6,0.138555968,0.263370715,19.33006977,-4.41,0.067,105.4667009,105.0,21.5458846,-5.5111695,55.40735,-49.5926513671875,48.954468,27.4085831734375,-5.420412,0.09075743640136746
69,Cc1c(C)c(C)c(C)c(C)c1C,Cc1c(C)c(C)c(C)c(C)c1C,6,6,0.583137671,0.802847073,18.75952962,-3.39,0.231,89.95884198,89.6,17.22994248,-5.22132375,55.40735,-34.192651367187494,48.954468,31.7245252934375,-5.420412,-0.199088313598633
70,Cc1c(C)c(C)c(C)c(C)c1C,Cc1c(C)c(C)c(C)c(C)c1C,6,6,1.282878886,1.848174121,17.85039102,5.68,0.522,53.75976452,53.2,17.22994248,-5.22132375,55.40735,2.207348632812497,48.954468,31.7245252934375,-5.420412,-0.199088313598633
74,C1=CC=C1,C1=CC=C1,4,4,0.026214239,0.034122972,15.5868009,49.9,0.0101,865.0521781,1462.234955,655.8989577,-10.719623,1622.9998,160.7648008593751,1794.9578,1139.058805971875,-10.83259,-0.11296710314941372
75,CC1=CC=C1,CC1=CC=C1,4,4,7.81e-06,9.21e-06,19.98417949,-22.2,2.84e-06,527.8892528,1420.778794,1926.780488,-11.3881185,1626.5085,205.72975092187494,1889.4211,-37.359345421875105,-11.000913,0.38720583367919836
76,CC1=CC(C)=C1,CC1=CC(C)=C1,4,4,1.99e-05,2.43e-05,19.96387796,-22.1,7.36e-06,517.5825474,1413.524666,1828.474333,-11.384155,1624.2389,210.71422560156248,1899.1438,70.66946582812511,-11.128232,0.255922997741699
77,CC1=CC(C)=C1C,CC1=CC(C)=C1C,4,4,1.99e-05,2.43e-05,19.96387796,-22.1,7.36e-06,517.5825474,1410.12359,1828.474333,-11.384155,1660.5625,250.43891000000008,1950.7571,122.28274707812511,-11.08712,0.29703494384765605
78,CC1=C(C)C(C)=C1C,CC1=C(C)C(C)=C1C,4,4,1.91e-06,2.25e-06,20.00835319,-24.1,6.9e-07,702.4932317,1561.065072,1857.552842,-10.51124,1722.3313,161.2662268281249,2025.6931,168.14027323437494,-11.002603,-0.49136257720947185
79,CCC1=C(C)C(C)=C1C,CCC1=C(C)C(C)=C1C,4,4,1.88e-06,2.24e-06,20.0082858,-24.1,6.84e-07,702.4468436,1561.317713,1857.552842,-10.51124,1723.5559,162.2381952031251,2011.1414,153.58851542187494,-10.982499,-0.4712591226196281
80,CC1=C(C)C(C)=C1C,CC1=C(C)C(C)=C1C,4,4,2.72e-06,3.19e-06,20.00832386,-24.1,9.88e-07,698.415039,1669.936751,1885.920194,-10.6326605,1722.3313,52.39454782812504,2025.6931,139.77292123437496,-11.002603,-0.3699420772094726
81,CC1=C(C)C(C)=C1C,CC1=C(C)C(C)=C1C,4,4,6.64e-06,7.3e-06,19.99700265,-24.1,2.32e-06,594.7472756,1683.678238,2064.866392,-11.220369,1722.3313,38.653060828125035,2025.6931,-39.173276765624905,-11.002603,0.21776642279052716
82,CC1=C(C)C(C)=C1C,CC1=C(C)C(C)=C1C,4,4,2.96e-06,3.35e-06,20.00836891,-24.1,1.05e-06,701.2797747,1674.191091,1877.797124,-10.6362755,1722.3313,48.140207828125085,2025.6931,147.89599123437506,-11.002603,-0.36632707720947266
83,CC1=C(C)C(C)=C1C,CC1=C(C)C(C)=C1C,4,4,3.4e-06,4.08e-06,20.00815609,-24.2,1.25e-06,709.1034985,1691.026228,1918.248362,-10.6199825,1722.3313,31.305070828125054,2025.6931,107.44475323437496,-11.002603,-0.3826200772094719
84,CC1=C(C)C(C)=C1C,CC1=C(C)C(C)=C1C,4,4,1.25e-05,1.41e-05,19.9917452,-23.0,4.44e-06,570.294641,1590.839979,2007.922305,-11.4364815,1722.3313,131.49131982812492,2025.6931,17.77081023437495,-11.002603,0.43387892279052664
85,CC1=C(C)C(C)=C1C,CC1=C(C)C(C)=C1C,4,4,9.17e-06,1.06e-05,19.98817391,-22.9,3.3e-06,565.7516368,1564.009514,2009.667849,-11.3917875,1722.3313,158.32178482812492,2025.6931,16.025266234375067,-11.002603,0.38918492279052685
86,CC1=C(C)C(C)=C1C,CC1=C(C)C(C)=C1C,4,4,4.15e-06,4.72e-06,19.99595289,-23.2,1.48e-06,586.2702895,1609.49948,2071.326084,-11.181996,1722.3313,112.83181882812505,2025.6931,-45.63296876562481,-11.002603,0.17939342279052717
87,CC1=C(C)C(C)=C1C,CC1=C(C)C(C)=C1C,4,4,4.16e-06,4.53e-06,20.00131433,-23.4,1.45e-06,615.8272399,1631.000879,2074.034663,-11.157876,1722.3313,91.33041982812506,2025.6931,-48.34154776562491,-11.002603,0.15527342279052725
88,CC1=C(C)C(C)=C1C,CC1=C(C)C(C)=C1C,4,4,8.04e-06,8.79e-06,19.99663748,-22.4,2.81e-06,584.7398568,1542.431454,2016.5268,-11.437573,1722.3313,179.89984482812497,2025.6931,9.166315234374906,-11.002603,0.4349704227905278
89,CC1=C(C)C(C)=C1C,CC1=C(C)C(C)=C1C,4,4,5.15e-06,5.46e-06,20.00187287,-22.7,1.77e-06,608.380372,1589.900157,2013.171085,-11.1369025,1722.3313,132.43114182812496,2025.6931,12.522030234375052,-11.002603,0.13429992279052705
90,CC1=C(C)C(C)=C1C,CC1=C(C)C(C)=C1C,4,4,5.15e-06,5.46e-06,20.00187287,-22.7,1.77e-06,608.380372,1604.759883,2020.423495,-11.134327,1722.3313,117.57141582812505,2025.6931,5.269620234374997,-11.002603,0.1317244227905281
91,CCC1=C(C)C(C)=C1C,CCC1=C(C)C(C)=C1C,4,4,3.41e-06,3.83e-06,20.0048849,-23.3,1.21e-06,632.9722603,1627.069217,2078.667835,-11.0258625,1723.5559,96.48669120312502,2011.1414,-67.5264775781252,-10.982499,0.04336337738037166
92,CCC1=C(CC)C(C)=C1C,CCC1=C(CC)C(C)=C1C,4,4,0.0,6.12e-07,20.00422759,-23.3,1.19e-07,641.9962139,1631.946648,2008.773393,-10.9705305,1727.5117,95.5650707499999,1999.8303,-8.943070734374942,-10.971763,-0.001232157165526715
93,CCC1=C(C)C(CC)=C1CC,CCC1=C(C)C(CC)=C1CC,4,4,3.57e-06,3.98e-06,20.00452562,-23.1,1.26e-06,640.6158181,1616.378994,2078.667835,-10.9725975,1728.1951,111.81607435937508,1983.9364,-94.7314336328127,-10.963314,0.00928344360351474
94,CCC1=C(CC)C(CC)=C1CC,CCC1=C(CC)C(CC)=C1CC,4,4,3.99e-06,4.31e-06,20.00487234,-23.3,1.38e-06,650.3518018,1632.612848,2074.399744,-10.94841,1729.4402,96.82733754687501,1970.8035,-103.59627720312483,-10.953464,-0.005053554382323355
95,CCC1=C(CC)C(C(C)C)=C1CC,CCC1=C(CC)C(C(C)C)=C1CC,4,4,4.23e-06,4.59e-06,20.00239719,-23.5,1.47e-06,635.9314111,1635.517366,2074.034663,-11.058248,1730.1196,94.60226290624996,1951.6416,-122.39306143749991,-10.955333,0.10291524395752027
96,CCC1=C(C(C)C)C(C(C)C)=C1CC,CCC1=C(C(C)C)C(C(C)C)=C1CC,4,4,1.41e-06,1.66e-06,20.00470882,-23.4,5.13e-07,648.3987783,1637.197822,2085.520727,-10.7715075,1725.8291,88.63127956249991,1933.9954,-151.52536567187508,-10.9629965,-0.19148898284912086
97,CCC1=C(C(C)C)C(C(C)C)=C1C(C)C,CCC1=C(C(C)C)C(C(C)C)=C1C(C)C,4,4,1.1e-05,1.31e-05,19.97580991,-20.5,4.02e-06,562.8633144,1653.397347,2031.183713,-11.3438255,1706.352,52.95470378124992,1917.3152,-113.8685274531249,-10.989112,0.3547135996704096
98,CC(C)C1=C(C(C)C)C(C(C)C)=C1C(C)C,CC(C)C1=C(C(C)C)C(C(C)C)=C1C(C)C,4,4,1.04e-05,1.21e-05,19.98266875,-20.7,3.75e-06,578.374176,1679.073525,2038.988546,-11.41392,1686.847,7.773520898437482,1903.3792,-135.60939560937504,-11.021467,0.3924527911376945
99,CC(C)C1=C(C(C)C)C(C(C)(C)C)=C1C(C)C,CC(C)C1=C(C(C)C)C(C(C)(C)C)=C1C(C)C,4,4,4.57e-06,5.35e-06,19.98478584,-18.4,1.65e-06,513.4496394,1468.176839,1616.21651,-11.252461,1640.6318,172.45499693750003,1891.1729,274.95634156250003,-11.07992,0.1725411849365237
100,CC(C)C1=C(C(C)(C)C)C(C(C)C)=C1C(C)(C)C,CC(C)C1=C(C(C)(C)C)C(C(C)C)=C1C(C)(C)C,4,4,1.19e-06,1.22e-06,19.99969503,-22.3,3.95e-07,590.7332458,1661.789186,2083.15925,-11.0072245,1591.6993,-70.08984517968747,1881.9996,-201.15961621093766,-11.157418,-0.15019375103759813
101,CC(C)C1=C(C(C)(C)C)C(C(C)(C)C)=C1C(C)(C)C,CC(C)C1=C(C(C)(C)C)C(C(C)(C)C)=C1C(C)(C)C,4,4,5.15e-07,6.08e-07,20.00047252,-22.2,1.9e-07,582.8106743,1633.621969,2009.961347,-11.1153255,1547.7537,-85.86830689062504,1872.6138,-137.34757746874993,-11.227814,-0.11248822070312414
102,CC(C)(C)C1=C(C(C)(C)C)C(C(C)(C)C)=C1C(C)(C)C,CC(C)(C)C1=C(C(C)(C)C)C(C(C)(C)C)=C1C(C)(C)C,4,4,1.19e-06,1.29e-06,19.99663268,-18.8,4.16e-07,550.2842113,1487.109763,1749.408018,-11.074973,1506.0543,18.94455828906257,1858.4343,109.02630817187492,-11.282937,-0.2079640498657227
103,C1=CC=C1,C1=CC=C1,4,4,1.75e-06,2.05e-06,20.00582912,-21.7,6.29e-07,664.9182827,1801.4,2168.426247,-10.715171,1622.9998,-178.4002441406251,1794.9578,-373.4684833281249,-10.83259,-0.11741910314941428
104,CC1=CC=C1,CC1=CC=C1,4,4,2e-05,2.43e-05,19.96018164,-20.5,7.38e-06,514.0335085,1661.0,1834.43436,-11.3076855,1626.5085,-34.491455078125,1889.4211,54.98678257812503,-11.000913,0.30677283367919905
105,CC1=CC(C)=C1,CC1=CC(C)=C1,4,4,3.4e-05,4.15e-05,19.95351405,-21.5,1.26e-05,521.253441,1767.447863,1897.765406,-11.35299407,1624.2389,-143.2089713984376,1899.1438,1.3783928281250155,-11.128232,0.2247620677416986
106,CC1=CC(C)=C1C,CC1=CC(C)=C1C,4,4,4.39e-05,5.41e-05,19.94420233,-20.4,1.63e-05,496.6373236,1624.620517,1831.309223,-11.1627665,1660.5625,35.94198299999994,1950.7571,119.44785707812503,-11.08712,0.07564644384765629
107,CCC1=C(C)C(CC)=C1C,CCC1=C(C)C(CC)=C1C,4,4,1.92e-06,2.18e-06,20.00821467,-23.8,6.87e-07,695.1942756,1657.489249,1888.855518,-10.4948195,1727.5098,70.02051662500003,1999.853,110.99750934374993,-10.971765,-0.47694506451415997
108,CCC1=C(CC)C(CC)=C1CC,CCC1=C(CC)C(CC)=C1CC,4,4,7.31e-06,8.38e-06,19.98787256,-21.9,2.61e-06,552.1242831,1615.323615,2012.588848,-11.27667,1729.4402,114.11657054687498,1970.8035,-41.7853812031251,-10.953464,0.3232064456176751
109,CCC1=C(CC)C(CC)=C1CC,CCC1=C(CC)C(CC)=C1CC,4,4,3.85e-06,4.31e-06,19.99915099,-23.3,1.36e-06,597.6333342,1616.825718,2073.380511,-11.165541,1729.4402,112.61446754687495,1970.8035,-102.57704420312484,-10.953464,0.21207744561767505
110,CCC1=C(CC)C(CC)=C1CC,CCC1=C(CC)C(CC)=C1CC,4,4,3.97e-06,4.65e-06,19.99155519,-22.5,1.44e-06,575.2718153,1673.534999,2072.617353,-11.201665,1729.4402,55.90518654687503,1970.8035,-101.8138862031251,-10.953464,0.248201445617676
111,CCC1=C(CC)C(CC)=C1CC,CCC1=C(CC)C(CC)=C1CC,4,4,6.73e-07,7.86e-07,20.0072014,-23.5,2.41e-07,651.910793,1772.724402,2069.327171,-10.818975,1729.4402,-43.284216453125055,1970.8035,-98.52370420312491,-10.953464,-0.1344885543823242
112,CCC1=C(CC)C(CC)=C1CC,CCC1=C(CC)C(CC)=C1CC,4,4,1.87e-05,2.21e-05,19.96508667,-18.9,6.81e-06,492.2188858,1505.934079,1496.578802,-11.284383,1729.4402,223.5061065468749,1970.8035,474.224664796875,-10.953464,0.33091944561767583
113,C=C,C=C,2,2,0.00351032,0.003817987,19.60531087,-23.5,0.000122,813.4073228,1983.084423,1386.13277,-9.96994875,1428.6709,-554.4135245625,1472.3507,86.21793800781256,-10.504431,-0.5344820208740231
114,C=C,C=CC,2,2,0.000236422,0.000317109,19.90618345,-23.6,9.23e-05,570.3306003,1454.054596,1596.033064,-10.75102564,1487.9618,33.90719599218755,1666.7906,70.75758541406253,-10.943517,-0.1924910912622071
115,C=C,CC=CC,2,2,8.12e-05,0.000109319,19.839054,-20.8,3.18e-05,454.2235233,1461.977338,1484.930108,-10.777294,1735.1014,273.1241024296876,1877.4574,392.5272894609375,-10.925363,-0.14806858697509817
116,C=C,CC=C(C)C,2,2,2.64e-06,2.82e-06,19.99321509,-24.3,9.14e-07,638.925632,2184.307747,2253.37798,-11.200357,2059.5852,-124.72254192187484,2193.6257,-59.75224757812521,-10.968442,0.23191503680419956
118,C=CC,CC(C)=C(C)C,2,2,4.66e-05,5.69e-05,19.9686429,-22.7,1.72e-05,568.7068132,1366.705333,1924.271982,-11.397064,1779.2332,412.5278212968749,2081.2053,156.93334026562502,-11.247985,0.1490791138305667
119,C=C(C)C,CC(C)=C(C)C,2,2,7.09e-06,8.07e-06,19.99411549,-22.5,2.53e-06,582.4095353,1761.801622,2094.091613,-11.266466,1951.9573,190.15565339062505,2249.3225,155.23089676562495,-11.357317,-0.09085097082519589
120,CC=C(C)C,CC(C)=C(C)C,2,2,4.33e-06,4.81e-06,19.99747193,-22.8,1.53e-06,591.6998826,1908.608321,2231.963928,-11.3036285,2056.4246,147.81623954687507,2310.1694,78.20550559374988,-11.400277,-0.09664863775634736
121,CC(C)=C(C)C,CC(C)=C(C)C,2,2,4.31e-06,4.54e-06,19.99911421,-23.1,1.48e-06,596.2775377,1939.025774,2255.35484,-11.2927315,2018.7603,79.73447990625004,2206.152,-49.20274039062497,-11.213729,0.07900259527587927
122,C=CC,C=CC,2,2,4.25e-06,4.65e-06,19.99098189,-24.2,1.48e-06,622.9620548,1839.948004,2220.619912,-11.2027495,1873.4738,33.52575088281242,1893.5325,-327.0874412968751,-10.990672,0.212077388488769
123,C=CC,C=C(C)C,2,2,5.3e-07,6.33e-07,20.00112011,-23.2,2.03e-07,608.3318363,1950.055873,2189.865502,-11.232528,1848.5349,-101.52096089062502,2015.0433,-174.8221670390626,-11.114117,0.11841133129882842
124,C=C(C)C,C=C(C)C,2,2,2.71e-06,2.95e-06,19.99777219,-21.8,9.43e-07,561.8527141,1939.887565,2257.792121,-11.311649,2005.9634,66.07581390625,2141.1558,-116.63635928124995,-11.236476,0.07517305548095621
125,C=C(C)C,CC=C(C)C,2,2,3.97e-06,4.43e-06,19.99930523,-22.3,1.4e-06,578.8890967,1998.407652,2253.524031,-11.3076015,2024.331,25.9234026874999,2233.4973,-20.026716546874923,-11.325165,-0.017563294921874473
126,CC=C(C)C,CC=C(C)C,2,2,2.55e-06,2.74e-06,19.9992471,-22.7,8.84e-07,585.2922117,2031.273971,2257.792121,-11.27166,2117.8933,86.61933954687493,2289.573,31.780877046875048,-11.367302,-0.09564194091796807
127,CC=C(C)C,CC(C)=C(C)C,2,2,4.19e-06,4.62e-06,19.99885988,-22.9,1.47e-06,592.7993218,2054.013903,2253.524031,-11.3067415,2056.4246,2.4106575468749725,2310.1694,56.64540259375008,-11.400277,-0.09353563775634832
128,CC=CC,C=C,2,2,0.001599976,0.002388683,19.84294066,-24.2,0.000665,461.0075667,1774.352224,1257.139719,-10.5908345,1738.9459,-35.40630114843748,1705.9092,448.7694606875,-10.653986,-0.06315147717285186
129,CC=CC,C=CC,2,2,1.07e-05,1.27e-05,19.95721206,-23.7,3.9e-06,590.6521667,1681.42207,2037.883952,-11.3480665,1967.718,286.2959475781249,1972.5122,-65.37174496874991,-11.043802,0.30426423864746077
130,CC=CC,CC=CC,2,2,2.01e-07,3.42e-07,19.99886398,-26.2,8.3e-08,687.2633121,2451.241669,2010.542773,-10.9811145,2079.6594,-371.582245171875,2140.2961,129.7533695781251,-11.205903,-0.22478855328369107
131,CC=CC,CC=C(C)C,2,2,6.18e-07,7.24e-07,20.00287951,-23.6,2.17e-07,620.3066745,1868.636154,2160.191177,-11.096791,2035.9033,167.26716631249997,2221.0203,60.82908667187485,-11.253861,-0.15707042730712928
132,CC=C(C)C,CC=C(C)C,2,2,2.84e-06,3.12e-06,19.99784312,-22.6,9.91e-07,587.0987517,1969.863886,2257.792121,-11.317589,2117.8933,148.0294245468749,2289.573,31.780877046875048,-11.367302,-0.04971294091796885
133,CC(C)=C(C)C,CCC(C)=C(C)C,2,2,2.88e-06,3.03e-06,20.00030225,-23.3,9.84e-07,601.7939026,1986.788976,2259.622931,-11.301835,2013.3809,26.591883374999952,2175.002,-84.62097787499988,-11.165429,0.13640588470459036
134,CC(C)=C(C)C,CCC(CC)=C(C)C,2,2,1.16e-06,1.2e-06,20.00246974,-23.8,3.92e-07,609.4588461,2124.083581,2267.842159,-11.152052,2005.8958,-118.18782904687487,2147.5527,-120.28942462499981,-11.126233,0.02581889910888613
135,CC(C)=C(C)C,CCC(C)=C(CC)CC,2,2,1.16e-06,1.2e-06,20.0024,-23.8,3.92e-07,609.45318,2152.015379,2267.842159,-11.152052,1996.0884,-155.92700009374994,2122.2207,-145.6214558749998,-11.113659,0.038393094970702535
136,CC(C)=C(C)C,CCC(CC)=C(CC)CC,2,2,1.16e-06,1.2e-06,20.0024,-23.8,3.92e-07,609.45318,1626.597405,2085.867829,-10.9969905,1988.366,361.768561796875,2095.6987,9.830901468750199,-11.095931,-0.09894055316162031
137,CCC(CC)=C(CC)CC,CCC(C)=C(C)C,2,2,0.00140898,0.002063938,19.85318532,-19.1,0.000579,453.998769,1663.303845,1077.69859,-10.52992264,1811.7489,148.4450563671876,2042.8091,965.11049203125,-11.236995,-0.7070721033471674
138,CCC(CC)=C(C)C,CCC(CC)=C(CC)CC,2,2,6.85e-06,7.72e-06,19.99333266,-23.8,2.43e-06,597.4958916,1878.881101,2169.35575,-11.2985505,1867.7352,-11.145871507812444,2009.2401,-160.11563769531267,-11.159831,0.1387194529418938
139,CCC(CC)=C(C)C,CCC(CC)=C(CC)CC,2,2,7.34e-06,8.24e-06,19.9828176,-24.8,2.6e-06,602.1678852,1561.956372,2000.827371,-11.2248515,1867.7352,305.7788574921874,2009.2401,8.412741304687415,-11.159831,0.06502045294189429
140,CCC(CC)=C(CC)CC,CCC(CC)=C(CC)CC,2,2,0.000608091,0.000859004,19.89935359,-17.1,0.000245,368.5983281,1396.340368,1224.040071,-11.0317435,1807.652,411.3116095390626,1981.362,757.3219895468751,-11.197249,-0.16550591253662184
141,CCC(CC)=C(CC)CC,CCC(CC)=C(CC)C(C)C,2,2,0.001139412,0.001650987,19.86197681,-17.3,0.000465,356.3642692,1404.106361,1105.017465,-10.803714,1796.6918,392.5854114609374,1915.1958,810.1783357812501,-11.122744,-0.31902960656738344
142,CCC(CC)=C(CC)CC,CCC(=C(CC)C(C)C)C(C)C,2,2,0.000394309,0.000526675,19.93555005,-20.8,0.000153,449.4534594,1341.292674,1507.233552,-10.8942175,1760.8969,419.60417658593747,1863.1681,355.9345388203126,-11.098087,-0.20386981079101574
143,CCC(CC)=C(CC)CC,CCC(=C(C(C)C)C(C)C)C(C)C,2,2,0.000393892,0.000526084,19.93553652,-20.8,0.000153,449.8250478,1414.898316,1507.233552,-10.8942975,1722.6083,307.7099603671875,1826.5011,319.2675466328126,-11.10132,-0.2070227667236324
144,CCC(CC)=C(CC)CC,CC(C)C(=C(C(C)C)C(C)C)C(C)C,2,2,0.000324308,0.000420995,19.95118013,-22.6,0.000124,506.164434,1458.502739,1518.754215,-10.9231295,1693.7938,235.29108424218748,1808.2058,289.45159554687507,-11.118498,-0.19536834851074225
145,CCC(CC)=C(CC)C(C)C,CC(C)C(=C(C(C)C)C(C)C)C(C)C,2,2,0.000957734,0.001333635,19.91187516,-19.8,0.000382,432.7496999,1527.773793,1421.707517,-10.88493,1646.4921,118.71827242968743,1795.0098,373.30224862499995,-11.15123,-0.26629985839843684
146,CCC(CC)=C(C(C)C)C(C)C,CC(C)C(=C(C(C)C)C(C)C)C(C)C,2,2,0.000638785,0.000885721,19.90264214,-20.6,0.000254,455.9623884,1571.96748,1461.274656,-10.84684564,1605.2617,33.29423874999998,1781.3077,320.03308325781245,-11.187725,-0.34087942713867214
147,CCC(=C(C(C)C)C(C)C)C(C)C,CC(C)C(=C(C(C)C)C(C)C)C(C)C,2,2,0.001091991,0.001527437,19.91172003,-19.9,0.000437,430.4175761,1610.797836,1461.702004,-10.8563925,1558.9679,-51.82994049218746,1764.0417,302.339744046875,-11.216143,-0.3597501544189452
148,CC(C)C(=C(C(C)C)C(C)C)C(C)C,CC(C)C(=C(C(C)C)C(C)C)C(C)C,2,2,0.000522669,0.000693435,19.94269071,-21.9,0.000203,473.2495398,1926.942692,1633.307055,-10.970236,1520.0293,-406.9133951250001,1752.2958,118.98872136718751,-11.254252,-0.2840164337768556
149,CC(C)=C(C)C,CCC(C)=C(C)CC,2,2,1.54e-06,1.55e-06,20.00250384,-23.7,5.15e-07,614.1652794,2154.89507,2267.129976,-11.109849,2005.0166,-149.87846843750003,2147.9595,-119.17050334375017,-11.127578,-0.017728781677245564
150,CCC(C)=C(C)C,CCC(C)=C(C)CC,2,2,2.74e-06,2.83e-06,20.00191989,-23.3,9.28e-07,601.1509832,2118.206499,2262.624089,-11.30354,1941.8533,-176.3532275156249,2094.9634,-167.6607100937499,-11.155194,0.14834571746826164
151,CCC(C)=C(C)CC,CCC(CC)=C(C)C,2,2,3.62e-06,3.8e-06,19.9994098,-23.0,1.23e-06,593.8706427,2080.931357,2257.792121,-11.29529,1878.9976,-201.93379840624993,2053.7964,-203.99573428124995,-11.180336,0.11495400146484336
152,CCC(C)=C(C)CC,CCC(C)=C(CC)CC,2,2,1.9e-06,1.97e-06,20.00058121,-23.3,6.47e-07,598.1225778,2109.948082,2265.559413,-11.132269,1875.148,-234.80013278124989,2031.6923,-233.86715225781245,-11.171218,-0.038948918395995236
153,CCC(C)=C(C)CC,CCC(CC)=C(CC)CC,2,2,3.42e-06,3.68e-06,19.9999462,-23.3,1.18e-06,593.2974397,2094.12196,2257.792121,-11.309319,1866.1125,-228.00941117187494,2007.3652,-250.42688662499995,-11.158484,0.1508345410766605
154,CCC(C)=C(CC)CC,CCC(CC)=C(CC)CC,2,2,2.46e-06,2.69e-06,20.0004303,-24.1,8.58e-07,615.6675526,2171.863191,2260.277083,-11.249646,1830.9905,-340.8727124843749,1989.5693,-270.70774706249995,-11.179375,0.0702713051757815
155,CCC(CC)=C(CC)CC,CCC(CC)=C(CC)CC,2,2,2.37e-05,3.18e-05,19.9537249,-19.4,9.25e-06,446.022484,1287.0,1495.799223,-11.25147707,1807.652,520.6519775390625,1981.362,485.562837546875,-11.197249,0.054227657463378875
156,CCC(C)=C(C)CC,CCC(C)=C(C)CC,2,2,2.33e-06,2.36e-06,20.00103474,-23.3,7.79e-07,589.3971226,2102.737297,2261.295118,-11.216791,1878.567,-224.17028039843763,2054.617,-206.678174640625,-11.180697,0.0360935588989264
157,CCC(C)=C(C)C(C)C,CCC(C)=C(C)CC,2,2,9.3e-06,1.06e-05,19.99234085,-23.0,3.31e-06,572.646682,1788.014005,2083.38832,-11.4579745,1812.6881,24.674105351562503,2023.1443,-60.24403289062502,-11.21964,0.23833472186279359
158,CCC(C)=C(C)C(C)C,CCC(C)=C(C)C(C)C,2,2,6.73e-07,8.3e-07,20.00406275,-27.0,2.43e-07,665.0467995,2116.962707,2206.609902,-10.944629,1808.104,-308.85870309375014,1978.0802,-228.52970180468765,-11.179412,-0.23478288812255776
159,CCC(C)=C(C)C(C)C,CC(=C(C)C(C)C)C(C)C,2,2,7.2e-06,7.61e-06,19.99255404,-23.0,2.47e-06,574.7695442,1789.714815,2076.154777,-11.2768035,1792.2129,2.498075624999956,1912.6226,-163.5322184062502,-11.110593,0.16621065789794898
160,CC(=C(C)C(C)C)C(C)C,CC(=C(C)C(C)C)C(C)C,2,2,1.76e-05,1.99e-05,19.98182417,-23.5,6.24e-06,586.3393336,2066.755767,2109.315387,-11.5939945,1733.0375,-333.7182914140626,1893.72,-215.5954162968751,-11.161933,0.432061554748536
161,CCC(=C(C)C(C)C)C(C)C,CC(=C(C)C(C)C)C(C)C,2,2,1.09e-05,1.2e-05,19.99032795,-23.9,3.82e-06,605.399509,1869.634904,2181.968443,-11.5175845,1697.3655,-172.269425484375,1883.8116,-298.1567974921877,-11.193384,0.32420032946777333
162,CC(=C(C)C(C)C)C(C)C,CCC(=C(CC)C(C)C)C(C)C,2,2,3.17e-06,3.39e-06,19.99971437,-24.0,1.09e-06,585.060608,1891.933,2231.004516,-11.287581,1708.6711,-183.261857421875,1845.113,-385.89147889062497,-11.137572,0.15000871148681583
163,CC(=C(C)C(C)C)C(C)C,CCC(=C(C(C)C)C(C)C)C(C)C,2,2,3.76e-06,4.1e-06,20.00068289,-23.9,1.31e-06,576.2232763,1899.374375,2238.957866,-11.2964385,1670.1256,-229.2487646484376,1811.3804,-427.5774949062502,-11.142292,0.1541464772949226
164,CCC(=C(C)C(C)C)C(C)C,CCC(=C(C(C)C)C(C)C)C(C)C,2,2,3.41e-06,3.89e-06,19.9986966,-26.5,1.22e-06,640.9645441,2076.235314,2258.978298,-11.146403,1648.0259,-428.20943509375,1802.6951,-456.283229640625,-11.162526,-0.016123130676270137
165,CCC(=C(CC)C(C)C)C(C)C,CCC(=C(C(C)C)C(C)C)C(C)C,2,2,1.92e-05,2.39e-05,19.95703424,-23.0,7.18e-06,537.1138846,1435.044386,1925.430781,-11.419245,1622.4062,187.36186399999997,1791.6917,-133.73913060937502,-11.178944,0.24030136596679696
166,CCC(=C(C(C)C)C(C)C)C(C)C,CCC(=C(C(C)C)C(C)C)C(C)C,2,2,0.000252216,0.000326881,19.95467781,-20.8,9.65e-05,455.7305855,1282.09189,1495.326355,-10.74995,1572.3914,290.2994674218751,1773.2224,277.8960571093751,-11.214645,-0.4646953857421874
167,CCC(=C(C(C)C)C(C)C)C(C)C,CC(C)C(=C(C(C)C)C(C)C)C(C)C,2,2,6.57e-06,7.8e-06,20.00012865,-27.5,2.39e-06,664.5912547,1897.0,2197.515404,-11.0676515,1558.9679,-338.0321044921875,1764.0417,-433.4736559531252,-11.216143,-0.14849115441894511
168,CCC(=C(C(C)C)C(C)C)C(C)C,CC(C)C(=C(C(C)C)C(C)C)C(C)C,2,2,6.97e-05,8.54e-05,19.96545283,-20.2,2.58e-05,435.0109236,1245.0,1690.838326,-11.264173,1558.9679,313.9678955078125,1764.0417,73.20342204687495,-11.216143,0.048030345581054235
169,CCC(=C(C(C)C)C(C)C)C(C)C,CC(C)C(=C(C(C)(C)C)C(C)(C)C)C(C)C,2,2,2.85e-05,3.37e-05,19.97132424,-19.6,1.04e-05,419.5169234,1269.801895,1698.621935,-11.292654,1516.0754,246.27354445312494,1733.3053,34.683362851562606,-11.234284,0.05836959906005923
170,CC(C)=C(C)C,CC(C)C(=C(C(C)(C)C)C(C)(C)C)C(C)C,2,2,2.38e-05,2.84e-05,19.9798771,-23.6,8.7e-06,577.4559153,1791.174259,1993.034381,-11.4779605,1866.5433,75.36907596093761,1982.5138,-10.52058705468744,-11.09896,0.37900057720947267
171,C1=CC=C1,C1=CCC=C1,4,5,2.34e-05,2.96e-05,19.96870825,-17.0,8.83e-06,611.9243185,1247.405834,1584.398861,-11.407633,1310.8391,63.43327732812509,1488.0499,-96.3489342421874,-11.324382,0.08325117169189511
172,C1=CC=C1,CC1=CC=CC1,4,5,7.47e-05,9.68e-05,19.93748942,-16.2,2.86e-05,468.6315379,1313.34073,1467.333683,-11.32478,1347.7775,34.436735820312606,1522.19,54.856258406249935,-11.252415,0.07236529663085989
173,C1=CC=C1,CC1=CC=CC1C,4,5,4.31e-05,5.58e-05,19.94801415,-16.8,1.65e-05,497.4226065,1426.827837,1538.835524,-11.348467,1358.5928,-68.23506356250005,1531.6472,-7.188307203125078,-11.22865,0.11981690692138613
174,C1=CC=C1,CC1=CC=C(C)C1C,4,5,5.14e-05,6.52e-05,19.95373566,-17.2,1.94e-05,507.5171293,1456.631528,1499.975228,-11.341598,1346.6893,-109.94219694531239,1527.325,27.349723171874984,-11.259169,0.08242937512206971
175,C1=CC=C1,CC1=CC(C)=C(C)C1C,4,5,4.84e-05,6.12e-05,19.96035394,-18.1,1.83e-05,528.7395179,1418.844204,1494.320167,-11.321112,1356.766,-62.07821278906249,1550.164,55.84377342968742,-11.352564,-0.031451858032227165
176,C1=CC=C1,CC1=C(C)C(C)C(C)=C1C,4,5,4.26e-06,4.79e-06,19.96991102,-18.5,1.51e-06,542.4003977,1469.878791,1733.598884,-11.265332,1362.7208,-107.15796580468759,1567.6351,-165.9637521640625,-11.408635,-0.14330313946533124
177,CC1=CC=C1,CC1=C(C)C(C)C(C)=C1C,4,5,6.77e-06,7.94e-06,19.97056338,-19.2,2.45e-06,569.2445535,1412.764935,1688.852497,-11.1780585,1317.6637,-95.10123871093742,1463.5166,-225.33589543750008,-11.222996,-0.04493725805664006
178,CC1=C(C)C=C1,CC1=C(C)C(C)C(C)=C1C,4,5,1.49e-05,1.87e-05,19.94522865,-17.1,5.6e-06,485.7133523,1536.910116,1564.754615,-11.3445955,1274.8723,-262.037801546875,1415.4229,-149.33176343750006,-11.161553,0.18304211712646534
179,CC1=CC(C)=C1C,CC1=C(C)C(C)C(C)=C1C,4,5,0.000403265,0.000566466,19.78225753,-16.4,0.000162,442.0309149,1494.25212,1102.284406,-10.384149,1280.849,-213.4031209765626,1471.6671,369.3827082578125,-11.215762,-0.8316131383666985
180,CC1=C(C)C(C)=C1C,CC1=C(C)C(C)C(C)=C1C,4,5,4.13e-05,5.31e-05,19.95180475,-19.2,1.57e-05,561.0543596,1390.944147,1608.047106,-11.294615,1323.0531,-67.89104641406243,1550.5438,-57.503282757812485,-11.229694,0.06492063354492217
181,CC1=CC=C1,C1=CCC=C1,4,5,3.26e-05,3.96e-05,19.96612405,-10.9,1.2e-05,445.6560882,1321.51674,1398.651779,-11.2602725,1227.5743,-93.94239917968753,1314.6663,-83.98551923437503,-11.031251,0.22902154632568283
182,CC1=C(C)C=C1,C1=CCC=C1,4,5,9.28e-05,0.000109664,19.96708679,-13.3,3.37e-05,449.2400004,1261.830132,1218.870906,-11.02705,1175.4739,-86.35625504687505,1234.573,15.702092046874895,-10.909763,0.1172866638183585
183,CC1=CC(C)=C1C,C1=CCC=C1,4,5,0.000379034,0.00049574,19.9277801,-11.7,0.000146,279.8932962,804.6743866,990.7595417,-10.57341175,1191.6953,387.02092589999995,1279.4119,288.652323534375,-10.956945,-0.38353366931152344
184,CC1=C(C)C(C)=C1C,C1=CCC=C1,4,5,5.85e-05,7.82e-05,19.90816702,-17.4,2.28e-05,498.8598863,1166.853524,1417.697235,-11.1179625,1270.8143,103.9608070546874,1446.6342,28.93692027343741,-11.190542,-0.07257972106933508
185,CC1=C(C)C(C)=C1C,CC1=CC=CC1,4,5,3.82e-05,4.94e-05,19.91605734,-17.6,1.46e-05,503.9498743,1175.566787,1482.803032,-11.2548315,1309.1189,133.55210948437502,1502.827,20.02399436718747,-11.219779,0.035052485412597534
186,CC1=C(C)C(C)=C1C,CC1=CC=CC1C,4,5,0.000113557,0.000149985,19.92790148,-17.9,4.39e-05,522.4051585,1204.16118,1329.624552,-11.210813,1319.1206,114.95942546874994,1516.0824,186.4578454609375,-11.195293,0.015519573486328042
187,CC1=C(C)C(C)=C1C,CC1=CC=C(C)C1C,4,5,7.73e-05,0.000102095,19.92978064,-18.1,2.99e-05,521.3924134,1205.391769,1410.10019,-11.2554715,1302.111,96.71919291406243,1498.0918,87.99160687499989,-11.160553,0.09491852148437552
188,CC1=C(C)C(C)=C1C,CC1=CC(C)=C(C)C1C,4,5,3.72e-05,4.83e-05,19.95149261,-19.0,1.42e-05,557.7291451,1280.653148,1574.274898,-11.301101,1312.8695,32.2163588359374,1524.9199,-49.354976124999894,-11.183961,0.11714008538818277
189,CC1=C(C)C(C)=C1C,CC1=C(C)C(C)C(C)=C1C,4,5,4.28e-05,5.5e-05,19.95225157,-19.2,1.63e-05,565.1148891,1295.109494,1598.686825,-11.279275,1323.0531,27.94360658593746,1550.5438,-48.1430017578125,-11.229694,0.04958063354492204
190,CC1=CC=C1,CC1=CC=CC1,4,5,7.73e-05,0.000102095,19.92978064,-18.1,2.99e-05,521.3924134,1205.391769,1410.10019,-11.2554715,1266.021,60.62922709374993,1371.2424,-38.85775835937511,-11.078231,0.17724064215087942
191,CC1=CC=C1,CC1=CC=CC1C,4,5,5.85e-05,7.82e-05,19.90816702,-17.4,2.28e-05,498.8598863,1166.853524,1417.697235,-11.1179625,1276.8196,109.9660560781249,1388.328,-29.36923207031259,-11.075043,0.04291977539062586
192,CC1=CC=C1,CC1=CC(C)=C(C)C1,4,5,9.45e-05,0.000122362,19.86584943,-16.5,3.61e-05,461.0960547,1386.448932,1215.088627,-10.854006,1284.2673,-102.18159801562501,1396.8359,181.7473104999999,-11.118751,-0.2647445722045898
193,CC1=CC(C)=C1,CC1=CC(C)=C(C)C1,4,5,9.68e-05,0.000123633,19.86154315,-17.5,3.67e-05,502.389547,1220.988513,1181.726614,-10.849794,1238.2606,17.27210711718749,1324.2625,142.53583717187507,-11.018399,-0.1686052385864265
194,CC1=CC(C)=C1,CC1=CC(C)=C(C)C1C,4,5,8.74e-05,0.000110344,19.86635769,-17.8,3.3e-05,514.5374616,1273.778991,1181.954099,-10.864847,1263.039,-10.740050570312405,1371.6781,189.72400158593746,-11.075791,-0.21094435894775465
195,CC1=CC(C)=C1,CC1=C(C)C(C)C(C)=C1C,4,5,1.15e-05,5.55e-05,19.89764,-17.9,4.5e-05,512.4466186,1281.480017,1427.537603,-11.1439205,1270.2048,-11.275183015625089,1407.5071,-20.03052292187499,-11.153738,-0.00981752185058582
196,CC1=CC(C)=C1C,CC1=C(C)C(C)C(C)=C1C,4,5,4.79e-05,7.18e-05,19.8791073,-16.7,5.75e-05,454.5172647,1275.482568,1244.392315,-11.012525,1280.849,5.366431023437599,1471.6671,227.27479925781245,-11.215762,-0.2032371383666991
197,CC1=CC=C1,CC1=CC=C(C)C1,4,5,1.91e-05,2.58e-05,19.88631724,-15.8,7.48e-05,431.0117099,1214.261199,1342.893297,-11.103229,1266.6471,52.38589572656247,1375.5127,32.619398312499925,-11.072587,0.030641986755371775
198,CC1=CC(C)=C1,CC1=CC=C(C)C1,4,5,8.97e-05,0.000178732,19.8931951,-17.4,5.25e-05,501.2115602,1247.676936,1276.128505,-10.9345305,1221.338,-26.33892330468757,1304.03,27.901524296875095,-10.973968,-0.03943705218505933
199,CC1=CC(C)=C1,CC1=C(C)C(C)C(C)=C1C,4,5,8.97e-05,0.000114361,19.8796185,-17.9,3.4e-05,511.3443334,1276.954654,1173.889989,-11.024483,1270.2048,-6.749820015624891,1407.5071,233.617091078125,-11.153738,-0.1292550218505859
200,CC1=CC=C1,CC1=CC=C(C)C1C,4,5,8.74e-05,9.33e-05,19.88674268,-9.2,0.000113,406.9172073,1261.169186,1097.765432,-10.8845995,1287.4806,26.31140482031242,1400.5968,302.8313697578126,-11.100536,-0.21593684643554667
201,CC1=CC(C)=C1,CC1=CC=C(C)C1C,4,5,8.93e-05,0.000365219,19.95427866,-11.2,0.000109,402.0855942,1229.643514,1141.765739,-10.858901,1245.6182,15.974650062499904,1332.8284,191.06263014062506,-11.006715,-0.14781382086181694
202,CC1=CC(C)=C1C,CC1=CC=C(C)C1C,4,5,5.76e-05,4.9e-06,19.93813587,-11.7,9.37e-05,269.8531994,836.9167127,1192.289702,-10.49142,1252.9701,416.05338007343755,1386.0374,193.74765151562497,-11.062216,-0.5707958050537112
203,CC1=C(C)C(C)=C1C,CC1=CC=C(C)C1C,4,5,7.8e-05,0.00010282,19.93179808,-18.3,3.01e-05,529.4422197,1225.068635,1417.686189,-11.246084,1302.111,77.04232691406241,1498.0918,80.40560787499999,-11.160553,0.08553102148437475
204,C1=CC=C1,C1CCC1,4,5,2.23e-05,2.64e-05,19.94283836,-14.8,8.12e-06,450.8889367,1108.733431,1425.132559,-11.31251,1199.101,90.36752114843739,1408.6555,-16.4770414218749,-11.415677,-0.10316707061767616
205,CC1=CC=C1,CCC1=CC=CC1,4,5,6.38e-05,7.64e-05,19.93526459,-12.6,2.34e-05,410.4502372,1292.589733,1336.923776,-11.193716,1275.722,-16.867687101562524,1391.7231,54.79936853124991,-11.0857525,0.10796351281738303
206,CC1=C(C)C=C1,CCC1=CC=CC1,4,5,3.95e-05,4.69e-05,19.97006744,-12.6,1.44e-05,416.8206544,1278.565864,1353.484658,-11.249315,1231.7977,-46.76813450781242,1330.0151,-23.46952128125008,-10.993833,0.2554824118041985
207,CC1=CC(C)=C1C,CCC1=CC=CC1,4,5,1.36e-06,1.88e-05,19.93255056,-11.9,0.000213,483.1504777,1250.75292,1384.783429,-10.978871,1239.3743,-11.378652421874904,1366.9353,-17.84812626562507,-11.025745,-0.0468743918457033
208,CC1=C(C)C(C)=C1C,CCC1=CC=CC1,4,5,6.06e-05,8.14e-05,19.91884352,-17.7,2.37e-05,507.9946294,1182.478658,1439.083647,-11.282666,1325.7466,143.26792403125,1526.5168,87.43319870312507,-11.215291,0.06737497674560622
209,CC1=C(C)C(C)=C1C,CCC1=CC=CC1C,4,5,6.89e-05,9.47e-05,19.91760146,-17.3,2.73e-05,515.9506923,1328.32788,1483.213428,-11.258716,1329.2227,0.8947762499999499,1527.7587,44.54523899218748,-11.182009,0.07670725671386691
210,CC1=C(C)C(C)=C1C,CCC1=C(C)C=CC1C,4,5,7.4e-05,9.8e-05,19.92757486,-18.1,2.87e-05,524.7021315,1214.474216,1409.951825,-11.2592215,1316.4313,101.95705841406243,1525.6497,115.6978332031249,-11.165137,0.09408420904541082
211,CC1=C(C)C(C)=C1C,CCC1=C(C)C=C(C)C1C,4,5,6.19e-05,8.12e-05,19.94000019,-18.9,2.39e-05,552.1879871,1263.966613,1499.89832,-11.2178525,1324.9816,61.01495438281245,1542.6606,42.76232453124999,-11.184001,0.03385153106689387
212,CC1=C(C)C(C)=C1C,CCC1=C(C)C(C)=C(C)C1C,4,5,3.94e-05,5.07e-05,19.95013343,-19.3,1.5e-05,563.5528627,1300.986001,1598.686825,-11.2693,1328.2794,27.293417945312513,1568.1292,-30.557674609375,-11.2491665,0.02013351135253849
213,CC1=C(C)C(C)=C1C,CCC1=C(C)C(C)=C(C)C1CC,4,5,2.53e-05,3.35e-05,19.95061113,-19.3,9.8e-06,568.8434401,1302.913204,1598.686825,-11.29474807,1334.4901,31.57690830468755,1586.3838,-12.303035937499999,-11.27396,0.02078795647461007
214,CC1=C(C)C(C)=C1C,CCC1=C(CC)C(C)C(CC)=C1C,4,5,3.67e-05,4.73e-05,19.95201554,-19.4,1.4e-05,567.6274951,1305.460746,1598.497149,-11.316707,1329.4323,23.971504976562528,1586.9773,-11.519854078125036,-11.288783,0.027923926574706215
215,C1=CC=C1,CCC1=CC=CC1CC,4,5,7.28e-06,8.81e-06,19.99192823,-18.8,2.68e-06,701.4799798,1252.579523,1425.563391,-10.7466265,1378.3376,125.75812348437489,1540.5629,114.99947521093759,-11.176583,-0.429956790100098
216,CC1=CC=C1,CCC1=CC=CC1CC,4,5,3.03e-05,3.84e-05,19.95783224,-17.7,1.14e-05,543.1114213,1200.329769,1582.831509,-11.417146,1307.0073,106.67755521875006,1435.7849,-147.0465968906251,-11.113561,0.30358532342529365
217,CC1=C(C)C=C1,CCC1=CC=CC1CC,4,5,1.31e-05,1.47e-05,19.97595181,-12.8,4.63e-06,422.3035367,1291.001222,1474.296769,-11.261448,1269.7562,-21.244996414062598,1381.3997,-92.89711079687504,-11.038644,0.22280416302490202
218,CC1=CC(C)=C1C,CCC1=CC=CC1CC,4,5,3.48e-05,4.21e-05,19.93628876,-13.2,1.28e-05,467.0619704,1272.056737,1352.560758,-11.190499,1272.5128,0.45608038281238805,1414.0996,61.53885137499992,-11.062806,0.12769287054443446
219,CC1=C(C)C(C)=C1C,CCC1=CC=CC1CC,4,5,5.03e-05,6.72e-05,19.92655574,-18.2,1.96e-05,529.7242373,1219.249821,1436.470866,-11.2629565,1338.8296,119.57976884374989,1540.6162,104.14534493750011,-11.172453,0.0905035733642574
220,CC1=C(C)C(C)=C1C,CCC1=CC(C)=CC1CC,4,5,5.32e-05,7.08e-05,19.93564331,-18.7,2.07e-05,543.8095376,1245.494993,1499.89832,-11.2004425,1330.1923,84.69726774218748,1548.7428,48.84447785156249,-11.162159,0.03828353393554629
221,CC1=C(C)C(C)=C1C,CCC1=CC(C)=C(C)C1CC,4,5,5.35e-05,7.03e-05,19.94025193,-18.9,2.06e-05,554.6377194,1267.509331,1499.89832,-11.2113625,1333.2494,65.74005864843753,1562.5472,62.64892121093749,-11.190503,0.020859379577636616
222,CC1=C(C)C(C)=C1C,CCC1=C(C)C(C)=C(C)C1CC,4,5,3.8e-05,4.87e-05,19.9514021,-19.4,1.45e-05,566.5469918,1307.702368,1598.497149,-11.28941,1334.4901,26.78774430468752,1586.3838,-12.113359937500036,-11.27396,0.015449886474609542
223,CCC1=C(C)C(CC)=C1C,CC1=C(C)C(C)C(C(C)C)=C1C,4,5,5.92e-05,7.53e-05,19.94700802,-17.1,2.24e-05,528.6929038,1172.038747,1445.452527,-11.293608,1309.328,137.28925592968744,1580.5688,135.11632065625008,-11.226316,0.06729154797363357
224,CCC1=C(CC)C(CC)=C1CC,CC1=C(C)C(C)C(C(C)C)=C1C,4,5,1.67e-05,2.02e-05,19.98199901,-18.3,6.16e-06,584.1570281,1246.044421,1557.263144,-11.415154,1325.257,79.21253700781244,1616.4203,59.15714408593749,-11.249783,0.16537143774413998
225,CC1=C(C)C(C)=C1C,CCC1=C(CC)C(CC)C(CC)=C1CC,4,5,3.14e-05,4.01e-05,19.95533722,-19.7,1.19e-05,582.9265485,1327.495201,1870.225626,-11.39434757,1333.267,5.771766773437548,1610.3904,-259.8352451406249,-11.320561,0.07378616100341873
226,CCC1=C(C)C(C)=C1C,CCC1=C(CC)C(CC)C(CC)=C1CC,4,5,6.95e-06,8.52e-06,19.96596179,-19.6,2.58e-06,595.6285825,1327.470964,1955.00683,-11.259693,1332.267,4.7960037734374055,1623.721,-331.28588273437504,-11.313572,-0.05387892993164023
227,CCC1=C(C)C(CC)=C1C,CCC1=C(CC)C(CC)C(CC)=C1CC,4,5,1.26e-05,1.64e-05,19.95704592,-18.7,4.83e-06,574.7276567,1275.765488,1643.144938,-11.317434,1329.607,53.841567664062495,1633.5269,-9.618082531249911,-11.288129,0.029305147155762157
228,CCC1=C(C)C(CC)=C1CC,CCC1=C(CC)C(CC)C(CC)=C1CC,4,5,3.04e-05,3.88e-05,19.95468514,-18.6,1.15e-05,576.4595171,1273.45284,1557.840857,-11.30429457,1328.1259,54.673014492187576,1643.4949,85.65401604687509,-11.26715,0.037144644768066115
229,CCC1=C(CC)C(CC)=C1CC,CCC1=C(CC)C(CC)C(CC)=C1CC,4,5,6.99e-06,9.26e-06,19.95587736,-18.8,2.71e-06,583.6301787,1288.477155,1675.16244,-11.25246957,1341.9733,53.49611160156246,1664.9728,-10.18966167968756,-11.281443,-0.028973072211913475
230,CCC1=C(C)C(C)=C1C,CCC1=C(CC)C(CC)C(C(C)C)=C1CC,4,5,2.07e-05,2.54e-05,19.97907095,-18.3,7.68e-06,615.0975607,1251.819142,1558.212977,-11.350385,1311.0172,59.198069914062444,1598.2686,40.05557768750009,-11.297457,0.05292825866699147
231,CCC1=C(CC)C(C)=C1C,CCC1=C(CC)C(CC)C(C(C)C)=C1CC,4,5,7.59e-06,8.88e-06,19.99539326,-15.8,2.74e-06,471.3185497,1280.057187,1615.224307,-11.345747,1306.0085,25.951357921874887,1607.8744,-7.349917351562453,-11.271527,0.07421970965576108
232,CCC1=C(C)C(CC)=C1CC,CCC1=C(CC)C(CC)C(C(C)C)=C1CC,4,5,1.12e-05,1.26e-05,19.98927269,-16.7,3.96e-06,525.8959696,1366.91926,1630.1882,-11.449993,1305.1547,-61.764596914062395,1620.848,-9.340177539062552,-11.267544,0.18244920727538982
233,CCC1=C(CC)C(CC)=C1CC,CCC1=C(CC)C(CC)C(C(C)C)=C1CC,4,5,1.79e-05,1.96e-05,19.98900883,-15.5,6.24e-06,438.6482934,1253.543767,1482.417094,-11.394461,1322.1721,68.62835214062511,1643.587,161.1699421328126,-11.284859,0.10960229638671848
234,CCC1=C(CC)C(CC)=C1CC,CCC1=C(C)C(C)=C(C)C1C,4,5,1.43e-05,1.75e-05,19.94144088,-18.7,5.3e-06,561.7161777,1253.03869,1601.785879,-11.28484057,1334.7648,81.72608050781241,1620.7415,18.955576078124977,-11.246255,0.038585649040527414
235,CCC1=C(CC)C(CC)=C1CC,CCC1=C(C)C(C)=C(C)C1CC,4,5,3.5e-05,4.76e-05,19.94469781,-18.0,1.38e-05,547.8446774,1227.036698,1554.999752,-11.3577445,1340.8566,113.81986938281261,1638.3036,83.30383686718756,-11.2464695,0.11127500231933674
236,CCC1=C(CC)C(CC)=C1CC,CCC1=C(C)C(C)=C(CC)C1CC,4,5,3.92e-05,4.88e-05,19.94420142,-18.1,1.47e-05,565.9080375,1253.725505,1554.999752,-11.3512415,1351.1241,97.39864050781239,1661.8445,106.84473042187506,-11.257894,0.0933479376831059
237,CCC1=C(CC)C(CC)=C1CC,CCC1=C(CC)C(CC)C(CC)=C1C,4,5,1.9e-05,2.31e-05,19.95638301,-18.1,7.02e-06,575.0539994,1224.342499,1556.15855,-11.364547,1346.4834,122.14089943749991,1663.8348,107.6762888671874,-11.270248,0.09429858691406245
238,CCC1=C(CC)C(CC)=C1CC,CCC1=C(CC)C(CC)C(CC)=C1CC,4,5,9.27e-06,1.19e-05,19.97777025,-18.7,3.53e-06,623.7334449,1269.695511,1659.902418,-11.21626,1341.9733,72.2777556015626,1664.9728,5.070360320312602,-11.281443,-0.06518264221191394
239,CCC1=C(CC)C(CC)=C1CC,CCC1=C(CC)C(CC)C(C(C)C)=C1CC,4,5,2.07e-05,2.51e-05,19.98037813,-18.8,7.63e-06,632.0222436,1142.415983,1566.583094,-11.304433,1322.1721,179.7561361406249,1643.587,77.00394213281243,-11.284859,0.01957429638671826
240,CCC1=C(CC)C(CC)=C1CC,CCC1=C(CC)C(CC)C(C(C)C)=C1C(C)C,4,5,1.92e-05,2.32e-05,19.9810457,-18.7,7.06e-06,633.8761885,1397.447074,1606.122325,-11.277134,1298.7439,-98.70317751562493,1613.3153,7.192982617187454,-11.280032,-0.0028981578979490052
241,CCC1=C(CC)C(CC)=C1CC,CCC1=C(CC)C(C(C)C)C(C(C)C)=C1C(C)C,4,5,1.82e-05,2.28e-05,19.97581379,-18.6,6.83e-06,615.5343715,1263.518314,1560.826598,-11.278802,1280.6324,17.11413228906258,1589.5869,28.760316062499896,-11.281195,-0.002392686889647777
242,CCC1=C(CC)C(CC)=C1CC,CCC1=C(C(C)C)C(C(C)C)=C(C(C)C)C1C(C)C,4,5,1.94e-05,2.45e-05,19.97533108,-18.7,7.31e-06,616.7240394,1270.201895,1560.826598,-11.272096,1275.1017,4.899789570312578,1574.2706,13.444031882812396,-11.281342,-0.00924555273437555
243,CCC1=C(CC)C(CC)=C1CC,CC(C)C1=C(C(C)C)C(C(C)C)C(C(C)C)=C1C(C)C,4,5,1.75e-05,2.24e-05,19.97704704,-18.8,6.66e-06,623.1316301,1280.222151,1595.65745,-11.299127,1269.0632,-11.15891857812494,1569.2152,-26.442240039062426,-11.290132,0.008995431091308959
244,CCC1=C(CC)C(C(C)C)=C1CC,CC(C)C1=C(C(C)C)C(C(C)C)C(C(C)C)=C1C(C)C,4,5,1.12e-05,1.43e-05,19.98061242,-18.9,4.24e-06,628.7404288,1284.677792,1678.560321,-11.329486,1277.3279,-7.349911140624954,1594.7333,-83.82704463281243,-11.333564,-0.004077804626465564
245,CCC1=C(C(C)C)C(C(C)C)=C1CC,CC(C)C1=C(C(C)C)C(C(C)C)C(C(C)C)=C1C(C)C,4,5,1.32e-05,1.58e-05,19.98315408,-18.9,4.83e-06,632.5039007,1282.827333,1678.560321,-11.307771,1294.5466,11.719297859375047,1617.1072,-61.45314326562493,-11.3400545,-0.0322835120239251
246,CCC1=C(C(C)C)C(C(C)C)=C1C(C)C,CC(C)C1=C(C(C)C)C(C(C)C)C(C(C)C)=C1C(C)C,4,5,4.4e-06,4.97e-06,19.99693928,-17.4,1.56e-06,571.6927968,1432.804124,1765.319771,-11.342599,1313.5793,-119.224778296875,1632.9004,-132.41938037499995,-11.332345,0.01025399114990222
247,CC(C)C1=C(C(C)C)C(C(C)C)=C1C(C)C,CC(C)C1=C(C(C)C)C(C(C)C)C(C(C)C)=C1C(C)C,4,5,1.67e-06,1.9e-06,19.99652454,-17.7,5.95e-07,580.2032594,1445.063757,1777.923023,-11.1005615,1332.4731,-112.5906124687499,1641.6068,-136.31621147656256,-11.314587,-0.21402513940429735
248,CC(C)C1=C(C(C)C)C(C(C)C)=C1C(C)C,CC(C)C1=C(C(C)C)C(C(C)C)C(C(C)(C)C)=C1C(C)C,4,5,6.52e-06,7.57e-06,19.99748495,-17.3,2.35e-06,577.9031343,1419.113133,1717.10844,-11.345571,1316.7478,-102.36533026562506,1655.4738,-61.63468511718747,-11.369507,-0.02393583593750037
249,CC(C)C1=C(C(C)C)C(C(C)C)=C1C(C)C,CC(C)C1=C(C(C)C)C(C(C)C)C(C(C)(C)C)=C1C(C)(C)C,4,5,1.75e-05,2.1e-05,19.99641059,-17.7,6.43e-06,626.3242664,1436.397792,1639.524836,-11.404018,1297.8528,-138.54500879687498,1659.3082,19.78339153906245,-11.411004,-0.006986066467284502
250,CC(C)C1=C(C(C)C)C(C(C)C)=C1C(C)C,CC(C)C1=C(C(C)(C)C)C(C(C)(C)C)C(C(C)C)=C1C(C)(C)C,4,5,2.72e-05,3.22e-05,19.99249473,-17.7,9.91e-06,623.6216032,1430.705903,1631.911972,-11.435799,1293.3572,-137.34872526562503,1658.993,27.081069992187395,-11.41958,0.01621854040527282
251,CC(C)C1=C(C(C)C)C(C(C)C)=C1C(C)C,CC(C)C1=C(C(C)(C)C)C(C(C)(C)C)=C(C(C)(C)C)C1C(C)(C)C,4,5,9.13e-05,0.000112653,19.98547258,-17.8,3.4e-05,616.7748688,1176.379731,1447.393662,-11.336147,1288.327,111.94729536718751,1658.4639,211.07020518750005,-11.425521,-0.08937389691162068
252,CC(C)C1=C(C(C)C)C(C(C)C)=C1C(C)C,CC(C)(C)C1=C(C(C)(C)C)C(C(C)(C)C)C(C(C)(C)C)=C1C(C)(C)C,4,5,4.85e-05,5.9e-05,19.99343613,-17.1,1.79e-05,631.8163324,1159.927157,1562.335341,-11.363439,1289.8247,129.89755003124992,1665.3861,103.05076739843753,-11.434288,-0.07084902490234413
253,CC(C)C1=C(C(C)C)C(C(C)(C)C)=C1C(C)C,CC(C)(C)C1=C(C(C)(C)C)C(C(C)(C)C)C(C(C)(C)C)=C1C(C)(C)C,4,5,6.51e-05,7.98e-05,19.99104859,-17.4,2.41e-05,604.5668059,1123.478961,1533.534282,-11.409705,1277.9513,154.47233294531247,1667.0186,133.48427268749992,-11.479585,-0.06987969390869075
254,CC(C)C1=C(C(C)(C)C)C(C(C)C)=C1C(C)(C)C,CC(C)(C)C1=C(C(C)(C)C)C(C(C)(C)C)C(C(C)(C)C)=C1C(C)(C)C,4,5,5.5e-05,6.33e-05,19.99204025,-17.0,1.97e-05,603.0853535,1112.743176,1533.534282,-11.423308,1253.2812,140.53807400000005,1657.8549,124.32057639843742,-11.51584,-0.09253157672119094
255,CC(C)C1=C(C(C)(C)C)C(C(C)(C)C)=C1C(C)(C)C,CC(C)(C)C1=C(C(C)(C)C)C(C(C)(C)C)C(C(C)(C)C)=C1C(C)(C)C,4,5,5.4e-05,6.75e-05,19.98909046,-17.7,2.02e-05,610.6045921,1135.14677,1533.534282,-11.410865,1220.9829,85.83614015624994,1641.3536,107.81935569531242,-11.546173,-0.13530809570312563
256,CC(C)(C)C1=C(C(C)(C)C)C(C(C)(C)C)=C1C(C)(C)C,CC(C)(C)C1=C(C(C)(C)C)C(C(C)(C)C)C(C(C)(C)C)=C1C(C)(C)C,4,5,2.39e-05,2.71e-05,20.00107196,-17.3,8.49e-06,629.9015275,1204.176784,1596.435986,-11.400853,1199.7097,-4.467067203124998,1625.5681,29.132129234375043,-11.558831,-0.15797821490478547
257,C1=CC=C1,CC1=C(C)C(C)C(C(C)(C)C)=C1C,4,5,1.1e-05,1.38e-05,19.94603472,-17.3,4.14e-06,528.6062905,1149.538683,1609.803167,-11.384405,1350.6576,201.1189097734375,1575.3064,-34.49677051562503,-11.397612,-0.013206618041992968
258,CC1=CC=C1,CC1=C(C)C(C)C(C(C)(C)C)=C1C,4,5,3.4e-05,4.25e-05,19.95481101,-18.1,1.28e-05,561.4113211,1223.77278,1554.999752,-11.378318,1301.5349,77.76213210937499,1482.9967,-72.00304789843744,-11.244196,0.1341220618896486
259,CC1=CC(C)=C1,CC1=C(C)C(C)C(C(C)(C)C)=C1C,4,5,2.74e-05,3.16e-05,19.9688171,-13.1,9.84e-06,395.1808793,1207.287153,1356.172516,-11.246337,1259.8636,52.57649446093751,1421.4622,65.28964220312491,-11.161353,0.08498388873291063
260,CC1=CC(C)=C1C,CC1=C(C)C(C)C(C(C)(C)C)=C1C,4,5,0.000235848,0.00033561,19.84627439,-15.9,9.52e-05,443.1624812,1288.375338,1098.327062,-10.359233,1265.4497,-22.925630968750056,1478.6387,380.31160987499993,-11.208272,-0.8490389802856448
261,CC1=C(C)C(C)=C1C,CC1=C(C)C(C)C(C(C)(C)C)=C1C,4,5,4.69e-05,5.99e-05,19.93556376,-18.2,1.78e-05,554.0938162,1210.424665,1530.235113,-11.3269465,1305.9412,95.516497109375,1548.2485,18.013422156250044,-11.2151375,0.1118090183105469
262,CC1=C(C)C(C)=C1C,CC1=C(C)C(C)C(C(C)(C)C)=C1C(C)(C)C,4,5,1.39e-05,2.15e-05,19.93970677,-17.6,5.91e-06,539.6711895,1200.953047,1584.209054,-11.401385,1257.6038,56.65071276562503,1500.863,-83.34601689062492,-11.182312,0.21907298828124944
263,CC1=C(C)C(C)=C1C,CCC1=C(C)C(C)=C(C(C)(C)C)C1C(C)(C)C,4,5,3.32e-05,4.64e-05,19.93822991,-17.4,1.33e-05,536.0416411,1187.92671,1583.357854,-11.413189,1246.5546,58.62785542968754,1501.2657,-82.09210692968759,-11.196433,0.2167559326782218
264,CC1=C(C)C(C)=C1C,CC1=C(C(C)C)C(C(C)(C)C)C(C(C)(C)C)=C1C,4,5,0.000100616,0.000125044,19.9329704,-17.4,3.76e-05,532.2190754,1163.042312,1444.107898,-11.274985,1224.4762,61.43388428906246,1481.2668,37.15894770312502,-11.183494,0.0914913858032218
265,CC1=C(C)C(C)=C1C,CC1=C(C)C(C(C)(C)C)C(C(C)(C)C)=C1C(C)(C)C,4,5,0.000351337,0.000469361,19.92176365,-16.7,0.000137,516.4094727,1089.927423,1269.580521,-10.97445,1190.7705,100.84308481249991,1448.2264,178.6459194296874,-11.171049,-0.19659911804199304
266,CCC1=C(C)C(C)=C1C,CC1=C(C)C(C(C)(C)C)C(C(C)(C)C)=C1C(C)(C)C,4,5,0.000336095,0.000448052,19.92119121,-16.8,0.000131,518.277919,997.9857217,1145.750162,-10.869186,1198.6848,200.699092753125,1461.9528,316.20259678906245,-11.178746,-0.3095602234497079
267,CC1=C(C)C(C(C)C)=C1C,CC1=C(C)C(C(C)(C)C)C(C(C)(C)C)=C1C(C)(C)C,4,5,0.000341881,0.000457037,19.91854067,-16.8,0.000133,516.6154207,997.7815536,1148.04478,-10.86168,1209.5123,211.73077550156245,1483.806,335.76125027343755,-11.187912,-0.3262319873046877
268,CC1=C(C)C(C(C)(C)C)=C1C,CC1=C(C)C(C(C)(C)C)C(C(C)(C)C)=C1C(C)(C)C,4,5,0.000131858,0.000169804,19.95244563,-15.8,5.03e-05,518.620485,1096.540147,1330.980979,-11.02961,1190.6239,94.08375436718757,1487.2122,156.23117920312507,-11.235164,-0.20555368865966805
269,CCC1=C(C(C)(C)C)C(C)=C1C,CC1=C(C)C(C(C)(C)C)C(C(C)(C)C)=C1C(C)(C)C,4,5,0.000103514,0.00013108,19.95235725,-16.0,3.91e-05,524.2512871,1111.656427,1361.966771,-11.259168,1210.8315,99.1751159687501,1526.9016,164.9348403281249,-11.287622,-0.02845445178222583
270,CC1=C(C)C(C(C)(C)C)=C1C(C)C,CC1=C(C)C(C(C)(C)C)C(C(C)(C)C)=C1C(C)(C)C,4,5,9.82e-05,0.000123671,19.95135187,-15.9,3.7e-05,517.5700249,1106.209516,1361.238637,-11.241238,1222.4412,116.2316461093751,1555.1697,193.93104073437507,-11.341678,-0.10043966571045004
271,CC1=C(C(C)(C)C)C(C(C)(C)C)=C1C,CC1=C(C)C(C(C)(C)C)C(C(C)(C)C)=C1C(C)(C)C,4,5,7.32e-05,8.61e-05,19.94042588,-15.7,2.65e-05,505.2077461,1081.748923,1443.574887,-11.314505,1214.5916,132.8426297343749,1564.7053,121.13043526562501,-11.389793,-0.07528839599609327
272,CC1=C(C(C)(C)C)C(C(C)(C)C)=C1C,CCC1=C(C)C(C(C)(C)C)=C(C(C)(C)C)C1C(C)(C)C,4,5,3.99e-05,4.4e-05,19.94885216,-16.0,1.4e-05,520.6003002,1102.718221,1500.488593,-11.400872,1225.3619,122.64371747656241,1578.7407,78.25212965624996,-11.38755,0.013321645996093423
273,CC1=C(C(C)(C)C)C(C(C)(C)C)=C1C,CC1=C(C(C)C)C(C(C)(C)C)C(C(C)(C)C)=C1C(C)(C)C,4,5,1.44e-05,2.59e-05,19.9735095,-16.8,6.71e-06,571.6244303,1144.920342,1589.043648,-11.419038,1222.4648,77.54450175000011,1578.2635,-10.780098195312576,-11.385887,0.033150854003906716
274,CC1=C(C(C)(C)C)C(C(C)(C)C)=C1C,CC1=C(C(C)(C)C)C(C(C)(C)C)=C(C(C)(C)C)C1C(C)(C)C,4,5,6.8e-05,8.34e-05,19.98340901,-16.5,2.52e-05,580.1023764,1156.185553,1526.309904,-11.435283,1188.99,32.80443723437497,1547.5034,21.19351396875004,-11.390388,0.04489546490478524
275,CCC1=C(C(C)(C)C)C(C(C)(C)C)=C1C,CC1=C(C(C)(C)C)C(C(C)(C)C)=C(C(C)(C)C)C1C(C)(C)C,4,5,7.38e-05,9.07e-05,19.98260513,-16.4,2.74e-05,579.3679384,1150.992635,1531.344469,-11.450538,1213.9886,62.996012460937436,1580.3484,49.00391967187511,-11.415558,0.03498013867187488
276,CC1=C(C(C)(C)C)C(C(C)(C)C)=C1C(C)C,CC1=C(C(C)(C)C)C(C(C)(C)C)=C(C(C)(C)C)C1C(C)(C)C,4,5,4.32e-05,4.89e-05,19.99138858,-17.2,1.54e-05,615.1932158,1208.324919,1587.011126,-11.453297,1224.5427,16.21780560937509,1601.4519,14.440778296874896,-11.453969,-0.0006720017700203584
277,CC1=C(C(C)(C)C)C(C(C)(C)C)=C1C(C)(C)C,CC1=C(C(C)(C)C)C(C(C)(C)C)=C(C(C)(C)C)C1C(C)(C)C,4,5,5.47e-05,6.55e-05,19.99417834,-17.5,2e-05,628.7451162,1222.052499,1535.336445,-11.351009,1219.446,-2.606454078124898,1602.3209,66.98447785156259,-11.483232,-0.13222254449462945
278,CC1=C(C(C)(C)C)C(C(C)(C)C)=C1C(C)(C)C,CCC1=C(C(C)(C)C)C(C(C)(C)C)=C(C(C)(C)C)C1C(C)(C)C,4,5,2.21e-05,2.71e-05,19.99628546,-16.6,8.2e-06,616.7783775,1280.946824,1630.164555,-11.491752,1228.2003,-52.746506617187606,1619.6246,-10.539921210937564,-11.496671,-0.004918722961425814
279,CC1=C(C(C)(C)C)C(C(C)(C)C)=C1C(C)(C)C,CC(C)C1=C(C(C)(C)C)C(C(C)(C)C)=C(C(C)(C)C)C1C(C)(C)C,4,5,2.48e-05,3.05e-05,19.99817225,-16.2,9.22e-06,597.659614,1238.096306,1593.270242,-11.482071,1216.9174,-21.178947601562413,1614.7473,21.477072453124947,-11.500685,-0.018613738159180215
280,CC1=C(C(C)(C)C)C(C(C)(C)C)=C1C(C)(C)C,CC(C)(C)C1=C(C(C)(C)C)C(C(C)(C)C)C(C(C)(C)C)=C1C(C)(C)C,4,5,2.63e-05,3.12e-05,19.99901096,-16.6,9.58e-06,625.1998561,1156.061782,1597.03571,-11.420347,1210.7278,54.666001203125006,1616.0358,19.00005660156239,-11.507032,-0.0866853944091801
281,CCC1=C(C(C)(C)C)C(C(C)(C)C)=C1C(C)(C)C,CC(C)(C)C1=C(C(C)(C)C)C(C(C)(C)C)C(C(C)(C)C)=C1C(C)(C)C,4,5,4.44e-05,5.44e-05,19.99651114,-16.2,1.65e-05,600.6226941,1133.306911,1597.922145,-11.470519,1227.0437,93.7367901718751,1637.2161,39.293919453125,-11.522437,-0.05191809564209038
282,CC(C)C1=C(C(C)(C)C)C(C(C)(C)C)=C1C(C)(C)C,CC(C)(C)C1=C(C(C)(C)C)C(C(C)(C)C)C(C(C)(C)C)=C1C(C)(C)C,4,5,1.94e-05,2.42e-05,19.9979412,-16.8,7.26e-06,613.8294135,1185.870762,1594.931589,-11.433301,1220.9829,35.11214815624999,1641.3536,46.42204869531247,-11.546173,-0.11287209570312484
283,CC(C)(C)C1=C(C(C)(C)C)C(C(C)(C)C)=C1C(C)(C)C,CC(C)(C)C1=C(C(C)(C)C)C(C(C)(C)C)C(C(C)(C)C)=C1C(C)(C)C,4,5,2.82e-05,3.2e-05,19.99863573,-16.1,1e-05,604.4986808,1125.846404,1597.922145,-11.481541,1199.7097,73.8633127968751,1625.5681,27.645970234375,-11.558831,-0.07729021490478516
284,CC1=C(C)C(C(C)(C)C)=C1C,CCC1=C(C)C(C)=C(C)C1C,4,5,5.56e-05,7.04e-05,19.94719663,-17.7,2.1e-05,541.2314205,1216.929152,1524.702762,-11.310584,1269.329,52.39982749218757,1549.6791,24.976315148437607,-11.231401,0.0791825565185551
285,CC1=C(C)C(C(C)(C)C)=C1C,CC1=C(C)C(C)C(C(C)C)=C1C,4,5,2.04e-05,2.18e-05,19.96925372,-12.8,7.04e-06,319.6075432,1043.241107,1366.138781,-11.12708425,1259.8063,216.56516741406244,1544.8718,178.7330451718749,-11.235252,-0.1081681303710944
287,CCC1=C(C(C)(C)C)C(C)=C1C,CC1=C(C)C(C)C(C(C)(C)C)=C1C,4,5,6.26e-05,8.02e-05,19.93614256,-16.6,2.38e-05,509.5234962,1142.151092,1442.773541,-11.321131,1267.449,125.29788260937494,1564.3698,121.59620997656248,-11.27225,0.04888082452392517
288,CCC1=C(C(C)(C)C)C(C)=C1C,CCC1=C(C)C(C)=C(C)C1C(C)(C)C,4,5,8.11e-05,0.000105096,19.93396143,-16.7,3.1e-05,506.2378156,1132.566253,1443.062365,-11.324175,1277.91,145.34378117968754,1589.2046,146.14222484375,-11.273372,0.050803303527832355
289,CCC1=C(C(C)(C)C)C(C)=C1C,CC1=C(C)C(C(C)(C)C)C(C(C)C)=C1C,4,5,3.96e-05,4.82e-05,19.97239354,-18.0,1.46e-05,595.2367179,1218.340895,1554.999752,-11.372149,1258.4979,40.157029804687454,1570.1084,15.108646437500056,-11.2698965,0.10225249273681669
290,CCC1=C(C(C)(C)C)C(C)=C1C,CC1=C(C)C(C)C(C(C)(C)C)=C1C(C)(C)C,4,5,0.000150768,0.000201288,19.92013932,-16.3,5.87e-05,490.4830298,1095.092788,1271.356794,-10.8585,1239.1427,144.04991219531257,1536.8265,265.46974408593746,-11.272435,-0.41393518829345766
291,CCC1=C(C(C)(C)C)C(C)=C1C,CCC1=C(C)C(C(C)(C)C)=C(C(C)(C)C)C1C,4,5,0.000129631,0.000172097,19.92341759,-16.5,5.03e-05,498.148212,1110.855393,1330.398379,-11.04425,1238.836,127.98066657031245,1544.6738,214.27544912500002,-11.280119,-0.2358689422607423
292,CCC1=C(C(C)(C)C)C(C)=C1C,CC1=C(C(C)C)C(C)C(C(C)(C)C)=C1C(C)(C)C,4,5,0.000148682,0.00019604,19.93399277,-16.7,5.75e-05,518.3700287,1116.681226,1284.295598,-10.960545,1226.0558,109.37456013281258,1537.8569,253.56133559375007,-11.287177,-0.3266320858764651
293,CCC1=C(C(C)(C)C)C(C)=C1C,CC1=C(C(C)(C)C)C(C(C)(C)C)C(C)=C1C(C)(C)C,4,5,1.79e-05,2.13e-05,19.98074286,-17.2,6.53e-06,577.1146342,1420.891891,1629.995747,-11.488491,1210.9741,-209.91776990625,1527.1792,-102.81654778124994,-11.287803,0.20068830377197244
294,CCC1=C(C(C)(C)C)C(C)=C1C,CCC1=C(C(C)(C)C)C(C)=C(C(C)(C)C)C1C(C)(C)C,4,5,5.75e-07,7.56e-07,19.98444653,-17.5,2.33e-07,596.8794793,1448.594699,1692.599478,-11.127823,1221.9108,-226.6839323984375,1541.6852,-150.9142973359376,-11.294619,-0.16679560656738346
296,CCC1=C(C(C)(C)C)C(C)=C1C,CC1=C(C(C)(C)C)C(C(C)(C)C)=C(C(C)(C)C)C1C(C)(C)C,4,5,9.9e-05,0.000122536,19.97511095,-16.3,3.69e-05,560.1321554,1137.096714,1448.634893,-11.323048,1186.7568,49.66012193749998,1510.5911,61.95617145312508,-11.30026,0.02278840985107422
297,CCC1=C(C(C)(C)C)C(C)=C1C,CCC(C)(C)C1=C(C)C(C(C)(C)C)=C(C(C)(C)C)C1C(C)(C)C,4,5,1.08e-05,1.24e-05,19.97132738,-16.5,3.87e-06,549.8795694,1231.930803,1685.218184,-11.433653,1212.3966,-19.53419655468747,1537.4769,-147.74125528906256,-11.309125,0.12452805340576134
298,CCC1=C(C(C)(C)C)C(C)=C1C,CC1=C(C(C)(C)C)C(C(C)(C)C)=C(C(C)(C)C)C1C(C)(C)C(C)C,4,5,4.4e-05,5.42e-05,19.97485527,-16.7,1.64e-05,556.651874,1262.563816,1582.636559,-11.406946,1172.1897,-90.37411873437509,1496.4724,-86.16414689062503,-11.3077135,0.09923249139404255
299,CCC1=C(C(C)(C)C)C(C)=C1C,CC1=C(C(C)(C)C)C(C(C)(C)C)=C(C(C)(C)C)C1C(C)(C)C(C)(C)C,4,5,2.63e-05,3.67e-05,19.91708862,-15.6,1.05e-05,523.8491003,1188.776753,1497.745578,-11.341405,1167.1284,-21.6483350312501,1494.7196,-3.025973507812523,-11.31035,0.031054581909179646
300,CC1=C(C)C(C(C)(C)C)=C1C(C)C,CC1=C(C(C)(C)C)C(C(C)(C)C)=C(C(C)(C)C)C1C(C)(C)C(C)(C)C,4,5,2.63e-05,3.67e-05,19.91708862,-15.6,1.05e-05,523.8491003,1087.151655,1504.111689,-11.34109,1176.8893,89.73762722656261,1520.9059,16.79419478906243,-11.348539,-0.007449352416992738
301,CC1=C(C(C)(C)C)C(C(C)(C)C)=C1C,CC1=C(C(C)(C)C)C(C(C)(C)C)=C(C(C)(C)C)C1C(C)(C)C(C)(C)C,4,5,8.75e-05,0.000113881,19.89735464,-15.5,3.36e-05,528.8559349,1270.563163,1320.159701,-11.0531095,1167.2782,-103.28496475781253,1529.7167,209.55697380468746,-11.396316,-0.3432060746459964
302,CCC1=C(C(C)(C)C)C(C(C)(C)C)=C1C,CC1=C(C(C)(C)C)C(C(C)(C)C)=C(C(C)(C)C)C1C(C)(C)C(C)(C)C,4,5,7.22e-05,9.19e-05,19.95871083,-16.7,2.74e-05,606.0131053,1230.201553,1526.757189,-11.351006,1192.3066,-37.894912375000104,1562.7144,35.957166468750074,-11.421288,-0.07028153662109382
307,CC1=C(C(C)(C)C)C(C)=C1C(C)(C)C,CC1=C(C)C(C)C(C)=C1C,4,5,2.96e-05,3.75e-05,19.95668854,-18.1,1.12e-05,552.723793,1226.08607,1554.999752,-11.384961,1295.0029,68.91685968749994,1590.4525,35.452762648437556,-11.32697,0.05799089959716852
308,CC1=C(C(C)(C)C)C(C)=C1C(C)(C)C,CCC1=C(C)C(C)=C(C)C1C,4,5,2.13e-05,2.74e-05,19.95263312,-17.2,8.11e-06,531.3855329,1178.501257,1584.297907,-11.403677,1296.3141,117.8128299140626,1600.5485,16.250554914062604,-11.327756,0.07592107196044928
309,CC1=C(C(C)(C)C)C(C)=C1C(C)(C)C,CC1=C(C)C(C)C(C(C)C)=C1C,4,5,3.24e-05,4.03e-05,19.96526735,-18.9,1.21e-05,583.232301,1264.603192,1557.613372,-11.328417,1285.4353,20.832110734374965,1592.4415,34.82815632031247,-11.329924,-0.0015066297607422285
310,CC1=C(C(C)(C)C)C(C)=C1C(C)(C)C,CC1=C(C)C(C)C(C(C)(C)C)=C1C,4,5,4.38e-05,5.51e-05,19.95305852,-16.9,1.65e-05,531.5488854,1164.062269,1583.139108,-11.380477,1277.756,113.69371244531249,1585.4095,2.2704378984374216,-11.33373,0.04674725604248131
313,CC1=C(C(C)(C)C)C(C)=C1C(C)(C)C,CCC1=C(C)C(C)=C(C)C1C(C)C,4,5,3.81e-05,4.81e-05,19.94475857,-17.1,1.44e-05,529.6013036,1170.888036,1503.386324,-11.377059,1290.6862,119.79812122656244,1606.7825,103.39614670312494,-11.327513,0.04954625891113196
314,CC1=C(C(C)(C)C)C(C)=C1C(C)(C)C,CC1=C(C)C(C(C)C)C(C(C)C)=C1C,4,5,3.03e-05,3.43e-05,19.94622681,-16.7,1.08e-05,524.0809274,1364.872168,1539.563658,-11.417803,1286.7319,-78.1402344062501,1609.0214,69.45770430468747,-11.327567,0.09023589947509691
315,CC1=C(C(C)(C)C)C(C)=C1C(C)(C)C,CC1=C(C)C(C)C(C(C)(C)C)=C1C(C)(C)C,4,5,1.35e-05,1.7e-05,19.95293422,-17.0,5.08e-06,525.4257525,1278.317332,1575.780845,-11.379282,1260.5199,-17.79743453906258,1568.7996,-6.981284453124999,-11.333799,0.04548263781738271
316,CC1=C(C(C)(C)C)C(C)=C1C(C)(C)C,CCC1=C(C)C(C(C)(C)C)=C(C(C)(C)C)C1C,4,5,3.18e-06,4.18e-06,19.9846717,-17.9,1.23e-06,598.0582654,1468.171697,1741.189946,-11.323577,1254.1514,-214.0203298125,1581.1677,-160.02222139062496,-11.355986,-0.03240864147949196
317,CC1=C(C(C)(C)C)C(C)=C1C(C)(C)C,CC1=C(C(C)(C)C)C(C)C(C(C)(C)C)=C1C(C)(C)C,4,5,3.56e-05,4.29e-05,19.96936884,-16.9,1.31e-05,564.2687315,1173.628265,1583.139108,-11.429971,1219.748,46.119781874999944,1570.9852,-12.153878507812578,-11.3926935,0.03727748040771495
318,CC1=C(C(C)(C)C)C(C)=C1C(C)(C)C,CC1=C(C(C)(C)C)C(C)C(C(C)(C)C)=C1C(C)(C)C,4,5,1.69e-05,1.86e-05,19.98870957,-16.8,5.92e-06,575.9916163,1253.586306,1628.715512,-11.464679,1219.748,-33.83825912499992,1570.9852,-57.73028250781249,-11.3926935,0.07198548040771513
319,CCC1=C(C(C)(C)C)C(C)=C1C(C)(C)C,CC1=C(C(C)(C)C)C(C)C(C(C)(C)C)=C1C(C)(C)C,4,5,1.57e-05,1.72e-05,19.9881216,-17.0,5.48e-06,592.691566,1266.14746,1628.715512,-11.458613,1246.6138,-19.53369046874991,1603.2494,-25.46612235156249,-11.408955,0.04965837963867159
320,CCC1=C(C(C)(C)C)C(CC)=C1C(C)(C)C,CC1=C(C(C)(C)C)C(C)C(C(C)(C)C)=C1C(C)(C)C,4,5,1.51e-05,1.58e-05,19.98160097,-17.5,5.15e-06,611.8244909,1178.26658,1669.255204,-11.441497,1277.9565,99.68996296875002,1627.5374,-41.71785048437505,-11.398936,0.04256072833251956
321,CCC1=C(C(C)(C)C)C(C(C)C)=C1C(C)(C)C,CC1=C(C(C)(C)C)C(C)C(C(C)(C)C)=C1C(C)(C)C,4,5,8.07e-06,9.76e-06,19.98737158,-18.6,2.97e-06,639.1761292,1375.508617,1694.308255,-11.20804,1299.8004,-75.70820196093746,1637.2747,-57.03359679687492,-11.384421,-0.1763813485717769
322,CCC1=C(C(C)(C)C)C(C(C)(C)C)=C1C(C)(C)C,CC1=C(C(C)(C)C)C(C)C(C(C)(C)C)=C1C(C)(C)C,4,5,3.89e-06,4.19e-06,19.98659779,-15.6,1.35e-06,460.4109128,1275.169655,1619.016172,-11.2990995,1303.7456,28.57595046875008,1632.3542,13.338076046874903,-11.39167,-0.09257072705078073
324,CC(C)(C)C1=C(C(C)(C)C)C(C(C)(C)C)=C1C(C)(C)C,CC1=C(C(C)(C)C)C(C)C(C(C)(C)C)=C1C(C)(C)C,4,5,4.81e-06,6.27e-06,19.99780355,-17.8,1.85e-06,589.3337778,1440.006757,1717.10844,-11.355049,1313.6991,-126.3076603203126,1628.4043,-88.70414312499997,-11.397305,-0.04225553491211009
325,Cc1ccccc1,c1ccccc1,6,6,0.733511235,1.26662103,18.19440768,1.46,0.333,53.77388856,53.2,17.22994248,-5.22132375,88.6886,35.4885986328125,29.79065,12.560706934062502,-5.3678303,-0.146506526489258
326,Cc1ccccc1C,c1ccccc1,6,6,2.009577467,5.47807722,13.92486683,8.21,1.25,46.34613564,0.0,17.22994248,-5.22132375,54.87793,54.8779296875,1.3007812,-15.929161229999998,-5.2295694,-0.008245685119629087
327,Cc1cccc(C)c1C,c1ccccc1,6,6,0.887316444,3.321808292,15.20841941,6.31,0.702,23.34498432,22.4,17.22994248,-5.22132375,25.166504,2.7665039062500014,-8.402588,-25.632530370625,-5.1858087,0.035515091400146304
328,Cc1ccc(C)c(C)c1C,c1ccccc1,6,6,0.16306317,0.480739622,19.19414812,5.32,0.107,28.51705724,28.0,17.22994248,-5.22132375,34.317505,6.3175048828125,22.561768,5.331825098125002,-5.378624,-0.15730021240234393
329,c1ccccc1,Cc1cc(C)c(C)c(C)c1C,6,6,0.571399993,1.414363089,18.80753682,6.96,0.331,15.7352573,15.4,17.22994248,-5.22132375,67.71521,52.3152099609375,39.572998,22.343055566875,-5.560391,-0.33906719924926776
330,Cc1c(C)c(C)c(C)c(C)c1C,c1ccccc1,6,6,0.051024748,0.142199623,19.56704881,6.46,0.0322,52.93199044,53.2,148.5167992,-5.59587675,33.536743,-19.663256835937503,66.73108,-81.78572009843751,-5.680235,-0.08435815905761679
331,Cc1ccc(C)cc1,c1ccccc1,6,6,0.714508187,0.737403342,18.36406817,8.16,0.242,71.94398988,71.4,17.22994248,-5.22132375,68.67212,-2.7278808593750057,13.180176,-4.049766698749998,-5.274251,-0.05292723419189471
332,Cc1ccc(C)c(C)c1,c1ccccc1,6,6,1.31024139,2.053623276,17.09556308,7.57,0.561,61.46865354,60.2,17.22994248,-5.22132375,33.382202,-26.817797851562503,-3.0458984,-20.2758409175,-5.2106895,0.010634205322265444
333,Cc1cc(C)c(C)cc1C,c1ccccc1,6,6,1.846001807,2.034291902,15.51880393,7.59,0.647,39.16065076,37.8,17.22994248,-5.22132375,43.77173,5.971728515625003,27.736572,10.506629785625002,-5.4046335,-0.1833097720336916
334,Cc1cc(C)cc(C)c1,c1ccccc1,6,6,0.614101536,3.325730194,15.20034088,6.1,0.657,20.97146324,19.6,17.22994248,-5.22132375,41.056763,21.4567626953125,1.0244141,-16.2055284175,-5.231444,-0.010120131988525571
335,Cc1cc(C)cc(C)c1,Cc1ccccc1,6,6,0.352814794,0.534850807,18.75914554,2.53,0.148,53.4105159,53.2,17.22994248,-5.22132375,71.73242,18.532421874999997,32.442993,15.213050684062502,-5.243318,-0.02199433090209979
336,Cc1cc(C)cc(C)c1,Cc1ccc(C)cc1,6,6,0.400880232,0.487280978,19.14865546,-2.47,0.148,72.10111062,71.4,17.22994248,-5.22132375,88.27234,16.872338867187494,38.696045,21.466102441875,-5.294214,-0.07289002182006854
337,Cc1cc(C)cc(C)c1,Cc1ccc(C)c(C)c1,6,6,0.700762811,0.964423246,18.09182544,1.69,0.278,47.68927128,47.6,17.22994248,-5.22132375,78.43115,30.83115234375,39.779175,22.5492323246875,-5.3690696,-0.14774582626342792
338,Cc1cc(C)cc(C)c1,Cc1cc(C)c(C)cc1C,6,6,10.83521583,9.504687034,2.196117946,2.46,3.39,43.4274386,0.0,17.22994248,-5.22132375,68.53284,68.5328369140625,38.126953,20.897010645,-5.4234524,-0.20212862731933612
339,Cc1cc(C)c(C)c(C)c1C,Cc1cc(C)cc(C)c1,6,6,0.045013276,0.357311736,17.91527727,1.49,0.0671,30.35131946,100.8,19.58606109,-5.3661195,44.259277,-56.54072265625,18.248657,-1.3374038634375012,-5.2754683,0.09065115054321282
340,Cc1cc(C)cc(C)c1,Cc1c(C)c(C)c(C)c(C)c1C,6,6,0.060440527,0.336486554,19.08454445,3.25,0.0662,17.48045082,110.6,19.58606109,-5.3713695,38.746582,-71.85341796875,22.921753,3.335691839687499,-5.4558764,-0.0845068504028319
341,Cc1c(C)c(C)c(C)c(C)c1C,Cc1cc(C)c(C)c(C)c1,6,6,0.099309771,0.397404234,18.38849865,2.7,0.0828,42.82577446,106.4,19.58606109,-5.3713695,44.70935,-61.690649414062506,17.026001,-2.560060113437501,-5.385481,-0.014111380737304557
342,CCc1c(C)c(C)c(C)c(C)c1C,Cc1c(C)c(C)c(C)c(C)c1C,6,6,0.380423772,0.484310609,17.572609,6.11,0.144,15.1434241,116.2,19.58606109,-5.3713695,72.90808,-43.2919189453125,60.2063,40.620237738125,-5.5267034,-0.15533385769653307
343,Cc1ccccc1,Cc1ccc(C)cc1,6,6,0.243850618,0.255061269,19.52943456,-5.58,0.0832,112.0659119,172.2,96.22148776,-5.75784,139.93481,-32.26518554687499,80.716064,-15.505423306875002,-5.5446076,0.2132323606872557
344,Cc1ccc(C)cc1,Cc1ccc(C)cc1,6,6,0.160145125,0.184469505,19.60505438,-5.96,0.0574,124.5152503,232.4,96.21953548,-5.7988425,126.68298,-105.7170166015625,70.09656,-26.122977862812505,-5.4526477,0.34619481399536145
345,Cc1ccc(C)c(C)c1,Cc1ccc(C)cc1,6,6,0.239801909,0.313780356,19.34623657,-5.28,0.0923,98.2248456,156.8,78.07045463,-5.5516095,80.611084,-76.18891601562501,34.706177,-43.3642778721875,-5.266264,0.28534553820800745
346,Cc1ccc(C)c(C)c1,CCc1ccc(C)cc1,6,6,0.178104925,0.31451498,19.01817568,-4.03,0.0821,82.25908642,141.4,19.58606109,-5.3713695,84.6543,-56.745703125000006,77.73657,58.150511175625,-5.485138,-0.11376843945312487
347,Cc1ccc(C)c(C)c1C,CCc1ccc(C)cc1,6,6,0.045131275,0.162978319,19.42818494,-3.26,0.0347,77.42299278,165.2,96.852652,-5.5482795,52.990723,-112.20927734374999,55.549683,-41.302969382812506,-5.386703,0.1615764856262203
348,CCc1ccc(C)c(C)c1,Cc1ccc(C)c(C)c1C,6,6,0.227674856,0.3044968,19.18563365,-4.85,0.0887,86.14023068,145.6,19.58606109,-5.3713695,43.135864,-102.4641357421875,-3.560791,-23.146852105625,-5.2796674,0.0917021225280763
349,CCc1cc(C)c(C)cc1C,Cc1ccc(C)c(C)c1C,6,6,0.595658141,0.661619442,18.41004982,-2.66,0.21,77.03019772,77.0,17.22994248,-5.22132375,38.596436,-38.403564453125,1.8496094,-15.380333104999998,-5.283802,-0.062478282470703306
350,Cc1cc(C)c(C)c(C)c1C,CCc1cc(C)c(C)cc1C,6,6,0.039337326,0.693059415,16.91267409,4.94,0.122,36.37423748,88.2,17.14434374,-5.22807525,24.944092,-63.255908203125,14.380127,-2.764216786875,-5.337316,-0.1092407862243654
351,Cc1c(C)c(C)c(C)c(C)c1C,CCc1cc(C)c(C)cc1C,6,6,0.161771724,0.610198739,18.45066776,6.3,0.129,13.40425394,102.2,19.58606109,-5.3713695,23.7323,-78.4677001953125,8.050415,-11.535646050937501,-5.342834,0.028535504180908333
352,Cc1c(C)c(C)c(C)c(C)c1C,CCc1c(C)cc(C)c(C)c1C,6,6,1.907377224,3.763322752,15.9973106,5.37,0.945,49.51849924,49.0,17.22994248,-5.22132375,26.719238,-22.28076171875,16.660645,-0.5692979487499983,-5.3621726,-0.14084885360717792
353,Cc1c(C)c(C)c(C)c(C)c1C,CCc1c(C)c(C)c(C)c(C)c1C,6,6,0.220664487,0.354657347,17.61983771,6.4,0.0959,25.29335578,116.2,19.58606109,-5.3713695,42.6344,-73.5656005859375,44.339966,24.7539047303125,-5.394254,-0.022884707611083854
354,CCc1c(C)c(C)c(C)c(C)c1C,CCc1c(C)c(C)c(C)c(C)c1C,6,6,0.13337531,0.559214111,17.07169794,6.16,0.115,36.99800874,95.2,19.58606109,-5.3713695,65.4397,-29.760302734375003,63.210938,43.62487641,-5.5165915,-0.1452220489196776
355,CCc1c(C)c(C)c(CC)c(C)c1C,CCc1c(C)c(C)c(C)c(C)c1C,6,6,1.141428064,1.262865702,17.36537204,6.73,0.401,65.22281808,64.4,17.22994248,-5.22132375,79.69336,15.293359374999994,72.492676,55.26273330125,-5.6086106,-0.38728688003540057
356,CCc1c(C)c(C)c(C)c(C)c1C,CCc1c(C)c(C)c(CC)c(CC)c1C,6,6,0.040711919,0.521133031,17.61893343,6.61,0.0936,40.0757777,103.6,19.58606109,-5.3661195,65.19885,-38.401147460937494,79.48108,59.8950180115625,-5.584943,-0.21882331768798835
357,CCc1c(C)c(C)c(C)c(C)c1C,CCc1c(CC)c(CC)c(CC)c(CC)c1CC,6,6,0.04156459,0.052180327,19.7718354,-6.84,0.0156,77.41719916,219.8,312.5313012,-6.68982425,101.506226,-118.29377441406251,151.30957,-161.22173088749997,-5.944257,0.7455674674682617
358,CCc1c(C)c(C)c(CC)c(C)c1C,CCc1c(CC)c(CC)c(CC)c(CC)c1CC,6,6,1.134342479,2.394820535,16.68001866,-2.17,0.588,56.7461272,56.0,17.22994248,-5.22132375,94.76062,38.7606201171875,135.71692,118.4869764653125,-5.881665,-0.6603414797973635
359,CCc1c(C)c(C)c(CC)c(CC)c1C,CCc1c(CC)c(CC)c(CC)c(CC)c1CC,6,6,0.137534832,0.171840162,19.89577832,6.46,0.0516,37.47474878,147.0,417.3990541,-6.50410875,85.53223,-61.4677734375,116.67627,-300.72278456875,-5.8170485,0.6870602003479007
360,CCc1c(C)c(CC)c(CC)c(C)c1CC,CCc1c(CC)c(CC)c(CC)c(CC)c1CC,6,6,0.224785913,0.344234765,19.74272405,6.32,0.0948,26.50250204,116.2,42.70898536,-5.94745425,67.36804,-48.8319580078125,88.13452,45.425536124375,-5.737303,0.21015146984863264
361,CCc1c(C)c(CC)c(CC)c(CC)c1CC,CCc1c(CC)c(CC)c(CC)c(CC)c1CC,6,6,0.142413183,0.183896832,19.81047546,5.03,0.0544,18.19559518,128.8,124.4537619,-6.3982995,65.37915,-63.42084960937501,76.722046,-47.7317160015625,-5.7359624,0.662337109100342
362,CCc1c(CC)c(CC)c(CC)c(CC)c1CC,CCc1c(C)c(C)c(C)c(CC)c1C,6,6,0.916806681,1.668482046,16.83643173,-3.13,0.431,66.98721526,65.8,17.22994248,-5.22132375,104.276245,38.4762451171875,78.933105,61.70316298875,-5.7992854,-0.577961661834717
363,CCc1c(C)c(CC)c(C)c(CC)c1C,CCc1c(CC)c(CC)c(CC)c(CC)c1CC,6,6,0.500735637,0.733494101,19.09014894,-4.1,0.206,95.34928102,95.2,21.5458846,-5.5111695,85.531006,-9.668994140625003,116.6709,95.1250138375,-5.817039,-0.30586951290893527
364,CCc1c(C)c(CC)c(CC)c(CC)c1C,CCc1c(CC)c(CC)c(CC)c(CC)c1CC,6,6,0.476339791,0.603096701,18.86266097,-2.97,0.18,72.69993864,110.6,19.58606109,-5.3713695,67.36804,-43.231958007812494,88.13452,68.548460394375,-5.7373037,-0.36593423382568346
365,CCCc1c(CC)c(CC)c(CC)c(CC)c1CC,CCc1c(C)c(C)c(C)c(C)c1C,6,6,0.02401985,0.041369579,19.80767448,-6.45,0.0109,62.51895272,205.8,332.0821849,-6.93973925,152.71436,-53.08564453125001,123.47131,-208.61087142343752,-6.0040445,0.9356947172241208
366,CCc1c(C)c(C)c(C)c(C)c1C,CCCc1c(CC)c(CC)c(CC)c(CCC)c1CC,6,6,0.003033026,0.053070804,19.83935576,5.99,0.00935,50.3548311,159.6,360.935624,-7.3894925,116.5708,-43.029199218749994,180.23792,-180.69770896093752,-6.0565968,1.332895744018555
367,CCc1c(C)c(C)c(C)c(C)c1C,CCCc1c(CC)c(CC)c(C(C)C)c(CCC)c1CC,6,6,0.575135873,0.770216132,19.07118694,-4.01,0.224,89.70375274,89.6,17.22994248,-5.22132375,124.57251,34.972509765625006,197.05615,179.82620986375,-6.1106653,-0.8893415713500978
368,CCc1c(C)c(C)c(C)c(C)c1C,CCCc1c(CC)c(CCC)c(C(C)C)c(C(C)C)c1CC,6,6,0.585716752,0.719066408,18.33540197,-4.28,0.217,75.01431742,74.2,17.22994248,-5.22132375,130.49841,56.2984130859375,210.46106,193.2311170903125,-6.154571,-0.933247306365967
369,CCc1c(C)c(C)c(C)c(C)c1C,CCCc1c(CCC)c(CCC)c(C(C)C)c(C(C)C)c1CC,6,6,0.175272053,0.266577973,19.81700557,4.5,0.0736,54.03589058,176.4,180.9783319,-6.43550475,131.99365,-44.406347656250006,216.79651,35.8181768890625,-6.1833363,0.25216849206542946
371,Cc1c(C)c(C)c(C)c(C)c1C,Cc1ccc(C(C)(C)C)cc1,6,6,0.00861283,0.151634634,19.39244424,2.51,0.0267,36.90956402,127.4,132.0758943,-5.61906975,23.372314,-104.027685546875,47.450317,-84.62557691718749,-5.464344,0.1547257253417973
372,Cc1c(C)c(C)c(C)c(C)c1C,Cc1ccc(C(C)(C)C)cc1C,6,6,0.133828571,0.358881128,18.32944184,5.5,0.0821,28.800254,100.8,19.58606109,-5.3713695,21.02539,-79.774609375,27.88147,8.295408636562499,-5.431669,-0.06029973522949206
373,Cc1c(C)c(C)c(C)c(C)c1C,Cc1cc(C(C)(C)C)cc(C)c1C,6,6,0.001939246,0.61176136,16.9477675,5.43,0.102,40.9471258,88.2,45.88024332,-5.764867,36.953003,-51.2469970703125,40.554077,-5.326166171562498,-5.457229,0.30763786257934544
374,Cc1c(C)c(C)c(C)c(C)c1C,Cc1cc(C(C)(C)C)c(C)c(C)c1C,6,6,0.00747331,0.45981215,17.27394665,2.7,0.0779,33.82370082,102.2,18.63907788,-5.426094,64.733154,-37.466845703125,81.53369,62.89461352625,-5.5286107,-0.10251670632934573
375,Cc1c(C)c(C)c(C)c(C)c1C,Cc1c(C)c(C)c(C(C)(C)C)c(C)c1C,6,6,0.286851622,0.394143492,18.74005612,-5.03,0.113,92.03439966,158.2,76.11063111,-5.4133095,91.533936,-66.66606445312499,122.72754,46.6169079525,-5.612239,-0.19892938397216753
376,Cc1c(C)c(C)c(C)c(C)c1C,CCc1c(C)c(C)c(C)c(C(C)(C)C)c1C,6,6,0.118448223,0.250201804,18.98916604,-5.3,0.0614,94.96452686,147.0,22.22033146,-5.5564095,110.69507,-36.304931640625,147.87854,125.6582085790625,-5.7412796,-0.18487010205078125
377,Cc1c(C)c(C)c(C)c(C)c1C,Cc1c(C)c(C(C)C)c(C)c(C(C)(C)C)c1C,6,6,0.301710727,0.445583399,18.90232983,-4.44,0.125,90.07446672,89.6,17.22994248,-5.22132375,133.35474,43.754736328125006,180.45984,163.2298963871875,-5.853032,-0.6317083621215822
378,Cc1c(C)c(C)c(C)c(C)c1C,Cc1c(C)c(C(C)(C)C)c(C)c(C(C)(C)C)c1C,6,6,0.035097042,0.075549725,19.78131365,-4.57,0.0184,107.6675177,106.4,249.8249591,-6.68105675,154.1886,47.788598632812494,211.83167,-37.9932940609375,-5.944814,0.736242544830322
379,Cc1c(C)c(C)c(C)c(C)c1C,CCc1c(C)c(C)c(C(C)(C)C)c(C)c1C(C)(C)C,6,6,0.110028019,0.202740368,19.70892436,0.635,0.0521,49.57895754,49.0,40.35286676,-5.709528,164.6576,115.6575927734375,226.25354,185.90067327906252,-6.0358386,-0.32631060397338896
380,Cc1c(C)c(C)c(C)c(C)c1C,CCc1c(C)c(C)c(C(C)(C)C)c(CC)c1C(C)(C)C,6,6,0.047218614,0.077490673,19.88078235,-5.63,0.0208,78.35581894,208.6,373.7952659,-6.699178,168.25574,-40.344262695312494,233.75793,-140.0373313296875,-6.1020837,0.5970943169860838
381,Cc1c(C)c(C)c(C)c(C)c1C,CCc1c(C)c(CC)c(C(C)(C)C)c(CC)c1C(C)(C)C,6,6,0.021345762,0.042245613,19.91884738,-2.45,0.0106,68.10665666,207.2,654.0935185,-7.0813835,162.98499,-44.21501464843749,239.82275,-414.27076459374996,-6.1722016,0.9091818665466311
382,Cc1c(C)c(C)c(C)c(C)c1C,CCc1c(C)c(C(C)C)c(C(C)(C)C)c(CC)c1C(C)(C)C,6,6,0.097806495,0.141711979,19.79568573,-5.75,0.0399,89.29401306,88.2,124.4560999,-6.3020895,167.93005,79.7300537109375,252.4779,128.0218053734375,-6.2174,0.08468942599487317
383,Cc1c(C)c(C)c(C)c(C)c1C,CCc1c(CC)c(C(C)(C)C)c(CC)c(C(C)(C)C)c1C(C)C,6,6,0.180078301,0.349192834,19.4252262,-4.22,0.0882,73.27912424,72.8,17.22994248,-5.22132375,163.02466,90.224658203125,258.03906,240.80912002,-6.280435,-1.059111335296631
384,Cc1c(C)c(C)c(C)c(C)c1C,CCc1c(C(C)C)c(C(C)C)c(C(C)(C)C)c(CC)c1C(C)(C)C,6,6,0.073628859,0.116316628,19.73126438,-5.23,0.0317,130.2308475,257.6,214.5583364,-6.30445125,167.55505,-90.04494628906252,268.87805,54.3197153578125,-6.3173556,-0.012904382781982804
385,CCc1c(C(C)C)c(C(C)C)c(C(C)(C)C)c(CC)c1C(C)(C)C,CCc1c(C)c(C)c(C)c(C)c1C,6,6,0.086875661,0.127163352,19.74929831,-5.3,0.0357,123.0112785,254.8,121.9353998,-6.34002525,176.37622,-78.42377929687501,133.03613,11.100733012500001,-6.284136,0.055889431518554744
386,Cc1c(C)c(C)c(C(C)C)c(C)c1C,CCc1c(C(C)C)c(C(C)C)c(C(C)(C)C)c(CC)c1C(C)(C)C,6,6,0.087061609,0.106595985,19.76741779,-5.36,0.0323,121.2049847,253.4,213.9286572,-6.35826525,150.96887,-102.4311279296875,242.21289,28.284233424999996,-6.221053,0.13721212652587855
387,CCc1c(C)c(C)c(C)c(C)c1C(C)C,CCc1c(C(C)C)c(C(C)C)c(C(C)(C)C)c(CC)c1C(C)(C)C,6,6,0.037445589,0.07938308,19.75144162,-4.89,0.0195,144.5458153,249.2,227.2524605,-6.50317775,135.27515,-113.92485351562499,215.59387,-11.658588429687512,-6.1521254,0.3510523914184569
388,CCc1c(C)c(C)c(C)c(C(C)C)c1CC,CCc1c(C(C)C)c(C(C)C)c(C(C)(C)C)c(CC)c1C(C)(C)C,6,6,0.001773707,0.022037884,19.71444108,-4.55,0.00397,141.7949294,219.8,329.815432,-7.34785725,111.1853,-108.61469726562501,179.48657,-150.328859734375,-6.0808053,1.26705194833374
389,CCc1c(C)c(C)c(C(C)C)c(CC)c1CC,CCc1c(C(C)C)c(C(C)C)c(C(C)(C)C)c(CC)c1C(C)(C)C,6,6,0.056839004,0.126303337,19.50251951,-3.82,0.0305,100.2619453,165.2,209.5864453,-5.8456515,95.33618,-69.86381835937499,154.65845,-54.92799803437501,-6.0306706,-0.18501914285278342
390,CCc1c(C)c(C(C)C)c(CC)c(CC)c1CC,CCc1c(C(C)C)c(C(C)C)c(C(C)(C)C)c(CC)c1C(C)(C)C,6,6,0.065168745,0.172040235,19.5802178,-3.78,0.0395,116.2706608,116.2,60.50884529,-5.9022225,84.75281,-31.447192382812503,136.94397,76.4351244365625,-6.0034223,-0.10119976028442412
391,CCc1c(CC)c(CC)c(C(C)C)c(CC)c1CC,CCc1c(C(C)C)c(C(C)C)c(C(C)(C)C)c(CC)c1C(C)(C)C,6,6,0.097236012,0.124453947,19.52804995,-3.78,0.0369,100.2319272,99.4,60.51079756,-5.86062,77.26587,-22.134130859375006,120.495605,59.98480790875,-6.0212374,-0.16061737335205084
392,CCc1c(CC)c(CC)c(C(C)C)c(C(C)C)c1CC,CCc1c(C(C)C)c(C(C)C)c(C(C)(C)C)c(CC)c1C(C)(C)C,6,6,0.160674972,0.316545928,19.39796532,-3.7,0.0795,59.25505348,131.6,19.58606109,-5.3713695,80.527466,-51.072534179687494,119.67749,100.091429144375,-6.1011314,-0.7297619392089842
393,CCc1c(CC)c(C(C)C)c(C(C)C)c(C(C)C)c1CC,CCc1c(C(C)C)c(C(C)C)c(C(C)(C)C)c(CC)c1C(C)(C)C,6,6,0.052976202,0.10355913,19.67107185,-4.06,0.0261,117.6224326,198.8,214.5583364,-6.21550125,87.500244,-111.29975585937501,121.631714,-92.9266225328125,-6.1914806,0.02402061340332029
394,CCc1c(CC)c(C(C)C)c(C(C)C)c(C(C)(C)C)c1CC,CCc1c(C(C)C)c(C(C)C)c(C(C)(C)C)c(CC)c1C(C)(C)C,6,6,0.005689767,0.046552244,19.69688457,-4.01,0.00871,120.0278433,211.4,281.5550794,-7.04207675,94.872925,-116.5270751953125,128.22437,-153.330714165625,-6.274735,0.767341776092529
395,C1=CCC=C1,c1ccccc1,5,6,4.37e-06,4.9e-06,19.97842798,-13.8,1.54e-06,431.4998773,1267.715435,1490.327779,-11.134899,1243.4215,-24.29392621093757,1527.6154,37.287577445312536,-11.265449,-0.13054957025146408
396,CC1=CC=CC1,c1ccccc1,5,6,7.64e-06,8.09e-06,19.97176229,-14.1,2.62e-06,448.0998477,1138.72245,1472.828929,-11.201661,1257.591,118.86849238281252,1539.9691,67.14018721093748,-11.308008,-0.10634719396972692
397,CC1=CC=C(C)C1,c1ccccc1,5,6,1.06e-05,1.16e-05,19.96842012,-14.1,3.7e-06,433.1048632,1292.924839,1520.217374,-11.303844,1286.5533,-6.37149427343752,1554.4832,34.26578029687494,-11.306011,-0.002167199951172094
398,CC1=CC(C)=C(C)C1,c1ccccc1,5,6,1.9e-06,2.05e-06,19.98947446,-14.6,6.57e-07,460.8827181,1345.180464,1604.049138,-11.0948745,1330.6721,-14.508344859375029,1599.4766,-4.5725755000000845,-11.283658,-0.18878352764892625
399,CC1=CC(C)=C(C)C1C,c1ccccc1,5,6,1.34e-05,1.5e-05,19.97530227,-14.9,4.72e-06,470.5963504,1366.072384,1545.291642,-11.318955,1353.5945,-12.477901578125056,1634.2163,88.92466659375009,-11.285636,0.03331905181884842
400,CC1=C(C)C(C)C(C)=C1C,c1ccccc1,5,6,2.57e-06,3.06e-06,19.98496003,-15.3,9.36e-07,477.8479577,1400.313545,1599.731204,-11.290677,1405.6658,5.352226484375024,1699.2296,99.49841025781257,-11.289583,0.0010937938232427058
401,CC1=C(C)C(C)C(C)=C1C,Cc1ccccc1,5,6,2.05e-06,2.08e-06,19.98724384,-15.3,6.89e-07,482.3489338,1406.805585,1602.666528,-11.1034345,1425.4845,18.678912070312435,1679.227,76.56052278125003,-11.273163,-0.16972834179687446
402,CC1=C(C)C(C)C(C)=C1C,Cc1ccc(C)cc1,5,6,3.19e-06,3.64e-06,19.98650382,-15.5,1.14e-06,486.488142,1423.910221,1664.365302,-11.322078,1450.8914,26.981136421874908,1666.7627,2.3973933125000713,-11.241573,0.08050466625976505
403,CC1=C(C)C(C)C(C)=C1C,Cc1ccc(C)c(C)c1,5,6,3.41e-06,3.63e-06,19.9795492,-15.6,1.17e-06,480.9315532,1426.174315,1664.019813,-11.312761,1466.8433,40.66894671875002,1669.7413,5.721520007812387,-11.191328,0.12143295129394538
404,CC1=C(C)C(C)C(C)=C1C,Cc1cc(C)c(C)c(C)c1,5,6,1.77e-06,2.04e-06,19.99625342,-16.0,6.31e-07,524.4909571,1478.299204,1689.754326,-11.1389455,1470.2072,-8.092050679687418,1687.2766,-2.477714671874992,-11.194304,-0.05535896624755843
405,CC1=C(C)C(C)C(C)=C1C,Cc1cc(C)c(C)c(C)c1C,5,6,0.006235384,0.010354581,19.8143663,-3.91,0.00276,92.11824496,1299.309368,778.2725888,-8.74696325,1473.7235,174.41414274218755,1703.2126,924.940057684375,-11.189888,-2.442924750488281
406,CC1=C(C)C(C)C(C)=C1C,Cc1c(C)c(C)c(C)c(C)c1C,5,6,8.99e-07,1.11e-06,19.99589495,-16.7,3.33e-07,552.0547666,1541.124987,1771.090902,-11.143052,1483.1614,-57.96361004687492,1718.6803,-52.410604148437415,-11.198777,-0.05572519879150306
407,CC1=CC=CC1,Cc1ccccc1,5,6,1.07e-05,1.31e-05,19.97831624,-14.2,3.98e-06,439.785124,1298.393954,1553.141119,-11.312294,1247.7249,-50.669100484374894,1519.8857,-33.25537681249989,-11.276387,0.035906785339355096
408,CC1=CC=CC1,Cc1ccc(C)cc1,5,6,6.18e-06,7.46e-06,19.97389427,-14.3,2.27e-06,438.5060695,1312.92352,1540.925598,-11.254568,1245.2852,-67.63836375000005,1507.138,-33.787658546875036,-11.228128,0.02643956677246173
409,CC1=CC=CC1C,Cc1ccc(C)cc1,5,6,4.25e-06,4.71e-06,19.98418432,-14.7,1.49e-06,466.2566637,1354.103762,1595.825127,-11.268343,1283.185,-70.91870340624996,1532.3354,-63.489677781250066,-11.2505245,0.01781847912597634
410,CC1=CC=C(C)C1C,Cc1ccc(C)cc1,5,6,6.14e-06,6.52e-06,19.9786396,-14.8,2.11e-06,463.5244881,1357.210477,1540.784391,-11.275692,1329.9149,-27.295560007812583,1564.368,23.583650992187586,-11.249933,0.02575875720214782
411,CC1=CC(C)=C(C)C1C,Cc1ccc(C)cc1,5,6,8e-06,8.69e-06,19.97777953,-15.1,2.78e-06,467.6913979,1384.198516,1551.371234,-11.282816,1393.5986,9.400116812500073,1615.9456,64.57432264062504,-11.244781,0.03803545953369181
412,CC1=C(C)C(C)C(C)=C1C,Cc1ccc(C)cc1,5,6,3.63e-06,3.97e-06,19.97473623,-15.5,1.27e-06,485.565873,1419.741607,1662.91522,-11.279268,1450.8914,31.14975042187507,1666.7627,3.8474753124999097,-11.241573,0.0376946662597657
413,CC1=C(C)C(C)C(C)=C1C,Cc1ccccc1C,5,6,2.73e-06,3.7e-06,19.97962766,-15.3,1.07e-06,475.3120527,1396.033482,1599.768243,-11.27593,1461.2721,65.23861272656245,1673.8291,74.06085856250002,-11.239201,0.03672940795898505
414,CC1=CC=CC1,Cc1ccccc1C,5,6,5.3e-06,5.85e-06,19.97059009,-14.2,1.86e-06,431.2550145,1296.922071,1531.356324,-11.213973,1246.2404,-50.68171455468746,1504.7325,-26.623780054687586,-11.216704,-0.002731368591309291
415,CC1=CC=C(C)C1,Cc1ccccc1C,5,6,1.34e-06,1.57e-06,19.98192083,-14.5,4.79e-07,458.6497623,1334.752476,1606.946109,-11.0540625,1290.4612,-44.29129435937489,1539.2588,-67.68731993749998,-11.247529,-0.19346652984619084
416,CC1=CC=C(C)C1C,Cc1ccccc1C,5,6,1.39e-05,1.56e-05,19.97688253,-14.6,4.92e-06,449.943348,1331.303803,1545.223858,-11.332477,1338.7095,7.405669656249984,1573.8624,28.638568757812436,-11.252913,0.0795635249633797
417,CC1=CC(C)=C(C)C1C,Cc1ccccc1C,5,6,3.63e-06,4.61e-06,19.98346036,-14.9,1.37e-06,461.251651,1366.083067,1595.775463,-11.2755785,1401.9639,35.88080018749997,1622.8416,27.066089734375055,-11.243567,0.032011033264160105
418,CC1=CC=CC1C,Cc1ccc(C)c(C)c1,5,6,4.25e-06,5.26e-06,19.98167301,-14.7,1.58e-06,457.751163,1348.978158,1565.52404,-11.248542,1291.3435,-57.634652140624894,1524.8635,-40.660514609375014,-11.199463,0.049079109375000485
419,CC1=CC=C(C)C1C,Cc1ccc(C)c(C)c1,5,6,8.46e-06,9.35e-06,19.97707208,-14.8,2.97e-06,461.2868453,1359.976689,1551.515345,-11.314232,1331.3766,-28.60010208593758,1562.8428,11.327428437499975,-11.219219,0.09501279223632864
420,CC1=CC(C)=C(C)C1C,Cc1ccc(C)c(C)c1,5,6,3.3e-06,4.37e-06,19.97775621,-15.2,1.28e-06,479.9001081,1394.651413,1594.876379,-11.2465985,1393.3217,-1.3297577265625478,1607.8304,12.954065335937457,-11.204835,0.04176356195068287
421,CC1=C(C)C(C)C(C)=C1C,Cc1ccc(C)c(C)c1,5,6,2.04e-06,2.14e-06,19.97538494,-15.6,6.97e-07,482.5069568,1424.716944,1665.850544,-11.0842685,1466.8433,42.12631771874999,1669.7413,3.8907890078126,-11.191328,-0.10705954870605439
422,C1=CCC=C1,CCc1ccccc1,5,6,5.74e-06,7.64e-06,19.97598034,-13.5,2.23e-06,422.3829837,1100.024922,1444.315201,-11.175633,1197.1282,97.10325182812494,1506.4283,62.11314372656261,-11.285056,-0.10942311419677786
423,CC1=CC=CC1,CCc1ccccc1,5,6,4.22e-06,5.44e-06,19.97924147,-13.8,1.61e-06,429.0144246,1115.80614,1475.964497,-11.157844,1232.3771,116.57093519531259,1530.7977,54.83323249218756,-11.322931,-0.1650872896728508
424,CC1=CC=CC1C,CCc1ccccc1,5,6,1.17e-05,1.28e-05,19.97838867,-14.2,4.09e-06,443.2277041,1146.437426,1512.210229,-11.307473,1259.6052,113.16779860937504,1538.2585,26.048315921874973,-11.311833,-0.004360381652832146
425,CC1=CC(C)=C(C)C1,CCc1ccccc1,5,6,1.84e-06,2.25e-06,19.98243992,-14.5,6.78e-07,452.7647653,1326.044947,1602.635782,-11.0954385,1303.7736,-22.271387429687593,1559.7626,-42.87320875781256,-11.278145,-0.18270633642578105
426,CC1=CC(C)=C(C)C1C,CCc1ccccc1,5,6,1.64e-05,1.9e-05,19.98425518,-14.7,5.89e-06,468.9773557,1356.866189,1462.921416,-11.351838,1328.1783,-28.687844273437577,1583.297,120.37558107031259,-11.276287,0.07555092114257889
427,CC1=C(C)C(C)C(C)=C1C,CCc1ccccc1,5,6,1.42e-06,2.01e-06,19.98659541,-15.2,5.69e-07,474.3032661,1394.749179,1603.049056,-11.0668615,1381.9874,-12.761752242187413,1645.612,42.563004546874936,-11.276599,-0.2097374303588868
428,CC1=C(C)C(C)C(C)=C1C,CCc1ccccc1C,5,6,2.2e-06,2.71e-06,19.980861,-15.3,8.17e-07,474.7577223,1396.79372,1600.270081,-11.1656035,1417.3605,20.566753632812606,1644.0872,43.81707720312511,-11.242629,-0.07702555120849652
429,CC1=C(C)C(C)C(C)=C1C,CCc1ccc(C)cc1C,5,6,2.85e-06,3.31e-06,19.9863756,-15.5,1.02e-06,490.9115623,1428.222564,1664.365302,-11.326669,1446.295,18.07247994531258,1658.565,-5.800360593749929,-11.213312,0.1133568509521492
430,CC1=C(C)C(C)C(C)=C1C,CCc1ccc(C)c(C)c1C,5,6,4.41e-06,5.13e-06,19.98299233,-15.4,1.59e-06,486.910754,1415.789949,1564.816538,-11.2529,1471.2871,55.49716037500002,1691.5217,126.70519051562496,-11.222922,0.029977674865723003
431,CC1=C(C)C(C)C(C)=C1C,CCc1cc(C)c(C)c(C)c1C,5,6,5.63e-07,7.73e-07,19.99393191,-16.3,2.11e-07,534.2618126,1500.899512,1695.858823,-11.16447,1473.7762,-27.12326688281246,1704.0061,8.14728051562497,-11.218412,-0.053942399291992515
432,CC1=C(C)C(C)C(C)=C1C,CCc1c(C)c(C)c(C)c(C)c1C,5,6,2.35e-06,2.52e-06,19.99175,-16.4,8.14e-07,540.8273616,1512.921952,1764.432488,-11.2787045,1477.5385,-35.38349985156242,1718.0244,-46.40807393749992,-11.215563,0.0631416795654296
433,CCC1=CC=CC1,CCc1ccccc1,5,6,2.57e-06,3.96e-06,19.97351881,-13.9,1.09e-06,430.8982447,1125.085637,1510.533674,-11.17849,1264.9377,139.8521071406251,1546.3324,35.79872346093748,-11.333592,-0.155102414855957
434,CCC1=CC=CC1,CCc1ccc(C)cc1,5,6,4.74e-06,5.79e-06,19.97816067,-14.1,1.76e-06,442.4258153,1143.823786,1472.828929,-11.188066,1249.5255,105.70172669531257,1525.6793,52.85039228906248,-11.31033,-0.1222643909301766
435,CCC1=CC=CC1,CCc1ccc(CC)cc1,5,6,9.37e-06,1.12e-05,19.98010697,-14.2,3.42e-06,447.5109234,1152.464696,1520.950969,-11.331928,1257.3024,104.8376721640625,1552.5801,31.629109125000014,-11.355272,-0.023344293090820756
436,CCC1=CC=C(C)C1,CCc1ccc(CC)cc1,5,6,1.3e-05,1.46e-05,19.96606026,-14.6,4.61e-06,450.7293321,1330.534318,1545.223858,-11.331447,1280.7546,-49.779679328124985,1555.2616,10.037738679687436,-11.326681,0.004765862915039776
437,CCC1=CC(C)=CC1C,CCc1ccc(CC)cc1,5,6,4.88e-06,5.51e-06,19.98087931,-14.9,1.73e-06,470.8798216,1369.82659,1541.888984,-11.230538,1301.0765,-68.7500519140624,1557.7772,15.888237679687563,-11.283542,-0.053003679382324975
438,CCC1=CC(C)=C(C)C1C,CCc1ccc(CC)cc1,5,6,1.63e-06,2.45e-06,19.97953774,-15.0,6.8e-07,477.8915869,1379.663837,1602.321039,-11.0799235,1320.8899,-58.77394442187506,1572.9407,-29.380365171874928,-11.270002,-0.1900788651123051
439,CCC1=C(C)C(C)=C(C)C1C,CCc1ccc(CC)cc1,5,6,3.56e-06,3.96e-06,19.98388915,-15.4,1.25e-06,491.0093723,1417.777932,1599.385715,-11.269793,1375.6892,-42.088723015624964,1617.1146,17.72890902343761,-11.257926,0.011867012756347606
440,CCC1=C(C)C(C)=C(C)C1C,CCc1ccc(CC)c(C)c1,5,6,4.76e-06,5.29e-06,19.98972901,-16.1,1.67e-06,530.7793763,1487.579192,1706.051391,-11.397821,1420.3875,-67.19174082812492,1647.9042,-58.14721619531247,-11.223021,0.17480044641113324
441,CCC1=C(C)C(C)=C(C)C1C,CCc1cc(C)c(CC)cc1C,5,6,4.01e-06,4.63e-06,19.98840837,-16.1,1.44e-06,528.3168948,1485.579731,1679.228227,-11.409067,1474.4551,-11.124652875000038,1699.4778,20.24955620312494,-11.223433,0.1856344591064456
442,CCC1=C(C)C(C)=C(C)C1C,CCc1cc(C)c(CC)c(C)c1C,5,6,3.65e-06,4.04e-06,19.98903271,-16.3,1.28e-06,543.7779774,1513.430964,1763.93065,-11.401304,1496.5983,-16.832697398437404,1727.2495,-36.681138281250014,-11.235872,0.16543173132324185
443,CCC1=C(C)C(C)=C(C)C1C,CCc1c(C)c(C)c(CC)c(C)c1C,5,6,3.82e-06,4.04e-06,19.9913313,-16.6,1.31e-06,571.2479529,1547.03071,1763.65534,-11.3955935,1499.7322,-47.298532265625,1739.482,-24.173284335937524,-11.233147,0.16244683251953163
444,CCC1=CC=C(CC)C1,CCc1ccccc1,5,6,1.36e-05,1.53e-05,19.9657003,-13.3,4.82e-06,426.1695568,1229.546706,1438.284487,-11.221418,1291.9595,62.412766656249914,1558.7249,120.4403665156251,-11.31875,-0.09733238146972667
445,CCC1=CC=C(CC)C1,CCc1cccc(C)c1,5,6,1.26e-05,1.48e-05,19.96025898,-13.4,4.58e-06,421.1465034,1238.436758,1438.284487,-11.221468,1291.198,52.761240046874946,1542.6448,104.3602883906251,-11.286376,-0.06490799945068382
446,CCC1=CC=C(CC)C1,CCc1ccc(C)c(C)c1,5,6,6.33e-06,6.84e-06,19.96302271,-13.6,2.19e-06,433.4800586,1247.942142,1433.777235,-11.171848,1306.0967,58.1545376874999,1547.476,113.69871714843748,-11.256267,-0.0844185939331048
447,CCC1=CC=C(CC)C1,CCc1ccc(C)c(C)c1C,5,6,1.05e-05,1.19e-05,19.95463843,-13.7,3.74e-06,426.023624,1261.491213,1455.56203,-11.21272,1317.912,56.420774304687484,1546.2441,90.68211062499995,-11.234628,-0.021907723693848524
448,CCC1=CC=C(CC)C1,CCc1cc(C)c(C)c(C)c1C,5,6,4.71e-06,5.17e-06,19.96570386,-14.1,1.65e-06,446.4750052,1298.147021,1498.026476,-11.183121,1321.8015,23.654492671875005,1549.7949,51.768445875,-11.232774,-0.04965278082275404
449,CCC1=CC=C(CC)C1,CCc1c(C)c(C)c(C)c(C)c1C,5,6,4.96e-06,5.45e-06,19.96938153,-14.5,1.73e-06,458.1983402,1331.510424,1541.109365,-11.20982,1327.312,-4.198412281250057,1553.9974,12.888071523437475,-11.225702,-0.015882285766601
450,CCC1=CC=C(CC)C1C,CCc1c(C)c(C)c(C)c(C)c1C,5,6,3.72e-06,3.94e-06,19.97422194,-14.8,1.27e-06,475.9345415,1366.673347,1598.005812,-11.2293465,1363.2964,-3.3769602812499215,1600.5878,2.5819565546873946,-11.262361,-0.03301407281494129
451,CCC1=CC(C)=C(CC)C1C,CCc1c(C)c(C)c(C)c(C)c1C,5,6,2.96e-06,3.31e-06,19.98098492,-15.4,1.04e-06,515.2482028,1431.722204,1613.982108,-11.321314,1433.0267,1.3045293984375803,1674.054,60.071847078125074,-11.256415,0.06489863287353437
452,CCC1=C(C)C(C)=C(CC)C1C,CCc1c(C)c(C)c(C)c(C)c1C,5,6,1.91e-06,2.06e-06,19.98701993,-15.9,6.6e-07,537.5322726,1481.849285,1770.79385,-11.1900125,1514.8684,33.01912320312499,1757.5286,-13.26528554687502,-11.231538,-0.04152531890869149
453,CC1=CC=CC1,CCc1cc(CC)cc(CC)c1,5,6,1.77e-06,3.1e-06,19.97688926,-14.3,8.16e-07,437.8442001,1157.974877,1558.876163,-11.110468,1194.1187,36.143775343749894,1521.114,-37.762149328124906,-11.349614,-0.2391461433715829
454,CC1=CC=C(C)C1,CCc1cc(CC)cc(CC)c1,5,6,2.52e-05,2.82e-05,19.96209119,-14.4,8.9e-06,439.9488132,1168.270389,1416.972625,-11.302564,1237.1555,68.88512857812498,1539.5114,122.53872753906239,-11.341346,-0.03878178704833957
455,CC1=CC=C(C)C1C,CCc1cc(CC)cc(CC)c1,5,6,1.57e-05,1.72e-05,19.96550925,-14.7,5.49e-06,451.8980607,1189.262664,1461.218512,-11.302887,1279.1022,89.83950885156241,1553.7076,92.48912960156258,-11.306247,-0.0033597575073240904
456,CC1=CC(C)=C(C)C1C,CCc1cc(CC)cc(CC)c1,5,6,8.45e-06,1.02e-05,19.97192656,-15.1,3.1e-06,470.6577961,1225.256963,1506.41955,-11.28325,1331.2461,105.98913074999996,1583.5161,77.09656328124993,-11.267663,0.015586997985840512
457,CC1=C(C)C(C)C(C)=C1C,CCc1cc(CC)cc(CC)c1,5,6,4.37e-06,5.11e-06,19.99091942,-15.6,1.58e-06,506.4213634,1436.09562,1645.067626,-11.329265,1387.3713,-48.72428210937505,1628.8357,-16.23193264062502,-11.242103,0.08716237701415963
458,CC1=C(C)C(C)C(C)=C1C,CCc1cc(CC)c(C)c(CC)c1,5,6,4.93e-06,5.63e-06,19.98775244,-15.8,1.76e-06,508.0309811,1447.421807,1621.082437,-11.339394,1445.9503,-1.4714896171874443,1675.5979,54.51546339062497,-11.225149,0.11424484533691448
459,CC1=C(C)C(C)C(C)=C1C,CCc1cc(CC)c(C)c(CC)c1C,5,6,1.89e-06,2.3e-06,19.99412927,-16.1,6.98e-07,525.3338335,1486.36598,1685.151343,-11.1912245,1478.4304,-7.935560078125036,1712.3125,27.161157000000003,-11.234594,-0.04336984509277286
460,CC1=C(C)C(C)C(C)=C1C,CCc1c(C)c(CC)c(C)c(CC)c1C,5,6,2.22e-06,2.58e-06,19.9937726,-16.4,8.02e-07,542.7197453,1514.311011,1770.886554,-11.2693145,1486.0691,-28.241919203125008,1725.9849,-44.90169071874993,-11.241203,0.028111191894531373
461,CCC1=C(C)C(C)=C(C)C1C,CCc1c(C)c(CC)c(C)c(CC)c1C,5,6,2.56e-06,2.95e-06,19.99522679,-16.4,9.21e-07,542.6783569,1516.278184,1770.384716,-11.406689,1504.438,-11.84019571875001,1744.3251,-26.059642757812526,-11.237858,0.16883118139648445
462,CCC1=C(C)C(C)=C(CC)C1C,CCc1c(C)c(CC)c(C)c(CC)c1C,5,6,2.95e-06,3.39e-06,19.99508863,-16.5,1.06e-06,544.4867789,1521.423385,1770.384716,-11.404548,1516.7971,-4.626265859375053,1759.6387,-10.746044125000026,-11.23934,0.1652081715087892
463,CCC1=C(C)C(C)=C(CC)C1CC,CCc1c(C)c(CC)c(C)c(CC)c1C,5,6,2.76e-06,3.17e-06,19.9951725,-16.6,9.88e-07,551.5985999,1537.895782,1770.384716,-11.40425,1518.2917,-19.604033953125054,1766.3096,-4.075145687500026,-11.246088,0.15816197204589777
464,CCC1=C(CC)C(CC)C(CC)=C1C,CCc1c(C)c(CC)c(C)c(CC)c1C,5,6,2.45e-06,2.78e-06,19.99574208,-16.8,8.7e-07,561.7757337,1555.208724,1768.934735,-11.253281,1520.7736,-34.435164429687575,1770.2437,1.308917343749954,-11.246032,0.0072492388305658295
465,CCC1=C(CC)C(CC)C(CC)=C1CC,CCc1c(C)c(CC)c(C)c(CC)c1C,5,6,2.53e-06,2.89e-06,19.99733946,-17.1,9e-07,574.9262224,1581.324658,1768.934735,-11.2074925,1523.0029,-58.3217283125,1773.874,4.939288437499954,-11.247015,-0.03952249938964769
466,CCC1=C(CC)C(CC)C(CC)=C1CC,CCc1c(C)c(CC)c(CC)c(CC)c1C,5,6,1.99e-06,2.24e-06,19.99578926,-16.9,7.05e-07,564.0751,1560.560879,1771.870059,-11.004859,1515.1854,-45.375454195312614,1769.5916,-2.278506265625083,-11.228313,-0.22345444604492215
467,CCC1=C(CC)C(CC)C(CC)=C1CC,CCc1c(C)c(CC)c(CC)c(CC)c1CC,5,6,3.68e-06,4.01e-06,19.99139148,-16.8,1.28e-06,563.1149612,1547.521886,1763.65534,-11.3790405,1506.7041,-40.817784437499995,1765.7926,2.137262539062476,-11.221246,0.15779473431396518
468,CCC1=C(CC)C(CC)C(CC)=C1CC,CCc1c(CC)c(CC)c(CC)c(CC)c1CC,5,6,4.67e-06,5.25e-06,19.99163284,-16.6,1.65e-06,564.1462939,1527.571752,1706.051391,-11.363965,1489.6797,-37.89206450000006,1752.297,46.24560607031253,-11.216582,0.14738270172119172
469,CCC1=C(CC)C(CC)C(C(C)C)=C1CC,CCc1c(CC)c(CC)c(CC)c(CC)c1CC,5,6,6.21e-06,6.49e-06,19.99414459,-15.5,2.12e-06,534.4589848,1269.313302,1672.012645,-11.365221,1451.9299,182.61662964062498,1717.6477,45.63506007812498,-11.207533,0.15768811730957033
470,CCC1=C(CC)C(CC)C(C(C)C)=C1C(C)C,CCc1c(CC)c(CC)c(CC)c(CC)c1CC,5,6,4.08e-06,5.44e-06,19.98977721,-16.0,1.59e-06,538.016528,1304.492021,1724.604175,-11.377341,1442.6211,138.12907274999998,1710.2996,-14.304614453124941,-11.211368,0.16597339288330026
471,CCC1=C(CC)C(C(C)C)C(C(C)C)=C1C(C)C,CCc1c(CC)c(CC)c(CC)c(CC)c1CC,5,6,5.94e-06,6.77e-06,19.99231598,-15.8,2.12e-06,531.0932704,1280.794748,1701.294093,-11.427896,1439.6143,158.81950981249997,1706.916,5.621922625000025,-11.209916,0.2179798851928716
472,CCC1=C(C(C)C)C(C(C)C)=C(C(C)C)C1C(C)C,CCc1c(CC)c(CC)c(CC)c(CC)c1CC,5,6,1.77e-06,2.09e-06,19.99703025,-16.0,6.43e-07,557.6863334,1487.211263,1773.32004,-11.1865545,1438.1215,-49.08980303906242,1703.9464,-69.37362886718756,-11.211488,-0.024933270080566672
473,CC(C)C1=C(C(C)C)C(C(C)C)C(C(C)C)=C1C(C)C,CCc1c(CC)c(CC)c(CC)c(CC)c1CC,5,6,7.97e-07,9.24e-07,20.00803162,-16.6,2.86e-07,617.7724041,1545.783343,1696.874723,-11.069619,1440.3679,-105.41542307812506,1704.0812,7.2064537578125965,-11.207747,-0.13812845941162166
474,CC(C)C1=C(C(C)C)C(C(C)C)C(C(C)C)=C1C(C)C,CCc1c(CC)c(CC)c(C(C)C)c(CC)c1CC,5,6,1.97e-06,2.17e-06,20.00888814,-16.5,6.87e-07,605.2703966,1537.570441,1773.392542,-11.1483855,1443.2861,-94.28430818750007,1709.5862,-63.80636035937505,-11.200848,-0.05246212573242204
475,CC(C)C1=C(C(C)C)C(C(C)C)C(C(C)C)=C1C(C)C,CCc1c(CC)c(CC)c(C(C)C)c(C(C)C)c1CC,5,6,4.9e-06,5.36e-06,20.00738174,-15.7,1.71e-06,558.6933027,1262.25308,1672.377726,-11.325653,1445.0459,182.79281843750005,1708.9589,36.58113630468756,-11.181359,0.1442937089233407
476,CC(C)C1=C(C(C)C)C(C(C)C)C(C(C)C)=C1C(C)C,CCc1c(CC)c(C(C)C)c(C(C)C)c(C(C)C)c1CC,5,6,1.08e-06,1.36e-06,20.00751257,-16.2,4.04e-07,580.1499823,1294.889238,1774.755179,-11.1645065,1446.7192,151.83000028125002,1707.7106,-67.0446077109375,-11.161707,0.0027995755615233264
477,CC(C)C1=C(C(C)C)C(C(C)C)C(C(C)C)=C1C(C)C,CCc1c(CC)c(C(C)C)c(C(C)C)c(C(C)C)c1C(C)C,5,6,1.33e-06,1.51e-06,20.00621125,-16.9,4.74e-07,552.8120109,1385.836005,1782.205672,-11.1312445,1447.7839,61.947930546875114,1705.4266,-76.77903625781255,-11.142497,-0.011252562683106149
478,CC(C)C1=C(C(C)C)C(C(C)C)C(C(C)C)=C1C(C)C,CCc1c(C(C)C)c(C(C)C)c(C(C)C)c(C(C)C)c1C(C)C,5,6,1.27e-06,1.41e-06,20.00593804,-17.4,4.46e-07,560.3775888,1608.928978,1776.438033,-10.9437445,1448.1353,-160.79372409374992,1702.3175,-74.1205281171874,-11.126497,-0.1827527686767585
479,CC(C)C1=C(C(C)C)C(C(C)C)C(C(C)C)=C1C(C)C,CC(C)c1c(C(C)C)c(C(C)C)c(C(C)C)c(C(C)C)c1C(C)C,5,6,1.31e-06,1.37e-06,20.00809039,-17.4,4.47e-07,564.6990055,1616.193415,1776.438033,-10.9429145,1449.351,-166.84246285156246,1702.7852,-73.6528767499999,-11.121159,-0.17824409985351508
480,CC(C)C1=C(C(C)C)C(C(C)C)C(C(C)(C)C)=C1C(C)C,CC(C)c1c(C(C)C)c(C(C)C)c(C(C)C)c(C(C)C)c1C(C)C,5,6,2.37e-07,3.42e-07,20.00649913,-16.8,9.73e-08,546.6646168,1560.561647,1693.577048,-11.035872,1439.5697,-120.9919448515625,1678.8501,-14.726950343750104,-11.07591,-0.04003761456298882
481,CC(C)C1=C(C(C)C)C(C(C)C)C(C(C)(C)C)=C1C(C)(C)C,CC(C)c1c(C(C)C)c(C(C)C)c(C(C)C)c(C(C)C)c1C(C)C,5,6,4.77e-07,5.32e-07,20.00741013,-17.0,1.65e-07,547.4695202,1573.567034,1693.577048,-11.029701,1427.1537,-146.41334747656242,1653.9529,-39.624167140625104,-11.04538,-0.01567863867187569
482,CC(C)C1=C(C(C)C)C(C(C)(C)C)C(C(C)(C)C)=C1C(C)(C)C,CC(C)c1c(C(C)C)c(C(C)C)c(C(C)C)c(C(C)C)c1C(C)C,5,6,8.23e-06,8.87e-06,20.00087143,-15.5,2.85e-06,512.1459459,1433.790882,1638.942564,-11.423848,1421.19,-12.60094059375001,1628.2505,-10.692075718749948,-10.986704,0.4371441273193355
483,CC(C)C1=C(C(C)(C)C)C(C(C)(C)C)=C(C(C)(C)C)C1C(C)(C)C,CC(C)c1c(C(C)C)c(C(C)C)c(C(C)C)c(C(C)C)c1C(C)C,5,6,8.07e-06,1.11e-05,20.00624624,-14.9,3.2e-06,568.1512085,1256.973688,1629.528423,-11.397375,1413.8013,156.82758153124996,1596.1074,-33.421001124999975,-10.917137,0.4802378540039065
484,CC(C)(C)C1=C(C(C)(C)C)C(C(C)(C)C)C(C(C)(C)C)=C1C(C)(C)C,CC(C)c1c(C(C)C)c(C(C)C)c(C(C)C)c(C(C)C)c1C(C)C,5,6,0.000190207,0.000200722,19.99132392,-13.8,6.52e-05,480.3163018,1209.488838,1136.977112,-10.61531,1403.8649,194.3760301640625,1564.562,427.58489971874997,-10.853568,-0.2382580770874032
485,CC(C)(C)C1=C(C(C)(C)C)C(C(C)(C)C)C(C(C)(C)C)=C1C(C)(C)C,CC(C)c1c(C(C)C)c(C(C)C)c(C(C)(C)C)c(C(C)C)c1C(C)C,5,6,2.38e-05,2.84e-05,20.00398691,-14.3,8.7e-06,530.0131894,1311.064477,1575.418057,-11.439185,1407.2368,96.1723394062501,1573.2722,-2.14584020312509,-10.867518,0.5716665750122072
486,CC1=CC=CC1,CC(C)c1ccccc1,5,6,6.94e-06,8.32e-06,19.97886078,-13.8,2.54e-06,429.9859623,1172.493958,1445.616158,-11.163186,1215.4548,42.96087598437498,1532.2825,86.66631270312496,-11.346026,-0.1828404205932621
487,CC1=CC=CC1C,CC(C)c1ccccc1,5,6,6.46e-06,6.84e-06,19.9723251,-14.1,2.22e-06,438.1423798,1134.081597,1473.235031,-11.260593,1260.607,126.5254586640624,1544.6304,71.39534009375006,-11.324461,-0.06386798327636711
488,CC1=CC=C(C)C1C,CC(C)c1ccccc1,5,6,1.2e-05,1.33e-05,19.97345084,-14.3,4.22e-06,439.1801652,1303.884996,1537.224012,-11.316738,1284.7109,-19.1740585,1553.0773,15.853258507812598,-11.305896,0.010842194641114133
489,CC1=CC(C)=C(C)C1C,CC(C)c1ccccc1,5,6,6.58e-06,7.31e-06,19.97875964,-14.8,2.32e-06,459.1967979,1189.405393,1498.129365,-11.218197,1318.1621,128.756716375,1575.6355,77.506133046875,-11.27884,-0.06064306500244143
490,CC1=C(C)C(C)C(C)=C1C,CC(C)c1ccccc1,5,6,2.12e-06,2.57e-06,19.98245554,-15.3,7.8e-07,488.4380929,1396.958323,1602.321039,-11.1113825,1376.685,-20.273264406250064,1628.9355,26.614507875000072,-11.272379,-0.16099642150878957
491,CC1=C(C)C(C)C(C)=C1C,Cc1ccc(C(C)C)cc1,5,6,2.04e-06,2.36e-06,19.99185779,-15.3,7.38e-07,488.8620402,1411.148816,1603.341636,-11.1147695,1404.7068,-6.442028890624897,1636.3752,33.03360814062489,-11.238938,-0.12416883160400438
492,CC1=C(C)C(C)C(C)=C1C,Cc1ccc(C(C)C)cc1C,5,6,1.14e-06,1.38e-06,19.99000396,-15.3,4.22e-07,486.031169,1412.647442,1609.168992,-11.1049555,1446.6454,33.997943742187545,1666.5632,57.39424042187511,-11.222171,-0.11721532977294835
493,CC1=C(C)C(C)C(C)=C1C,Cc1cc(C(C)C)cc(C)c1C,5,6,5.32e-06,6.23e-06,19.9873248,-15.7,1.93e-06,514.5262139,1447.858089,1621.082437,-11.354631,1471.0903,23.232243031249936,1696.3307,75.24825147656247,-11.235102,0.11952930017089791
494,CC1=C(C)C(C)C(C)=C1C,Cc1cc(C(C)C)c(C)c(C)c1C,5,6,1.4e-06,1.81e-06,19.9947526,-16.4,5.31e-07,548.1437805,1519.764467,1773.32004,-11.1270275,1474.0107,-45.75372481249997,1709.7063,-63.61374117187506,-11.230425,-0.1033973809814448
495,CC1=C(C)C(C)C(C)=C1C,Cc1c(C)c(C)c(C(C)C)c(C)c1C,5,6,6.44e-06,7.32e-06,19.99502678,-16.3,2.29e-06,537.35671,1324.088326,1717.10844,-11.393446,1477.1953,153.10698649999995,1721.8545,4.746052187500027,-11.226436,0.16701033868408288
496,CC1=C(C)C(C)C(C)=C1C,CCc1c(C)c(C)c(C(C)C)c(C)c1C,5,6,1.76e-07,3.6e-07,19.99598203,-16.4,1.08e-07,547.7315284,1518.164988,1694.661948,-11.188001,1484.277,-33.888010460937494,1727.9529,33.29093285937506,-11.238384,-0.05038324682617201
497,CC1=C(C)C(C)C(C)=C1C,CCc1c(C)c(C)c(C(C)C)c(CC)c1C,5,6,5.13e-06,5.96e-06,19.9899621,-15.9,1.85e-06,534.0968373,1296.349254,1701.294093,-11.36983,1488.7822,192.43297256250003,1732.4767,31.182591570312525,-11.2434025,0.12642751892089876
498,CC1=C(C)C(C)C(C)=C1C,CCc1c(C)c(CC)c(C(C)C)c(CC)c1C,5,6,3.4e-06,3.54e-06,20.00337377,-16.5,1.15e-06,567.414315,1532.124171,1770.384716,-11.406751,1491.3374,-40.78676865624993,1743.2991,-27.085643734375026,-11.253049,0.15370210321044908
499,CC1=C(C)C(C)C(C)=C1C,CCc1c(C)c(CC)c(C(C)C)c(CC)c1CC,5,6,1.57e-06,1.71e-06,20.00350276,-16.8,5.5e-07,580.715218,1558.486954,1771.870059,-10.946129,1487.6925,-70.79444911718747,1746.8813,-24.988711343750083,-11.2575245,-0.3113954903564444
500,CC1=C(C)C(C)C(C)=C1C,CCc1c(CC)c(CC)c(C(C)C)c(CC)c1CC,5,6,3.37e-06,3.71e-06,20.00030684,-16.2,1.18e-06,593.097478,1500.667384,1770.384716,-11.430275,1479.6747,-20.992701382812584,1745.9067,-24.477977718750026,-11.263879,0.1663961776733398
501,CCC1=C(C)C(C)=C(C)C1C,CCc1c(CC)c(CC)c(C(C)C)c(CC)c1CC,5,6,9.85e-07,1.1e-06,20.00403429,-16.8,3.45e-07,602.3217266,1561.65723,1775.620393,-11.0079185,1488.5273,-73.12988625000003,1754.3262,-21.294221124999922,-11.251307,-0.24338803381347596
502,CCC1=C(C)C(C)=C(CC)C1C,CCc1c(CC)c(CC)c(C(C)C)c(CC)c1CC,5,6,4.04e-07,5.83e-07,20.00416043,-16.7,1.83e-07,601.5163419,1559.243668,1698.520697,-11.03678,1493.6692,-65.57447854687507,1759.3386,60.81792604687507,-11.243916,-0.20713555786132787
503,CCC1=C(CC)C(C)C(CC)=C1C,CCc1c(CC)c(CC)c(C(C)C)c(CC)c1CC,5,6,4.56e-07,4.93e-07,20.00411059,-17.0,1.58e-07,607.7206967,1581.557348,1691.658932,-11.039949,1492.6393,-88.91806577343755,1758.5922,66.93323108593745,-11.241824,-0.2018751500854492
504,CCC1=C(CC)C(CC)C(CC)=C1C,CCc1c(CC)c(CC)c(C(C)C)c(CC)c1CC,5,6,2.34e-06,2.56e-06,20.001156,-16.6,8.18e-07,582.9573599,1536.414027,1770.886554,-11.2725905,1488.2814,-48.13265492968753,1754.9321,-15.954425093749933,-11.22772,0.04487023937988255
505,CCC1=C(CC)C(CC)C(CC)=C1CC,CCc1c(CC)c(CC)c(C(C)C)c(CC)c1CC,5,6,0.0,3.4e-07,20.00532862,-17.4,9.56e-08,623.4629684,1800.45073,1752.382981,-10.945212,1486.9258,-313.52494875,1754.0234,1.6404565000000275,-11.220998,-0.2757858103637698
506,CCC1=C(CC)C(CC)C(CC)=C1CC,CCc1c(CC)c(C(C)C)c(CC)c(CC)c1C(C)C,5,6,1.15e-06,1.26e-06,20.00179617,-16.8,3.93e-07,604.8260767,1565.020395,1777.404836,-10.9980345,1482.7947,-82.22571726562501,1754.031,-23.373830140624932,-11.225392,-0.22735784161377026
507,CCC1=C(CC)C(CC)C(CC)=C1CC,CCc1c(CC)c(C(C)C)c(C(C)C)c(CC)c1C(C)C,5,6,6.6e-06,7.42e-06,20.00018755,-16.8,2.34e-06,605.0711023,1355.722361,1716.815861,-11.325785,1478.7169,122.99455794531241,1753.6045,36.78863118749996,-11.229449,0.09633572784423805
508,CCC1=C(CC)C(CC)C(CC)=C1CC,CCc1c(CC)c(C(C)C)c(C(C)C)c(C(C)C)c1C(C)C,5,6,6.09e-06,6.73e-06,20.00207217,-16.8,2.14e-06,609.6604737,1363.168982,1716.815861,-11.384039,1474.8112,111.64217522656259,1752.7124,35.89654134374996,-11.234958,0.14908130499267536
509,CCC1=C(CC)C(CC)C(CC)=C1CC,CCc1c(C(C)C)c(C(C)C)c(C(C)C)c(C(C)C)c1C(C)C,5,6,2.64e-06,3.05e-06,20.00295535,-16.6,9.5e-07,592.7956404,1357.43104,1774.987699,-11.398774,1471.1906,113.75951175781256,1751.862,-23.12563845312502,-11.240228,0.15854630072021436
510,CCC1=C(CC)C(CC)C(CC)=C1CC,CC(C)c1c(C(C)C)c(C(C)C)c(C(C)C)c(C(C)C)c1C(C)C,5,6,3.19e-06,3.41e-06,20.00263718,-16.7,1.1e-06,599.3053146,1563.657826,1770.989162,-11.2022995,1467.9795,-95.67833381249989,1750.9359,-20.05324891406258,-11.247809,-0.04550991009521432
511,CCC1=C(CC)C(CC)C(C(C)C)=C1CC,CC(C)c1c(C(C)C)c(C(C)C)c(C(C)C)c(C(C)C)c1C(C)C,5,6,4.37e-06,4.89e-06,20.00223383,-16.5,1.55e-06,609.1498729,1325.173114,1765.027191,-11.353309,1458.1132,132.94004517968756,1744.5624,-20.464813070312402,-11.256286,0.09702333258056584
512,CCC1=C(CC)C(C(C)C)C(CC)=C1C(C)C,CC(C)c1c(C(C)C)c(C(C)C)c(C(C)C)c(C(C)C)c1C(C)C,5,6,2.41e-06,2.56e-06,20.00298919,-16.2,8.28e-07,574.7712193,1499.234502,1770.384716,-11.3825635,1453.9336,-45.30090825000002,1743.0391,-27.345653500000026,-11.263462,0.11910143334960921
513,CCC1=C(CC)C(C(C)C)C(C(C)C)=C1C(C)C,CC(C)c1c(C(C)C)c(C(C)C)c(C(C)C)c(C(C)C)c1C(C)C,5,6,2.82e-06,3.07e-06,20.00684249,-16.3,9.78e-07,574.2341135,1507.199197,1770.749797,-11.429655,1458.3293,-48.86985129687491,1748.7043,-22.045451296874944,-11.250837,0.17881767395019565
514,CCC1=C(C(C)C)C(C(C)C)=C(C(C)C)C1C(C)C,CC(C)c1c(C(C)C)c(C(C)C)c(C(C)C)c(C(C)C)c1C(C)C,5,6,1.27e-06,1.59e-06,20.00601149,-17.0,4.8e-07,565.5756725,1390.095361,1782.205672,-11.1074835,1453.5676,63.47226595312509,1726.4707,-55.73496887500005,-11.184961,-0.07747781896972583
515,CC(C)C1=C(C(C)C)C(C(C)C)C(C(C)C)=C1C(C)C,CC(C)c1c(C(C)C)c(C(C)C)c(C(C)C)c(C(C)C)c1C(C)C,5,6,2.16e-06,2.26e-06,20.00586588,-16.6,7.39e-07,555.1309954,1536.811286,1773.685121,-11.1757265,1449.351,-87.46033385156261,1702.7852,-70.89996474999998,-11.121159,0.05456790014648405
516,CC(C)C1=C(C(C)C)C(C(C)C)C(C(C)(C)C)=C1C(C)C,CC(C)c1c(C(C)C)c(C(C)C)c(C(C)C)c(C(C)C)c1C(C)C,5,6,4.06e-06,4.13e-06,20.0048142,-16.4,1.36e-06,539.5944994,1511.273802,1769.88645,-11.3826185,1439.5697,-71.70409985156243,1678.8501,-91.03635234374997,-11.07591,0.30670888543701125
517,CC(C)C1=C(C(C)C)C(C(C)C)C(C(C)(C)C)=C1C(C)(C)C,CC(C)c1c(C(C)C)c(C(C)C)c(C(C)C)c(C(C)C)c1C(C)C,5,6,5.63e-06,5.88e-06,20.00455621,-16.4,1.92e-06,549.4063442,1510.825302,1712.870538,-11.415748,1427.1537,-83.67161547656247,1653.9529,-58.9176571406249,-11.04538,0.3703683613281257
518,CC(C)C1=C(C(C)C)C(C(C)(C)C)C(C(C)(C)C)=C1C(C)(C)C,CC(C)c1c(C(C)C)c(C(C)C)c(C(C)C)c(C(C)C)c1C(C)C,5,6,7.44e-06,9.3e-06,20.00638234,-16.4,2.79e-06,582.9573599,1348.232483,1728.204475,-11.464929,1421.19,72.95745840625,1628.2505,-99.95398671875,-10.986704,0.47822512731933564
519,C1=CCC=C1,CC(C)c1ccc(C(C)C)cc1,5,6,8.86e-06,1.26e-05,19.97291534,-13.8,3.58e-06,430.5684407,1120.007136,1474.43921,-11.258389,1158.1614,38.154240953125054,1500.9735,26.534300742187497,-11.317419,-0.059030052124024124
520,CC1=CC=CC1,CC(C)c1ccc(C(C)C)cc1,5,6,1.06e-05,1.34e-05,19.97521803,-14.0,4e-06,436.3503523,1134.141733,1495.019826,-11.304259,1194.2098,60.06810586718757,1526.8829,31.863108570312534,-11.355261,-0.05100184899902338
521,CC1=CC=CC1C,CC(C)c1ccc(C(C)C)cc1,5,6,1.19e-05,1.46e-05,19.98160195,-14.3,4.42e-06,452.0717593,1156.557174,1503.673425,-11.345306,1241.7786,85.22139045312497,1542.4689,38.79544707031255,-11.336227,0.009078583007813279
522,CC1=CC=C(C)C1C,CC(C)c1ccc(C(C)C)cc1,5,6,2.39e-06,4.36e-06,19.97741918,-14.5,1.13e-06,452.541168,1169.749906,1552.536096,-11.2348955,1279.7931,110.04318482031249,1559.9468,7.410681343749957,-11.312295,-0.07739946002197229
523,CC1=CC(C)=C(C)C1C,CC(C)c1ccc(C(C)C)cc1,5,6,7.36e-07,1.55e-06,19.98016124,-14.9,3.84e-07,461.7306889,1200.28959,1487.989837,-11.034204,1327.597,127.30745589843741,1586.1711,98.18130557812492,-11.272135,-0.23793078088378827
524,CC1=C(C)C(C)C(C)=C1C,CC(C)c1ccc(C(C)C)cc1,5,6,1.11e-06,1.38e-06,19.98236708,-15.2,4.12e-07,477.1450788,1397.285044,1608.148395,-11.0894575,1383.1965,-14.08851079687497,1630.2026,22.054241718750063,-11.246528,-0.15707017181396488
525,CC1=C(C)C(C)C(C)=C1C,Cc1cc(C(C)C)ccc1C(C)C,5,6,2.33e-06,2.58e-06,19.99195107,-15.5,8.2e-07,500.7571636,1431.597927,1680.138641,-11.2387145,1430.8348,-0.763088132812527,1665.2827,-14.855926156250007,-11.221815,0.016899390747070697
526,CC1=C(C)C(C)C(C)=C1C,Cc1c(C(C)C)ccc(C(C)C)c1C,5,6,1.93e-06,2.12e-06,19.99389692,-15.9,6.71e-07,528.9079229,1475.780167,1697.48869,-11.1668695,1473.1494,-2.630752937499892,1708.4543,10.965655703125094,-11.23006,-0.06319012371826105
527,CC1=C(C)C(C)C(C)=C1C,Cc1cc(C(C)C)c(C)c(C)c1C(C)C,5,6,4.62e-07,9.26e-07,19.99601267,-16.2,2.27e-07,542.4995661,1317.671403,1705.552381,-11.140223,1483.9323,166.26084797656245,1724.1812,18.62877134375003,-11.241862,-0.10163929705810482
528,CC1=C(C)C(C)C(C)=C1C,Cc1c(C)c(C(C)C)c(C)c(C)c1C(C)C,5,6,5.26e-06,6.41e-06,19.9934127,-15.8,1.94e-06,526.91361,1284.194755,1620.85976,-11.366673,1486.8489,202.654121953125,1734.062,113.20225171874995,-11.2401495,0.12652350201416063
529,CC1=C(C)C(C)C(C)=C1C,CCc1c(C)c(C(C)C)c(C)c(C)c1C(C)C,5,6,1.7e-06,2.11e-06,19.9957427,-16.3,6.38e-07,543.0559457,1512.987773,1773.32004,-11.1504015,1492.7866,-20.20115190625006,1740.6171,-32.70297457031256,-11.247865,-0.09746322320556722
530,CC1=C(C)C(C)C(C)=C1C,CCc1c(C)c(C(C)C)c(CC)c(C)c1C(C)C,5,6,2.17e-06,2.42e-06,19.99277912,-16.4,7.69e-07,552.7746825,1516.132612,1766.865974,-11.2298805,1492.6545,-23.47807098437511,1751.8663,-14.999640992187551,-11.259017,-0.02913649066162094
531,CC1=C(C)C(C)C(C)=C1C,CCc1c(CC)c(C(C)C)c(CC)c(C)c1C(C)C,5,6,1.21e-06,1.49e-06,19.99253982,-16.3,4.43e-07,537.6361533,1504.768531,1770.783542,-11.1838645,1488.5859,-16.18259349999994,1753.0614,-17.722140632812398,-11.26244,-0.0785752277832028
532,CC1=C(C)C(C)C(C)=C1C,CCc1c(CC)c(C(C)C)c(CC)c(CC)c1C(C)C,5,6,1.91e-06,2.01e-06,20.00012143,-16.5,6.53e-07,582.0097261,1539.063869,1773.32004,-11.1747075,1478.8392,-60.22463560156257,1750.2773,-23.042696250000063,-11.268113,-0.09340563629150367
533,CC1=C(C)C(C)C(C)=C1C,CCc1c(CC)c(C(C)C)c(C(C)C)c(CC)c1C(C)C,5,6,8.26e-07,9.48e-07,20.00013186,-16.5,3.04e-07,579.3402478,1530.559852,1768.460151,-11.14595,1476.9347,-53.62515961718759,1751.451,-17.009101195312496,-11.272651,-0.1267007186889657
534,CC1=C(C)C(C)C(C)=C1C,CCc1c(C(C)C)c(C(C)C)c(CC)c(C(C)C)c1C(C)C,5,6,7.84e-06,8.44e-06,20.00169622,-16.0,2.71e-06,577.0120569,1481.575732,1719.029826,-11.41627,1473.2681,-8.307665593750016,1750.457,31.427205250000043,-11.276681,0.13958905364990315
535,CCC1=C(C)C(C)=C(C)C1C,CCc1c(C(C)C)c(C(C)C)c(CC)c(C(C)C)c1C(C)C,5,6,1.5e-06,1.78e-06,20.00605726,-15.8,5.45e-07,588.2903379,1290.670692,1768.927823,-11.1221175,1477.8629,187.19222303906258,1754.4348,-14.49300854687499,-11.26908,-0.14696266204833996
536,CCC1=C(C)C(C)=C(CC)C1C,CCc1c(C(C)C)c(C(C)C)c(CC)c(C(C)C)c1C(C)C,5,6,8.61e-06,9.73e-06,20.00358566,-16.0,3.06e-06,593.8529803,1285.717512,1718.479113,-11.491703,1481.5281,195.81056417187506,1758.0452,39.5660530156249,-11.258602,0.23310085766601496
537,CCC1=C(C)C(C)=C(CC)C1CC,CCc1c(C(C)C)c(C(C)C)c(CC)c(C(C)C)c1C(C)C,5,6,5.97e-06,6.41e-06,20.00524124,-15.6,2.06e-06,578.2758691,1447.408224,1717.473521,-11.423246,1478.2378,30.82956896874998,1755.2563,37.78282665625011,-11.248392,0.17485389489746161
538,CCC1=C(CC)C(CC)C(CC)=C1C,CCc1c(C(C)C)c(C(C)C)c(CC)c(C(C)C)c1C(C)C,5,6,1.33e-06,1.47e-06,20.00134993,-16.0,4.66e-07,547.8926502,1484.875668,1777.237608,-11.1875665,1476.224,-8.651668976562405,1753.8052,-23.43243221874991,-11.240955,-0.05338885278320227
539,CCC1=C(CC)C(CC)C(CC)=C1CC,CCc1c(C(C)C)c(C(C)C)c(CC)c(C(C)C)c1C(C)C,5,6,1.09e-05,1.13e-05,20.00471459,-15.8,3.69e-06,573.6976981,1453.686227,1739.258317,-11.52357,1474.8057,21.119437062500083,1752.7067,13.448348039062466,-11.234956,0.288614212341308
540,CCC1=C(CC)C(CC)C(C(C)C)=C1CC,CCc1c(C(C)C)c(C(C)C)c(CC)c(C(C)C)c1C(C)C,5,6,5.75e-07,7.2e-07,20.00662018,-16.7,2.06e-07,567.9214127,1547.571284,1696.223904,-11.129594,1455.5519,-92.0194041171876,1736.2991,40.07516826562505,-11.234764,-0.10517009912109287
541,CCC1=C(CC)C(CC)C(C(C)C)=C1C(C)C,CCc1c(C(C)C)c(C(C)C)c(CC)c(C(C)C)c1C(C)C,5,6,5.14e-07,5.47e-07,20.00729972,-17.0,1.79e-07,570.519566,1388.732013,1699.630012,-11.146202,1450.6366,61.90458367968745,1734.359,34.72899678906242,-11.2431,-0.09689816632080017
542,CCC1=C(CC)C(C(C)C)C(C(C)C)=C1C(C)C,CCc1c(C(C)C)c(C(C)C)c(CC)c(C(C)C)c1C(C)C,5,6,1.08e-06,1.18e-06,20.00718737,-17.2,3.91e-07,573.2234936,1402.445551,1784.115461,-11.1416755,1453.3982,50.95264235937498,1738.3981,-45.717389710937596,-11.233504,-0.09182879534912125
543,CCC1=C(C(C)C)C(C(C)C)=C(C(C)C)C1C(C)C,CCc1c(C(C)C)c(C(C)C)c(CC)c(C(C)C)c1C(C)C,5,6,2.09e-06,2.29e-06,20.00703551,-17.2,7.27e-07,576.9878143,1398.697927,1778.288104,-11.1608005,1452.288,53.590036867187564,1729.1412,-49.146868648437476,-11.202377,-0.04157681933593693
544,CC(C)C1=C(C(C)C)C(C(C)C)C(C(C)C)=C1C(C)C,CCc1c(C(C)C)c(C(C)C)c(CC)c(C(C)C)c1C(C)C,5,6,5.12e-06,6.09e-06,20.00417887,-16.8,1.87e-06,564.3764378,1374.928204,1717.473521,-11.339143,1447.7858,72.85756260156245,1705.4231,-12.050425296874892,-11.142479,0.19666405712890622
545,C1=CC=C1,c1ccccc1,4,6,1.46e-05,1.55e-05,19.99371395,-14.2,5.02e-06,408.6252703,854.0,1379.129867,-11.270105,1104.2692,250.2691650390625,1427.4169,48.287003117187396,-11.146033,0.12407171295165931
546,CC1=CC=C1,c1ccccc1,4,6,4.99e-06,5.27e-06,19.98785681,-13.4,1.71e-06,368.854366,865.55,1307.191368,-11.099647,1107.4414,241.89140625000005,1446.783,139.591590984375,-11.204584,-0.10493712170410241
547,CC1=CC(C)=C1,c1ccccc1,4,6,6.29e-05,7.57e-05,19.98965141,-15.1,2.31e-05,463.0967237,881.825,1250.915554,-11.192401,1113.172,231.34699707031245,1458.3865,207.47092060937507,-11.234088,-0.04168694403076145
548,CC1=CC(C)=C1C,c1ccccc1,4,6,9.87e-06,1.14e-05,19.9902629,-13.2,3.54e-06,364.4300138,901.25,1354.35112,-11.203656,1136.4845,235.2344970703125,1471.0287,116.67756652343746,-11.242674,-0.039017873901366684
549,CC1=C(C)C(C)=C1C,c1ccccc1,4,6,2.45e-06,2.88e-06,19.98795159,-13.4,8.88e-07,367.1685328,1172.010201,1496.606286,-11.206926,1195.9783,23.968070484374948,1498.3193,1.7130499375000454,-11.23444,-0.027513849853516348
550,CC1=C(C)C(C)=C1C,Cc1ccccc1,4,6,1.31e-05,1.53e-05,19.9877819,-13.2,4.73e-06,362.5638583,1159.099001,1443.234279,-11.302239,1206.9192,47.820188453124956,1468.8936,25.659275687499985,-11.189528,0.11271053472900405
551,CC1=C(C)C(C)=C1C,Cc1ccc(C)cc1,4,6,5.72e-06,6.66e-06,19.9928165,-13.8,2.07e-06,374.1814184,1210.834363,1445.300579,-11.23541,1216.1882,5.353869421875061,1473.7089,28.40828330468753,-11.188109,0.0473006021118163
552,CC1=C(C)C(C)=C1C,Cc1ccc(C)c(C)c1,4,6,5.45e-05,6.32e-05,19.98951858,-15.5,1.96e-05,478.6931565,1229.773656,1423.334729,-11.332813,1231.1759,1.4022473203124264,1492.8835,69.54881592187508,-11.237636,0.09517738751220683
553,CC1=C(C)C(C)=C1C,Cc1cc(C)c(C)c(C)c1,4,6,2.26e-06,3.21e-06,19.99254857,-15.3,9.07e-07,501.6495121,1251.113837,1569.90691,-11.304162,1255.7352,4.621392492187397,1518.4463,-51.460620937499925,-11.297368,0.00679395037841779
554,CC1=C(C)C(C)=C1C,Cc1cc(C)c(C)c(C)c1C,4,6,1.5e-05,1.71e-05,19.99116793,-15.6,5.36e-06,515.0451076,1262.055366,1539.818681,-11.417783,1258.0708,-3.984565218750049,1533.6414,-6.17732357812497,-11.31423,0.10355303479003908
555,CC1=C(C)C(C)=C1C,Cc1c(C)c(C)c(C)c(C)c1C,4,6,5.42e-06,6.74e-06,19.99396535,-15.6,2.03e-06,513.7633108,1259.593519,1583.115815,-11.324773,1264.4254,4.831896039062485,1549.3594,-33.75644000000011,-11.32192,0.002852605102539485
556,CC1=CC=C1,Cc1ccccc1,4,6,1.55e-06,1.59e-06,19.99212206,-14.1,5.21e-07,403.4698182,1178.712456,1533.054116,-11.0590315,1141.0504,-37.662040960937475,1453.7433,-79.31082986718752,-11.229879,-0.17084787927246126
557,CC1=CC=C1,Cc1ccc(C)cc1,4,6,6.32e-06,6.92e-06,19.99544942,-13.2,2.21e-06,419.8482091,1166.010246,1445.8562,-11.206146,1176.5977,10.587410249999948,1456.1742,10.317994335937556,-11.222431,-0.01628518286132774
558,CC1=CC=C1,Cc1ccc(C)c(C)c1,4,6,3.27e-06,3.51e-06,19.98951728,-13.4,1.13e-06,369.9313558,1188.626573,1497.281394,-11.210749,1211.6157,22.989149656249992,1469.9758,-27.30556392187509,-11.273116,-0.06236711175537124
559,CC1=CC=C1,Cc1cc(C)c(C)cc1C,4,6,4.6e-06,4.85e-06,19.99088673,-13.7,1.57e-06,378.6800251,1221.117724,1489.513595,-11.189977,1222.6132,1.4954351796875471,1471.111,-18.402633085937396,-11.280997,-0.09102027630615162
560,CC1=CC=C1,Cc1cc(C)c(C)c(C)c1C,4,6,3.42e-06,3.84e-06,19.99005491,-13.9,1.21e-06,380.3477765,1234.417869,1502.120898,-11.205108,1216.9058,-17.51210728125011,1464.9268,-37.1941401874999,-11.2590275,-0.05391948107910238
561,CC1=CC=C1,Cc1c(C)c(C)c(C)c(C)c1C,4,6,5.3e-06,5.51e-06,19.99028209,-13.9,1.8e-06,383.8005846,1240.039894,1444.241639,-11.179914,1218.8044,-21.235450640625004,1469.8379,25.596251624999923,-11.248887,-0.06897306207275378
562,CC1=CC(C)=C1,Cc1c(C)c(C)c(C)c(C)c1C,4,6,3.81e-06,3.84e-06,16.0027296,-67.8,1.27e-06,1345.485397,1161.825,1401.756156,-9.923523,1194.1758,32.350781249999955,1455.0211,53.26496216406258,-11.24987,-1.3263473002929693
563,CC1=CC(C)=C1C,Cc1c(C)c(C)c(C)c(C)c1C,4,6,7.71e-07,1.14e-06,19.99165518,-13.8,3.21e-07,375.1415612,1153.013084,1436.817505,-11.012314,1211.878,58.864967757812565,1485.9375,49.11999500000002,-11.279949,-0.26763518823242194
564,C1=CC=C1,Cc1ccccc1,4,6,6.66e-07,1.07e-06,20.00322895,-15.8,2.86e-07,491.967792,1251.546758,1554.296808,-11.037185,1152.5857,-98.96106464062495,1462.9733,-91.32354139843756,-11.202517,-0.16533155578613368
565,C1=CC=C1,Cc1ccc(C)cc1,4,6,7.24e-06,8.05e-06,19.99121689,-14.2,2.55e-06,405.0189924,1276.33773,1497.973486,-11.243467,1202.918,-73.41976124999997,1474.1127,-23.860815101562594,-11.204437,0.039029744140625766
566,C1=CC=C1,Cc1ccc(C)c(C)c1,4,6,6.27e-06,7.33e-06,19.99150391,-14.2,2.27e-06,404.1559983,1280.308013,1533.481515,-11.279637,1232.9058,-47.402251281250074,1478.6549,-54.826607773437445,-11.24094,0.03869690600585862
567,C1=CC=C1,Cc1cc(C)c(C)cc1C,4,6,7.14e-06,7.78e-06,19.99173025,-14.3,2.49e-06,408.587674,1287.26843,1533.481515,-11.255257,1255.8927,-31.37572980468758,1498.9368,-34.544747421874945,-11.246269,0.00898777392578154
568,C1=CC=C1,Cc1cc(C)c(C)c(C)c1C,4,6,8.63e-06,9.51e-06,19.99079309,-14.4,3.02e-06,410.187937,1299.451237,1544.212469,-11.351721,1272.5555,-26.895695007812492,1515.285,-28.927434820312556,-11.237385,0.11433620385742138
569,C1=CC=C1,Cc1c(C)c(C)c(C)c(C)c1C,4,6,1.08e-05,1.2e-05,19.99081198,-14.6,3.8e-06,415.0139013,1310.178357,1564.835583,-11.387922,1277.0648,-33.113537664062505,1521.5813,-43.25428417187504,-11.231727,0.1561953535766598
570,CC1=CC=C1,Cc1ccc(C)cc1,4,6,8.67e-06,9.61e-06,19.9848786,-14.4,3.05e-06,398.0509744,1284.880549,1543.537361,-11.354965,1176.5977,-108.28289274999997,1456.1742,-87.36316666406242,-11.222431,0.13253381713867185
571,CC1=CC(C)=C1,Cc1ccc(C)cc1,4,6,5.42e-05,6.57e-05,19.98624576,-15.3,2e-05,462.699894,1380.127132,1409.149987,-11.338224,1179.5166,-200.61053043750007,1461.3258,52.17581866406249,-11.227933,0.11029107000732452
572,CC1=CC(C)=C1C,Cc1ccc(C)cc1,4,6,2.86e-06,3.59e-06,19.99182504,-13.5,1.08e-06,369.2121461,1190.294898,1497.281394,-11.206358,1195.6644,5.369530710937397,1466.3511,-30.93031978125009,-11.211957,-0.005598977844238462
573,CC1=C(C)C(C)=C1C,Cc1ccc(C)cc1,4,6,1.03e-06,1.87e-06,19.99635435,-15.0,4.84e-07,490.4222928,1385.686012,1611.70549,-11.0542715,1216.1882,-169.4977795781249,1473.7089,-137.99662769531255,-11.188109,-0.13383789788818312
574,CC1=C(C)C(C)=C1C,CCc1ccc(C)cc1,4,6,5.01e-06,7.63e-06,19.99596348,-15.2,2.11e-06,502.454437,1404.528209,1563.577512,-11.298146,1212.0354,-192.49280860937506,1471.8896,-91.68786356250007,-11.200561,0.09758543023681554
575,CC1=C(C)C(C)=C1C,CCc1ccc(C)cc1C,4,6,5.01e-06,7.63e-06,19.99596348,-15.2,2.11e-06,502.454437,1369.895913,1563.577512,-11.298365,1218.0732,-151.82267081250006,1492.0983,-71.47924539843757,-11.2289715,0.06939351867675825
576,CC1=C(C)C(C)=C1C,CCc1cc(C)c(C)cc1C,4,6,5.01e-06,7.63e-06,19.99596348,-15.2,2.11e-06,502.454437,1363.127839,1563.577512,-11.299756,1227.3364,-135.79141321875,1501.2174,-62.36010477343757,-11.270691,0.029065082031250355
577,CC1=C(C)C(C)=C1C,CCc1cc(C)c(C)c(C)c1C,4,6,1.02e-06,1.15e-06,19.99318519,-14.3,3.55e-07,389.3804884,1265.285858,1563.814984,-11.0823505,1251.6782,-13.607635343749962,1526.1012,-37.713787710937595,-11.309271,-0.226920358764648
578,CC1=C(C)C(C)=C1C,CCc1c(C)c(C)c(C)c(C)c1C,4,6,4.1e-06,4.45e-06,19.99494325,-15.8,1.43e-06,524.6576341,1283.582349,1673.190631,-11.351965,1255.3718,-28.210522828125022,1538.9725,-134.21809682031244,-11.320828,0.03113656219482408
579,CC1=CC=C1,CCc1ccccc1,4,6,1.53e-05,1.68e-05,19.99132584,-13.6,5.34e-06,373.035784,1142.455323,1409.966436,-11.292934,1146.7158,4.2604973125000924,1457.0947,47.12829056250007,-11.241728,0.051206171020508506
580,CC1=CC(C)=C1,CCc1ccccc1,4,6,3.67e-06,4.06e-06,19.9888526,-13.8,1.29e-06,374.516109,1136.086365,1512.383554,-11.2192335,1156.8151,20.728698476562613,1472.6255,-39.758065718750004,-11.27717,-0.057936681274414426
581,CC1=CC(C)=C1C,CCc1ccccc1,4,6,4.31e-06,4.78e-06,19.98804676,-13.5,1.51e-06,371.5849458,1022.125702,1501.071708,-11.180043,1172.5,150.37429799999995,1468.7919,-32.279837882812444,-11.253744,-0.07370112536621143
582,CC1=C(C)C(C)=C1C,CCc1ccccc1,4,6,3.34e-06,3.68e-06,19.99016557,-13.7,1.17e-06,379.4738989,1045.106391,1505.339798,-11.181647,1202.4702,157.36382384374997,1464.4863,-40.85346987499997,-11.199982,-0.018334689453125108
583,CC1=C(C)C(C)=C1C,CCc1cccc(C)c1,4,6,3.19e-05,3.48e-05,19.99433379,-14.9,1.11e-05,494.3323372,1198.982349,1440.125657,-11.36234,1211.8479,12.865551390624887,1471.6965,31.570876203124953,-11.200449,0.1618910101318356
584,CC1=C(C)C(C)=C1C,CCc1cc(C)ccc1C,4,6,1.87e-05,2.21e-05,19.99454613,-14.9,6.81e-06,502.5284544,1206.205014,1440.976856,-11.35739,1218.0773,11.872256507812608,1492.0985,51.1216547421875,-11.228969,0.12842137969970757
585,CC1=C(C)C(C)=C1C,CCc1cc(C)cc(C)c1C,4,6,1.31e-05,1.38e-05,19.99577421,-15.3,4.48e-06,513.4977399,1236.173228,1522.988969,-11.379688,1226.878,-9.295176242187608,1501.1633,-21.825638921874997,-11.269675,0.11001274517822246
586,CC1=C(C)C(C)=C1C,CCc1cc(C)c(C)c(C)c1C,4,6,2.72e-05,2.92e-05,19.99409961,-15.8,9.39e-06,519.0078319,1279.98667,1537.762374,-11.46768,1251.6782,-28.308447343750004,1526.1012,-11.661177710937409,-11.309271,0.15840914123535121
587,CC1=C(C)C(C)=C1C,CCc1c(C)c(C)c(C)c(C)c1C,4,6,1.7e-05,1.84e-05,19.99413308,-15.5,5.9e-06,514.0732185,1257.325966,1546.272747,-11.411948,1255.3718,-1.9541398281251077,1538.9725,-7.300212820312481,-11.320828,0.09111956219482487
588,CCC1=C(C)C(C)=C1C,CCc1c(C)c(C)c(C)c(C)c1C,4,6,2.71e-05,3.36e-05,19.99197316,-16.0,1.01e-05,486.1417586,1269.945689,1481.268526,-11.39109,1259.5521,-10.393564976562402,1540.6075,59.339017945312435,-11.3175125,0.07357748779296891
589,CCC1=C(C)C(C)=C1C,Cc1c(C)c(C)c(C)c(C)c1C,4,6,5.1e-06,6.63e-06,19.99347873,-15.5,1.95e-06,519.369837,1260.613411,1576.661749,-11.323495,1268.189,7.575553843749958,1551.1239,-25.5378476328126,-11.3194685,0.004026501770018953
590,CCC1=C(C)C(C)=C1C,CCc1c(C)c(C)c(CC)c(C)c1C,4,6,1.5e-05,1.62e-05,19.99425901,-15.8,5.21e-06,525.2860148,1285.110692,1624.086714,-11.469533,1251.7767,-33.33395860156247,1531.2959,-92.79081556250003,-11.314858,0.15467456341552754
591,CCC1=C(C)C(C)=C1C,CCc1c(C)c(C)c(CC)c(CC)c1C,4,6,1.22e-05,1.33e-05,19.99444136,-15.9,4.26e-06,526.7527441,1290.038497,1633.181514,-11.466303,1245.0607,-44.97782805468751,1530.2351,-102.9464065781251,-11.309196,0.15710652783203116
592,CCC1=C(C)C(C)=C1C,CCc1c(C)c(C)c(CC)c(CC)c1CC,4,6,6.57e-05,7.52e-05,19.98621411,-16.1,2.35e-05,499.9536013,1283.892225,1472.991528,-11.411023,1237.376,-46.51624843750005,1531.4689,58.47734407031248,-11.2954645,0.11555848431396498
593,CCC1=C(C)C(C)=C1C,CCc1c(C)c(CC)c(CC)c(CC)c1CC,4,6,7.34e-05,7.97e-05,19.98799835,-16.6,2.55e-05,525.8423059,1324.444389,1483.079943,-11.42077,1239.5526,-84.8917766953125,1534.2484,51.16847008593754,-11.289991,0.1307786212158195
594,CCC1=C(C)C(C)=C1C,CCc1c(CC)c(CC)c(CC)c(CC)c1CC,4,6,1.46e-05,1.72e-05,19.96307565,-14.9,5.3e-06,460.2095168,924.6503685,1345.031782,-11.204666,1241.6516,317.001242828125,1539.749,194.71724143749998,-11.292881,-0.08821501196289105
595,CCC1=CC=C1,c1ccccc1,4,6,6.81e-06,7.25e-06,19.9891012,-13.5,2.34e-06,372.1593077,1198.216891,1439.402135,-11.181304,1091.8752,-106.34164685937503,1425.1813,-14.220860585937544,-11.166301,0.015003226379395329
596,CCC1=CC=C1,Cc1ccccc1,4,6,4.98e-06,5.28e-06,19.99017218,-13.5,1.71e-06,373.8451298,1202.124173,1439.094536,-11.165525,1111.2739,-90.85024721874993,1441.9147,2.820136851562438,-11.247742,-0.08221669921874941
597,CCC1=CC=C1,Cc1ccc(C)cc1,4,6,3.95e-06,4.36e-06,19.98748586,-13.4,1.39e-06,367.8989621,1190.473445,1492.338196,-11.198732,1155.1123,-35.36114031250008,1446.3442,-45.993957718749925,-11.246253,-0.04752101361084016
598,CCC1=CC=C1,Cc1ccc(C)c(C)c1,4,6,6.39e-06,7.03e-06,19.98789167,-13.4,2.24e-06,370.6288572,1189.719329,1438.727027,-11.216244,1200.5426,10.823273539062484,1463.6226,24.895531593750093,-11.295019,-0.07877514978027378
599,CCC1=CC=C1,Cc1cc(C)c(C)cc1C,4,6,5.73e-06,6.14e-06,19.98770611,-13.5,1.98e-06,371.4100113,1203.053601,1438.419428,-11.207086,1205.6831,2.6295044687499285,1452.4305,14.011113992187575,-11.277512,-0.07042559667968717
600,CCC1=CC=C1,Cc1cc(C)c(C)c(C)c1C,4,6,7.74e-06,8.21e-06,19.98697631,-13.7,2.66e-06,374.3898102,1218.560677,1435.227318,-11.17016,1193.9081,-24.65259594531244,1443.9927,8.765357781250032,-11.264809,-0.09464865478515705
601,CCC1=CC=C1,Cc1c(C)c(C)c(C)c(C)c1C,4,6,5.84e-06,6.18e-06,19.98948145,-13.9,2e-06,383.8386199,1241.280405,1444.241639,-11.217918,1179.6168,-61.66358371093747,1430.6901,-13.551575523437577,-11.247652,-0.029734053833008645
602,CCC1=CC(C)=C1,Cc1c(C)c(C)c(C)c(C)c1C,4,6,4.91e-05,6.03e-05,19.98437537,-15.7,1.82e-05,483.1455979,1258.156466,1455.610034,-11.374333,1180.9006,-77.25583123437491,1442.1594,-13.450610171875041,-11.260113,0.11422023754882815
603,CCC1=C(C)C(C)=C1,Cc1c(C)c(C)c(C)c(C)c1C,4,6,3.94e-05,4.68e-05,19.98684531,-15.5,1.44e-05,470.98585,1228.933566,1480.975946,-11.384002,1206.0242,-22.909396078124928,1479.2601,-1.7158141640625217,-11.278664,0.10533836474609437
604,CCC1=C(C)C(CC)=C1C,Cc1c(C)c(C)c(C)c(C)c1C,4,6,2.57e-05,3.28e-05,19.9918286,-15.5,9.75e-06,484.1375962,1238.57559,1481.268526,-11.38676,1267.0732,28.49765218750008,1539.4465,58.178007203124935,-11.311064,0.07569623352050847
605,CCC1=C(C)C(CC)=C1CC,Cc1c(C)c(C)c(C)c(C)c1C,4,6,2.54e-05,3.32e-05,19.98978402,-15.7,9.76e-06,495.0661464,1259.315337,1495.864919,-11.42764,1265.4635,6.1481639765625005,1527.2499,31.3849589296874,-11.304719,0.12292102874755884
606,CCC1=C(CC)C(CC)=C1CC,Cc1c(C)c(C)c(C)c(C)c1C,4,6,2.91e-05,3.85e-05,19.98989619,-15.6,1.13e-05,493.994228,1246.071789,1495.864919,-11.41535,1267.5369,21.46507623437492,1519.1322,23.2672831484374,-11.298529,0.11682132873535167
607,CCC1=C(CC)C(CC)=C1CC,CCc1c(C)c(C)c(C)c(C)c1C,4,6,2.87e-05,3.79e-05,19.9903511,-15.6,1.11e-05,496.0218341,1249.046104,1495.864919,-11.41581,1262.2118,13.165687992187486,1512.2626,16.3976542421874,-11.292348,0.12346209197998093
608,CCC1=C(CC)C(CC)=C1CC,CCc1c(C)c(C)c(C)c(C)c1CC,4,6,3.64e-05,4.61e-05,19.9889963,-15.5,1.37e-05,490.1066759,1238.803509,1481.268526,-11.38669,1271.0736,32.270099398437424,1524.9357,43.667142945312435,-11.293551,0.09313855499267554
609,CCC1=C(CC)C(CC)=C1CC,CCc1c(C)c(C)c(C)c(CC)c1CC,4,6,2.95e-05,3.82e-05,19.98959387,-15.6,1.13e-05,491.0942677,1243.993745,1481.268526,-11.38764,1275.1077,31.11392101562501,1535.4056,54.137113648437435,-11.29091,0.09673023284912041
610,CCC1=C(CC)C(CC)=C1CC,CCc1c(C)c(C)c(CC)c(CC)c1CC,4,6,8.38e-06,1.32e-05,19.99213314,-15.8,3.6e-06,498.5869001,1266.819858,1598.446544,-11.414685,1281.0931,14.273281648437433,1551.0509,-47.3956406796874,-11.276401,0.1382844338989262
611,CCC1=C(CC)C(CC)=C1CC,CCc1c(C)c(CC)c(CC)c(CC)c1CC,4,6,8.44e-06,1.17e-05,19.99163968,-15.9,3.37e-06,503.6452767,1277.394711,1598.674029,-11.435505,1292.9639,15.569156187500084,1568.0,-30.67402900000002,-11.274654,0.16085061157226477
612,CCC1=C(CC)C(CC)=C1CC,CCc1c(CC)c(CC)c(CC)c(CC)c1CC,4,6,3.51e-06,3.71e-06,19.99684095,-15.6,1.21e-06,460.6993558,1314.909585,1672.085996,-11.307369,1302.0637,-12.845864296875106,1581.9888,-90.09722646875002,-11.281809,0.025560146850585497
613,CCC1=CC(CC)=C1,Cc1ccccc1,4,6,3.96e-05,4.84e-05,19.99004568,-15.1,1.47e-05,464.0182177,1199.957902,1419.150127,-11.358824,1131.6017,-68.3562174296876,1443.0006,23.85048335156239,-11.23039,0.12843440496826197
614,CCC1=CC(CC)=C1,Cc1ccc(C)cc1,4,6,0.000169247,0.000192915,19.97438837,-15.6,6.04e-05,488.393729,1247.409648,1247.257424,-10.726901,1168.736,-78.67368608593756,1444.6223,197.3648904531251,-11.209785,-0.48288446142578145
615,CCC1=CC(CC)=C1,Cc1ccc(C)c(C)c1,4,6,7.55e-05,9.13e-05,19.98530718,-15.4,2.78e-05,476.7218123,1226.965593,1363.671664,-11.291229,1204.1594,-22.8061691718749,1464.9918,101.32015728906254,-11.268873,0.02235578527831983
616,CCC1=CC(CC)=C1,Cc1cc(C)c(C)cc1C,4,6,4.33e-05,4.97e-05,19.98707145,-14.0,1.55e-05,445.1238698,1112.405066,1393.851293,-11.330655,1201.8285,89.42342521093747,1452.7086,58.85732516406256,-11.278009,0.05264558532714858
617,CCC1=CC(CC)=C1,Cc1cc(C)c(C)c(C)c1C,4,6,4.19e-05,4.86e-05,19.98253235,-14.0,1.51e-05,442.5177424,1121.273011,1393.505804,-11.329295,1189.9149,68.6419059921875,1447.224,53.7181950234376,-11.271721,0.057574113769531365
618,CCC1=CC(CC)=C1,Cc1c(C)c(C)c(C)c(C)c1C,4,6,7.11e-05,8.75e-05,19.98268219,-15.6,2.64e-05,484.615689,1248.075723,1422.314132,-11.310763,1181.2397,-66.83597690624993,1439.6028,17.288651203125028,-11.266433,0.044330237854003585
619,CCC1=CC(CC)=C1,CCc1c(C)c(C)c(C)c(C)c1C,4,6,4.57e-05,5.53e-05,19.984432,-15.5,1.68e-05,480.3302879,1243.750331,1480.593419,-11.368992,1194.2953,-49.45504291406246,1461.936,-18.65738384375004,-11.303666,0.06532588519287152
620,CCC1=CC(CC)=C1,CCc1c(C)c(C)c(CC)c(C)c1C,4,6,6.61e-05,8.03e-05,19.98273064,-15.6,2.44e-05,487.7352302,1253.724277,1422.314132,-11.309673,1207.5605,-46.16373012500003,1481.0905,58.77632210156253,-11.334166,-0.0244925731201171
621,CCC1=CC(CC)=C1,CCc1c(C)c(C)c(CC)c(CC)c1C,4,6,3.57e-05,4.34e-05,19.98620658,-15.6,1.32e-05,481.9166811,1252.520806,1480.593419,-11.383385,1215.7601,-36.76067416406249,1500.6476,20.05416400781246,-11.354977,0.028408345947266156
622,CCC1=CC(CC)=C1,CCc1c(C)c(C)c(CC)c(CC)c1CC,4,6,4.08e-05,5.11e-05,19.98351785,-15.6,1.53e-05,483.1578804,1248.758496,1480.247929,-11.368342,1215.5144,-33.24409170312492,1513.2991,33.05114326562489,-11.3635645,0.004777508728027513
623,CCC1=CC(CC)=C1,CCc1c(C)c(CC)c(CC)c(CC)c1CC,4,6,6.52e-05,8.17e-05,19.98475777,-15.6,2.45e-05,485.8266962,1252.238031,1422.659621,-11.321714,1207.9889,-44.24913939843759,1515.5518,92.89213681249998,-11.34992,-0.028206272827148382
624,CCC1=CC(CC)=C1,CCc1c(CC)c(CC)c(CC)c(CC)c1CC,4,6,8.14e-05,9.69e-05,19.98304869,-15.8,2.97e-05,491.9221212,1268.707073,1422.314132,-11.333178,1199.1873,-69.51981714062504,1517.1844,94.87031624218753,-11.351847,-0.018668694946288866
625,CCC1=CC(CC)=C1C,CCc1c(CC)c(CC)c(CC)c(CC)c1CC,4,6,6.45e-06,7.37e-06,19.99473056,-14.3,2.3e-06,394.3257132,1085.600182,1513.629799,-11.255295,1214.7534,129.1532359687501,1517.7059,4.076133617187452,-11.313854,-0.0585592175292966
626,CCC1=C(C)C(CC)=C1C,CCc1c(CC)c(CC)c(CC)c(CC)c1CC,4,6,5.73e-05,6.78e-05,19.98750905,-16.0,2.09e-05,488.5977081,1274.387826,1422.887106,-11.361983,1264.1842,-10.203621898437405,1554.7542,131.8670443906251,-11.290091,0.07189243908691445
627,CCC1=C(C)C(CC)=C1CC,CCc1c(CC)c(CC)c(CC)c(CC)c1CC,4,6,7.73e-06,1.18e-05,19.99836944,-16.9,3.26e-06,532.8717348,1351.146678,1738.893235,-11.426187,1281.5261,-69.62055495312507,1566.7944,-172.09880140625,-11.28798,0.13820692034912163
628,CCC1=C(CC)C(C(C)C)=C1CC,CCc1c(CC)c(CC)c(CC)c(CC)c1CC,4,6,4.05e-05,5.01e-05,19.98960076,-16.6,1.51e-05,515.4596825,1325.746357,1540.960714,-11.470448,1323.6718,-2.074604070312489,1599.7472,58.78647838281245,-11.274311,0.1961369343261712
629,CCC1=C(CC)C(C(C)C)=C1CC,CCc1c(CC)c(CC)c(C(C)C)c(CC)c1CC,4,6,3.99e-05,4.75e-05,19.9905157,-16.8,1.46e-05,525.5981826,1340.245183,1541.688848,-11.460405,1331.4077,-8.837468156249997,1612.8428,71.15392543749999,-11.275192,0.18521273925781223
630,CCC1=C(CC)C(C(C)C)=C1CC,CCCc1c(CC)c(CC)c(CC)c(CC)c1C(C)C,4,6,4e-05,4.75e-05,19.99064454,-16.8,1.46e-05,526.3309491,1342.630267,1541.688848,-11.461915,1340.0503,-2.5799740312500035,1627.5004,85.81151821093749,-11.277728,0.1841869192504877
631,CCC1=C(CC)C(C(C)C)=C1CC,CCc1c(CC)c(CC)c([C@@H](C)CC)c(C(C)C)c1CC,4,6,8.35e-05,9.24e-05,19.98503723,-16.4,2.93e-05,514.013345,1311.600492,1483.067709,-11.445189,1348.9081,37.30758905468747,1644.7084,161.64066502343758,-11.283144,0.16204500280761636
632,CCC1=C(CC)C(C(C)C)=C1CC,CCc1c(CC)c(C(C)C)c(C(C)C)c([C@@H](C)CC)c1CC,4,6,6.89e-05,7.29e-05,19.99289839,-16.9,2.36e-05,548.759122,1356.548788,1571.923748,-11.467516,1355.8265,-0.7222499140625587,1658.6323,86.70857621875007,-11.288664,0.17885213586425763
633,CCC1=C(CC)C(C(C)C)=C1CC,CCc1c(CC)c([C@@H](C)CC)c(C(C)C)c(C(C)C)c1C(C)C,4,6,1.94e-06,2.05e-06,20.00143127,-18.6,6.64e-07,571.3855139,1492.813685,1745.49045,-11.0593775,1361.9335,-130.88021332031258,1671.0444,-74.44601640625001,-11.2936325,-0.23425500732421867
634,CCC1=C(CC)C(C(C)C)=C1CC,CCc1c(C(C)C)c(C(C)C)c(C(C)C)c(C(C)C)c1C(C)CC,4,6,1.71e-06,2.06e-06,20.00039996,-16.4,6.26e-07,492.4355922,1297.768446,1665.069518,-11.0888675,1364.7338,66.96531864843746,1678.0024,12.932923406249984,-11.295588,-0.20672003967285235
635,CCC1=C(CC)C(C(C)C)=C1CC,CC[C@H](C)c1c(C(C)C)c(C(C)C)c(C(C)C)c(C(C)C)c1C(C)C,4,6,2.27e-06,2.62e-06,20.00089885,-16.4,8.16e-07,490.743336,1293.274712,1662.636033,-11.1948425,1366.7493,73.47455557812509,1683.5016,20.865553914062502,-11.296823,-0.10198004791259763
636,CCC1=C(C(C)C)C(CC)=C1C(C)C,CC[C@H](C)c1c(C(C)C)c(C(C)C)c(C(C)C)c(C(C)C)c1C(C)C,4,6,2.99e-06,3.19e-06,20.00019654,-16.5,1.03e-06,490.6582503,1302.031185,1662.134194,-11.319188,1374.7595,72.72833648437495,1695.6562,33.52205600000002,-11.303486,0.015702129638672346
637,CCC1=C(C(C)C)C(C(C)C)=C1C(C)C,CC[C@H](C)c1c(C(C)C)c(C(C)C)c(C(C)C)c(C(C)C)c1C(C)C,4,6,5.83e-07,6.85e-07,19.99900656,-17.3,2.18e-07,518.4314311,1372.323249,1611.564976,-11.13397,1381.2666,8.943352562499967,1705.65,94.08504841406261,-11.308331,-0.17436053588867217
638,CC(C)C1=C(C(C)C)C(C(C)C)=C1C(C)C,CC[C@H](C)c1c(C(C)C)c(C(C)C)c(C(C)C)c(C(C)C)c1C(C)C,4,6,3.22e-06,3.72e-06,20.00235673,-15.8,1.16e-06,467.2340232,1221.84028,1626.781208,-11.293566,1380.4,158.5597444140626,1688.9696,62.188396492187394,-11.259311,0.034255277648926
639,CC1=CC(C(C)C)=C1,c1ccccc1,4,6,8.15e-06,9.01e-06,19.99311724,-13.7,2.86e-06,398.5684611,1050.566371,1458.191494,-11.249049,1098.5803,48.01395126562511,1413.5392,-44.65230942968742,-11.13555,0.11349945471191347
640,CC1=CC(C(C)C)=C1,Cc1ccccc1,4,6,7.05e-06,7.91e-06,19.99345339,-13.9,2.49e-06,402.6083148,1076.548441,1455.322441,-11.195226,1125.3599,48.81142228125009,1427.2347,-28.087699789062526,-11.1933365,0.0018895131835936496
641,CC1=CC(C(C)C)=C1,Cc1ccc(C)cc1,4,6,6.61e-06,7.58e-06,19.99115094,-13.8,2.36e-06,396.9825999,1069.693513,1455.799753,-11.195725,1160.4363,90.74276629687506,1426.3705,-29.42926960156251,-11.172757,0.0229678512573237
642,CC1=CC(C(C)C)=C1,Cc1ccc(C)c(C)c1,4,6,6.72e-06,7.67e-06,19.99138149,-13.9,2.4e-06,398.3539521,1078.584707,1455.322441,-11.195226,1194.9392,116.35450198437502,1446.1919,-9.130546468750026,-11.23544,-0.04021425421142588
643,CC1=CC(C(C)C)=C1,Cc1cc(C)c(C)c(C)c1,4,6,1.11e-05,1.23e-05,19.99069109,-13.9,3.89e-06,400.0350486,1079.849328,1463.024963,-11.303431,1202.6104,122.76102356249999,1446.275,-16.74993858593757,-11.267923,0.03550764489746072
644,CC1=CC(C(C)C)=C1,Cc1cc(C)c(C)c(C)c1C,4,6,8.8e-06,9.67e-06,19.99147797,-14.2,3.08e-06,404.3833198,1101.935358,1517.363851,-11.351961,1194.2573,92.32196621875005,1443.3949,-73.96895353906257,-11.275342,0.07661901239013602
645,CC1=CC(C(C)C)=C1,Cc1c(C)c(C)c(C)c(C)c1C,4,6,4.91e-06,5.42e-06,19.99571377,-14.2,1.72e-06,409.7821608,1103.245046,1513.086963,-11.22572,1184.2986,81.053537984375,1433.3596,-79.72734385937497,-11.26541,-0.039690423278807785
646,CC1=CC(C(C)C)=C1C,Cc1c(C)c(C)c(C)c(C)c1C,4,6,2.9e-06,3.25e-06,19.99396808,-13.7,1.03e-06,393.186012,1053.729063,1511.793864,-11.17966,1196.5708,142.84173778125,1453.2334,-58.560465562499985,-11.267655,-0.08799537261962875
647,CC1=C(C)C(C(C)C)=C1C,Cc1c(C)c(C)c(C)c(C)c1C,4,6,1.19e-05,1.71e-05,19.99434694,-15.1,4.83e-06,477.1446728,1202.870881,1506.307162,-11.336573,1249.2001,46.329192242187446,1512.7947,6.487515734374938,-11.296762,0.039810533569335504
648,CC1=C(C)C(C(C)C)=C1C,CCc1c(C)c(C)c(C)c(C)c1C,4,6,2.14e-05,2.72e-05,19.99367378,-15.3,8.1e-06,481.5945557,1218.269553,1424.247293,-11.3263,1239.0553,20.785744851562413,1502.9266,78.6793427421876,-11.301915,0.02438483123779278
649,CC1=C(C)C(C(C)C)=C1C,CCc1c(C)c(C)c(C)c(C)c1CC,4,6,2.25e-05,2.9e-05,19.99384152,-15.3,8.58e-06,479.942267,1217.294882,1422.623325,-11.33071,1248.2251,30.930215656250084,1514.2178,91.59444843749998,-11.307796,0.02291447540283187
650,CC1=C(C)C(C(C)C)=C1C,CCc1c(C)c(C)c(C)c(CC)c1CC,4,6,1.58e-05,2.17e-05,19.99382749,-15.4,6.24e-06,483.2455888,1224.83068,1424.247293,-11.323285,1255.2827,30.45203484374997,1527.4425,103.1952118828126,-11.305056,0.018229381713867454
651,CC1=C(C)C(C(C)C)=C1C,CCc1c(C)c(C)c(CC)c(CC)c1CC,4,6,2.6e-06,3.02e-06,19.99375191,-14.1,9.35e-07,399.0677699,1075.133749,1540.236382,-11.258204,1252.3008,177.16703224999992,1533.6154,-6.621025554687549,-11.289496,-0.03129242181396563
652,CC1=C(C)C(C(C)C)=C1C,CCc1c(C)c(CC)c(CC)c(CC)c1CC,4,6,1.1e-06,1.25e-06,19.99469686,-14.2,3.92e-07,402.2668562,1084.01031,1580.271738,-11.0872585,1256.3094,172.2991382421876,1541.8458,-38.425912804687414,-11.285384,-0.1981256781616203
653,CC1=C(C)C(C(C)C)=C1C,CCc1c(CC)c(CC)c(CC)c(CC)c1CC,4,6,5.37e-06,6.06e-06,19.99636045,-14.2,1.91e-06,402.9635723,1086.807585,1513.629799,-11.234445,1264.149,177.34146285156248,1553.0266,39.39681232812495,-11.294688,-0.06024322479248134
654,CCC1=C(C(C)C)C(C)=C1C,CCc1c(CC)c(CC)c(CC)c(CC)c1CC,4,6,1.62e-05,2.29e-05,19.99234517,-15.0,6.52e-06,472.9512295,1187.847493,1420.616524,-11.334215,1281.4729,93.62540739062501,1565.0826,144.46611760156247,-11.292364,0.041850879516601935
655,CCC1=C(CC)C(C(C)C)=C1C,CCc1c(CC)c(CC)c(CC)c(CC)c1CC,4,6,0.009586378,0.012201594,19.30605926,-5.96,0.00363,177.494799,330.0,336.4656941,-6.77467925,1302.5004,972.5003662109375,1581.4484,1244.9826701578124,-11.285824,-4.511144572021484
656,CCC1=C(CC)C(C(C)C)=C1CC,CCc1c(CC)c(CC)c(CC)c(CC)c1CC,4,6,3.72e-06,4.77e-06,19.99429144,-13.9,1.42e-06,399.0952661,1467.835375,1549.611661,-11.222248,1323.6718,-144.1636220703126,1599.7472,50.13553138281259,-11.274311,-0.05206306567382768
657,CCC1=C(CC)C(C(C)C)=C1CC,CCc1c(CC)c(CC)c(C(C)C)c(CC)c1CC,4,6,6.13e-05,6.89e-05,19.98773908,-15.8,2.17e-05,500.221849,1445.994273,1482.351809,-11.432602,1331.4077,-114.58655815625002,1612.8428,130.4909644375,-11.275192,0.15740973925781176
658,CCC1=C(CC)C(C(C)C)=C1CC,CCc1c(CC)c(CC)c(C(C)C)c(C(C)C)c1CC,4,6,3.34e-06,3.82e-06,19.997737,-14.2,1.19e-06,406.4305875,1525.923686,1604.332904,-11.279731,1338.864,-187.0596723281251,1628.1659,23.8329895546874,-11.280698,-0.0009668225708008293
659,CCC1=C(CC)C(C(C)C)=C1CC,CCc1c(CC)c(C(C)C)c(C(C)C)c(C(C)C)c1CC,4,6,1.56e-05,1.86e-05,19.99065128,-14.8,5.7e-06,411.847914,1497.024686,1502.831537,-11.416736,1346.5903,-150.43435396874997,1643.5406,140.70911241406247,-11.286597,0.13013874810791037
660,CCC1=C(CC)C(C(C)C)=C1CC,CCc1c(CC)c(C(C)C)c(C(C)C)c(C(C)C)c1C(C)C,4,6,4.44e-06,5.07e-06,20.00295706,-16.6,1.59e-06,505.4264729,1312.894717,1651.730684,-11.320213,1353.6141,40.7194187421876,1657.5177,5.78701619531239,-11.29196,0.02825323742675856
661,CCC1=C(CC)C(C(C)C)=C1CC,CCc1c(C(C)C)c(C(C)C)c(C(C)C)c(C(C)C)c1C(C)C,4,6,1.3e-06,1.47e-06,20.00190135,-15.9,4.62e-07,461.0211704,1230.886708,1633.634101,-11.0999125,1359.9509,129.064219734375,1670.1663,36.5321587656249,-11.296794,-0.19688143768310518
662,CCC1=C(CC)C(C(C)C)=C1CC,CC(C)c1c(C(C)C)c(C(C)C)c(C(C)C)c(C(C)C)c1C(C)C,4,6,3.76e-06,4.17e-06,20.00115405,-17.4,1.32e-06,510.976024,1370.324768,1685.227521,-11.3224365,1363.6053,-6.719421320312449,1678.3667,-6.860821781250024,-11.299235,0.023201156066894768
663,CCC1=C(C(C)C)C(CC)=C1C(C)C,CC(C)c1c(C(C)C)c(C(C)C)c(C(C)C)c(C(C)C)c1C(C)C,4,6,3.04e-06,3.12e-06,19.99336543,-17.7,1.03e-06,516.3864125,1389.220038,1679.636803,-11.335145,1371.8048,-17.41522842968743,1690.2188,10.5819469999999,-11.304589,0.030555728454590536
664,CCC1=C(C(C)C)C(C(C)C)=C1C(C)C,CC(C)c1c(C(C)C)c(C(C)C)c(C(C)C)c(C(C)C)c1C(C)C,4,6,2.28e-06,2.33e-06,20.0019632,-17.2,7.66e-07,501.2004348,1350.031328,1686.592707,-11.2157625,1377.9198,27.88847180468747,1698.887,12.294255890624981,-11.306717,-0.0909544189453122
665,CC(C)C1=C(C(C)C)C(C(C)C)=C1C(C)C,CC(C)c1c(C(C)C)c(C(C)C)c(C(C)C)c(C(C)C)c1C(C)C,4,6,1.06e-06,1.2e-06,19.99877166,-17.9,3.69e-07,538.1440784,1618.718482,1753.705532,-10.9652865,1376.5055,-242.2129888359375,1681.3646,-72.34090797656245,-11.256653,-0.2913663320312505
666,C1=CC=C1,CCc1ccccc1,4,6,6.83e-06,7.22e-06,19.99517172,-14.3,2.34e-06,409.3452051,1282.426153,1539.93558,-11.249486,1146.2524,-136.1737115937501,1458.4377,-81.49783585937507,-11.204877,0.04460910028076093
667,CC1=CC=C1,CCc1ccccc1,4,6,1.59e-05,1.65e-05,19.99200839,-13.5,5.4e-06,369.0907672,1196.689482,1406.777651,-11.288463,1146.7158,-49.9736616875,1457.0947,50.317075562499895,-11.241728,0.04673517102050795
668,CC1=CC(C)=C1,CCc1ccccc1,4,6,6.61e-05,8.08e-05,19.98670965,-15.4,2.45e-05,467.1184902,1022.321812,1374.070805,-11.264533,1156.8151,134.49325147656248,1472.6255,98.55468328124994,-11.27717,-0.012637181274413933
669,CC1=CC(C)=C1C,CCc1ccccc1,4,6,1.78e-06,2.04e-06,19.98826767,-13.3,6.42e-07,365.0508574,1172.09946,1500.216718,-11.0198355,1172.5,0.4005400000000918,1468.7919,-31.4248478828124,-11.253744,-0.2339086253662117
670,CC1=C(C)C(C)=C1C,CCc1ccccc1,4,6,3.26e-07,3.64e-06,19.99815034,-14.8,6.56e-07,491.3764489,1190.549673,1498.849248,-11.0905295,1202.4702,11.920541843750016,1464.4863,-34.36291987499999,-11.199982,-0.1094521894531244
671,CC1=C(C)C(C)=C1C,CCc1ccc(C)cc1,4,6,3.97e-06,5.07e-06,19.99724564,-15.0,1.51e-06,492.1996657,1210.167006,1552.096654,-11.225248,1212.0354,1.8683943906250988,1471.8896,-80.20700556249994,-11.200561,0.024687430236816965
672,CCC1=C(C)C(C)=C1C,CCc1ccc(C)cc1,4,6,2.64e-06,3.06e-06,19.99299173,-13.6,9.49e-07,450.3759352,1236.894278,1493.375582,-11.181012,1219.1598,-17.734487960937486,1475.3488,-18.026827117187395,-11.201819,-0.020807419860839005
673,CCC1=C(CC)C(C)=C1C,CCc1ccc(C)cc1,4,6,1.15e-05,1.44e-05,19.9945007,-15.0,4.32e-06,469.5252618,1193.69859,1511.215873,-11.348563,1227.2916,33.59303597656253,1475.7114,-35.5044472187501,-11.19226,0.1563032114868168
674,CCC1=C(C)C(CC)=C1CC,CCc1ccc(C)cc1,4,6,1.17e-05,1.47e-05,19.99357117,-15.1,4.39e-06,475.0970799,1204.898581,1510.908274,-11.338693,1232.0453,27.146707085937578,1475.8099,-35.09833747656239,-11.183044,0.15564856640624924
675,CCC1=C(CC)C(CC)=C1CC,CCc1ccc(C)cc1,4,6,4.19e-06,4.97e-06,19.99559043,-13.9,1.53e-06,438.5991397,1275.263726,1499.13452,-11.174612,1235.5099,-39.753838304687406,1477.2283,-21.906248515625066,-11.174051,0.0005607152099607049
676,CCC1=C(CC)C(CC)=C1CC,CCc1ccc(C)cc1C,4,6,3.65e-06,4e-06,19.99422988,-13.6,1.27e-06,418.9407254,1245.655983,1500.23575,-11.17694,1256.2261,10.570091218749894,1500.9001,0.6643964843749472,-11.188097,-0.011157000122070215
677,CCC1=C(CC)C(CC)=C1CC,CCc1cc(C)c(C)cc1C,4,6,6.83e-07,1.01e-06,19.9974008,-14.1,2.87e-07,404.8706332,1289.018923,1495.784427,-11.011391,1267.9293,-21.089601710937586,1513.9995,18.21508471874995,-11.2382965,-0.2269055087890628
678,CCC1=C(CC)C(CC)=C1CC,CCc1cc(C)c(C)c(C)c1C,4,6,4.78e-06,5.51e-06,19.99469471,-14.4,1.72e-06,417.0767495,1210.020599,1504.200067,-11.218209,1267.0186,56.99795568750005,1513.2013,9.00122694531251,-11.27735,-0.05914142572021497
679,CCC1=C(CC)C(CC)=C1CC,CCc1c(C)c(C)c(C)c(C)c1C,4,6,3.54e-06,4.09e-06,19.99504911,-14.5,1.27e-06,418.5090795,1220.954306,1562.079326,-11.246853,1262.2118,41.25748599218741,1512.2626,-49.81675275781254,-11.292348,-0.045494908020019764
680,CCC1=C(CC)C(CC)=C1CC,CCc1c(C)c(C)c(C)c(CC)c1C,4,6,4.02e-06,4.64e-06,19.99458977,-14.4,1.44e-06,416.8249103,1211.673593,1557.811235,-11.251541,1271.0769,59.40331129687502,1524.935,-32.8761764062499,-11.293551,-0.04201044500732465
681,CCC1=C(CC)C(CC)=C1CC,CCc1c(C)c(C)c(CC)c(CC)c1C,4,6,3.58e-06,4.2e-06,19.99518689,-14.5,1.3e-06,420.1710761,1222.472621,1562.079326,-11.246853,1275.1108,52.63821884375011,1535.405,-26.674296703125037,-11.29091,-0.04405676715087914
682,CCC1=C(CC)C(C(C)C)=C1CC,CCc1c(C)c(C)c(CC)c(CC)c1C,4,6,1.76e-06,2.22e-06,20.00097306,-14.9,6.6e-07,440.7093356,1258.85268,1564.689675,-11.0679125,1282.0676,23.214946953125036,1531.4669,-33.22275605468758,-11.2899065,-0.22199400177001927
683,CCC1=C(CC)C([C@H](C)CC)=C1CC,CCc1c(C)c(C)c(CC)c(CC)c1C,4,6,2.47e-06,2.84e-06,19.99684382,-14.4,8.85e-07,413.8391919,1212.008941,1562.079326,-11.256426,1300.4915,88.48251407812495,1545.1499,-16.929423656250037,-11.283301,-0.026875353454590467
684,CCC1=C(CC)C(C(C)(C)CC)=C1CC,CCc1c(C)c(C)c(CC)c(CC)c1C,4,6,2.77e-06,3.67e-06,19.99727536,-14.2,1.07e-06,415.7114633,1203.514098,1564.212496,-11.257644,1301.3367,97.8225719218749,1538.0094,-26.2030965859376,-11.292137,-0.03449314599609288
685,CCC1=C(CC)C(C(C)(C)CC)=C1CC,CCc1c(C)c(C)c(CC)c(C(C)C)c1C,4,6,4.87e-06,6.19e-06,19.995647,-14.2,1.84e-06,395.018749,1190.301434,1506.640836,-11.233478,1306.2131,115.91170076562503,1551.6746,45.033724546874964,-11.297423,-0.06394536273193374
686,CCC1=C(CC)C(C(C)(C)CC)=C1CC,CCc1c(C)c(C)c(C(C)C)c(C)c1C(C)C,4,6,6.66e-06,7.81e-06,20.00108779,-14.3,2.41e-06,400.8236088,1229.550469,1504.200067,-11.232585,1310.5754,81.02497045312498,1565.67,61.46997694531251,-11.301546,-0.06896109680175755
687,CCC1=C(CC)C(C(C)(C)CC)=C1CC,CCc1c(C)c(C)c(C(C)C)c(CC)c1C(C)C,4,6,1.42e-05,1.64e-05,19.99880751,-14.1,5.1e-06,382.1816113,1171.974511,1479.283282,-11.3519,1316.9432,144.9687263046876,1587.1066,107.8232853828124,-11.283627,0.06827344360351617
688,CCC1=C(CC)C(C(C)(C)CC)=C1CC,CCc1c(C)c(C(C)C)c(CC)c(C(C)C)c1CC,4,6,1.42e-05,1.6e-05,19.98211653,-13.2,5.02e-06,357.9626742,1185.227628,1442.88879,-11.29194,1330.0609,144.8332850859374,1607.9429,165.05408109375003,-11.277912,0.014027860107422185
689,CCC1=C(CC)C(C(C)(C)CC)=C1CC,CCc1c(C(C)C)c(C)c(C(C)C)c(CC)c1C(C)C,4,6,4.08e-06,4.61e-06,19.99108601,-13.7,1.45e-06,375.4581884,1261.088301,1489.513595,-11.193327,1338.9458,77.85749978125,1624.7804,135.2668005078126,-11.282878,-0.08955092205810544
690,CCC1=C(C(C)C)C(CC)=C1C(C)(C)CC,CCc1c(C(C)C)c(C)c(C(C)C)c(CC)c1C(C)C,4,6,2.46e-06,2.75e-06,19.99799723,-14.5,8.66e-07,408.8123192,1209.999666,1562.079326,-11.2121615,1346.6898,136.69015333593757,1635.315,73.23561540624996,-11.28809,-0.07592825219726507
691,CCC1=C(C(C)(C)CC)C(C(C)C)=C1C(C)C,CCc1c(C(C)C)c(C)c(C(C)C)c(CC)c1C(C)C,4,6,2.39e-06,2.64e-06,20.0018398,-15.5,8.36e-07,459.0696557,1208.330208,1627.657707,-11.2441715,1352.4548,144.12462598437492,1639.5231,11.865364289062427,-11.281242,-0.03707087060546854
692,CCC(C)(C)C1=C(C(C)C)C(C(C)C)=C1C(C)C,CCc1c(C(C)C)c(C)c(C(C)C)c(CC)c1C(C)C,4,6,3.69e-06,4.5e-06,20.00448074,-15.6,1.37e-06,469.7797243,1212.398263,1622.878199,-11.270765,1351.8068,139.40849969531246,1621.6267,-1.251490015624995,-11.235472,0.03529327453613362
693,CCC(C)(C)C1=C(C(C)C)C(C(C)C)=C1C(C)C,CCc1c(C(C)C)c(CC)c(C(C)C)c(CC)c1C(C)C,4,6,4.47e-06,4.95e-06,20.00179981,-15.7,1.57e-06,478.2485687,1223.430246,1616.730752,-11.27193,1362.7596,139.3293975546876,1635.0026,18.27181147656256,-11.202737,0.06919314544677668
694,CCC(C)(C)C1=C(C(C)C)C(C(C)C)=C1C(C)C,CCc1c(C(C)C)c(CC)c(C(C)C)c(C(C)C)c1C(C)C,4,6,2.89e-06,3.38e-06,20.00260651,-15.6,1.05e-06,466.6244535,1215.5548,1626.781208,-11.288158,1367.6901,152.1352634765626,1640.8021,14.020916023437394,-11.192822,0.09533554364013597
695,CCC(C)(C)C1=C(C(C)C)C(C(C)(C)C)=C1C(C)C,CCc1c(C(C)C)c(CC)c(C(C)C)c(C(C)C)c1C(C)C,4,6,9.11e-07,1.38e-06,20.00050261,-16.4,3.81e-07,475.2364298,1273.6818,1632.135099,-11.097879,1361.395,87.71321953124993,1605.9851,-26.149991578125082,-11.104404,-0.00652544946288991
696,C1=CC=C1,Cc1c(C)c(C)c(C(C)C)c(C)c1C,4,6,1.03e-05,1.12e-05,19.9905117,-14.7,3.59e-06,420.2773939,1325.14406,1564.626591,-11.385882,1236.874,-88.27003656250008,1505.0941,-59.53247478906246,-11.255082,0.1307998695678716
697,CC1=CC=C1,Cc1c(C)c(C)c(C(C)C)c(C)c1C,4,6,7.4e-06,7.82e-06,19.99147258,-14.0,2.53e-06,381.6444405,1242.900177,1464.822256,-11.228296,1211.9153,-30.984893796874985,1478.455,13.632700054687575,-11.279972,-0.05167607641601535
698,CC1=CC(C)=C1,Cc1c(C)c(C)c(C(C)C)c(C)c1C,4,6,4.69e-05,5.74e-05,19.9860197,-16.0,1.74e-05,494.0380956,1287.124531,1530.925325,-11.443162,1201.1469,-85.97768041406243,1474.4227,-56.50259550781243,-11.284952,0.1582098363037101
699,CC1=CC(C)=C1C,Cc1c(C)c(C)c(C(C)C)c(C)c1C,4,6,5.69e-05,6.53e-05,19.98393094,-15.9,2.04e-05,487.4859163,1262.636464,1422.314132,-11.341653,1200.9049,-61.73155677343743,1481.7961,59.48201057812503,-11.291879,0.049774299743653216
700,CC1=C(C)C(C)=C1C,Cc1c(C)c(C)c(C(C)C)c(C)c1C,4,6,1.53e-05,1.62e-05,19.99293075,-15.7,5.25e-06,525.9863927,1277.338765,1582.124619,-11.452713,1251.8567,-25.482075546874967,1538.6891,-43.43553208593744,-11.321705,0.13100813549804613
701,CCC1=C(C)C(C)=C1C,Cc1c(C)c(C)c(C(C)C)c(C)c1C,4,6,2.19e-05,2.37e-05,19.99133129,-15.6,7.6e-06,526.0863835,1272.250717,1497.979337,-11.43133,1256.0383,-16.212386921874895,1540.3381,42.35879776562501,-11.318701,0.11262920959472744
702,CCC1=C(CC)C(C)=C1C,Cc1c(C)c(C)c(C(C)C)c(C)c1C,4,6,4.62e-05,5.54e-05,19.98764894,-15.9,1.69e-05,487.1056597,1260.709926,1480.593419,-11.393932,1255.2314,-5.478480687499996,1528.3184,47.72494037499996,-11.30854,0.08539165576171825
703,CCC1=C(C)C(CC)=C1CC,Cc1c(C)c(C)c(C(C)C)c(C)c1C,4,6,1.81e-05,1.93e-05,19.99289687,-15.5,6.23e-06,523.0142411,1258.71874,1497.751852,-11.418938,1255.9933,-2.7254538671875252,1518.6552,20.9032993671874,-11.300229,0.11870892742919992
704,CCC1=C(C)C(CC)=C1C(C)C,Cc1c(C)c(C)c(C(C)C)c(C)c1C,4,6,2.31e-05,2.47e-05,20.00379072,-18.4,7.96e-06,661.7261581,1466.420556,1612.51759,-11.232793,1262.817,-203.60353939843753,1513.1047,-99.41285367187493,-11.306691,-0.07389816973877039
705,CCC1=C(C)C(CC)=C1C(C)(C)C,Cc1c(C)c(C)c(C(C)C)c(C)c1C,4,6,2.9e-05,3.07e-05,20.00142808,-18.2,9.94e-06,627.6401764,1453.241874,1611.185747,-11.387143,1263.5485,-189.69341208593755,1501.55,-109.63569817187499,-11.317453,0.06968961560058595
706,CCC1=C(C)C(CC)=C1C(C)(C)C,CCCc1c(C)c(C)c(C)c(C)c1C(C)C,4,6,9.55e-06,1.26e-05,19.99127917,-15.2,3.69e-06,487.6257735,1216.896622,1519.216053,-11.332219,1269.3542,52.45762604687502,1517.1012,-2.1148567109376017,-11.3082905,0.02392851843261745
707,CCC1=C(C)C(CC)=C1C(C)(C)C,CCCc1c(C)c(C)c(CC)c(C)c1C(C)C,4,6,6.09e-05,7.13e-05,19.98814948,-15.2,2.2e-05,482.1181515,1222.147376,1364.346772,-11.279573,1278.1483,56.000939429687605,1536.5736,172.2268363984374,-11.300396,-0.02082296557617269
708,CCC1=C(C)C(CC)=C1C(C)(C)C,CCCc1c(C)c(CC)c(CC)c(C)c1C(C)C,4,6,5.95e-05,7.04e-05,19.98816418,-15.1,2.17e-05,479.5379471,1312.784867,1409.651559,-11.321293,1290.7554,-22.029495906250077,1561.7952,152.1436070156251,-11.287885,0.033408287780762436
709,CCC1=C(C)C(CC)=C1C(C)(C)C,CCCc1c(C)c(CC)c(CC)c(CC)c1C(C)C,4,6,1.18e-05,1.26e-05,19.99173968,-15.1,4.05e-06,488.6097983,1301.886304,1540.869294,-11.363183,1312.802,10.91569795312489,1588.6536,47.78427045312492,-11.291944,0.07123944989013609
710,CCC1=C(C)C(CC)=C1C(C)(C)C,CCCc1c(C)c(CC)c(CC)c(C(C)C)c1C(C)C,4,6,8.12e-06,9.06e-06,19.99312414,-15.2,2.86e-06,487.1853979,1307.109496,1543.897726,-11.341578,1318.3075,11.197999117187464,1602.8715,58.97373396093758,-11.303819,0.03775929730224625
711,CCC1=C(C)C(CC)=C1C(C)(C)C,CCCc1c(CC)c(CC)c(CC)c(C(C)C)c1C(C)C,4,6,2e-05,2.36e-05,19.99449294,-15.5,7.26e-06,493.2007641,1230.765403,1488.881391,-11.36469,1342.1582,111.3928001249999,1642.3375,153.4561334140626,-11.313821,0.05086916107177686
712,CCC1=C(C)C(CC)=C1C(C)(C)C,CCc1c(CC)c(C(C)C)c(C(C)C)c(CC(C)C)c1C(C)C,4,6,2.63e-05,2.9e-05,19.99335033,-16.6,9.22e-06,584.7464161,1552.288499,1623.512455,-11.439212,1351.5121,-200.7764140390625,1663.0262,39.513790117187455,-11.325058,0.11415401660156199
713,CCC1=C(CC)C(C(C)(C)C)=C1CC,CCc1c(CC)c(C(C)C)c(C(C)C)c(CC(C)C)c1C(C)C,4,6,1.36e-05,1.78e-05,19.99803441,-17.3,5.24e-06,545.9521621,1388.649206,1717.397108,-11.489816,1360.9418,-27.70743353906255,1673.967,-43.43006698437489,-11.316641,0.17317514611816343
714,CCC1=C(C(C)C)C(CC)=C1C(C)(C)C,CCc1c(CC)c(C(C)C)c(C(C)C)c(CC(C)C)c1C(C)C,4,6,4.07e-05,4.27e-05,19.9946006,-16.7,1.39e-05,520.1053176,1321.74635,1547.41478,-11.461544,1367.0764,45.33006601562511,1681.7887,134.37391628906244,-11.315705,0.14583870062255855
715,CCC1=C(C(C)(C)C)C(CC)=C1C(C)(C)C,CCc1c(CC)c(C(C)C)c(C(C)C)c(CC(C)C)c1C(C)C,4,6,5.07e-05,5.65e-05,19.99389613,-16.8,1.79e-05,556.2477243,1341.801154,1636.311611,-11.500987,1361.3715,19.570305960937503,1656.7795,20.467930015624916,-11.26678,0.23420710040283232
716,CCC1=C(C(C)(C)C)C(C(C)C)=C1C(C)(C)C,CCc1c(CC)c(C(C)C)c(C(C)C)c(CC(C)C)c1C(C)C,4,6,1.43e-06,1.75e-06,20.00310172,-17.0,5.36e-07,509.6085954,1405.232478,1689.026193,-11.0832565,1362.1177,-43.1148022187499,1639.2847,-49.74152503124992,-11.220876,-0.13761924005127035
717,CCC1=C(C(C)(C)C)C(C(C)(C)C)=C1C(C)(C)C,CCc1c(CC)c(C(C)C)c(C(C)C)c(CC(C)C)c1C(C)C,4,6,4.44e-06,4.63e-06,19.9973874,-15.8,1.51e-06,477.4884121,1225.854376,1622.130591,-11.288216,1358.1013,132.246942359375,1605.961,-16.169531429687595,-11.140716,0.14750040093994166
718,CC(C)C1=C(C(C)(C)C)C(C(C)(C)C)=C1C(C)(C)C,CCc1c(CC)c(C(C)C)c(C(C)C)c(CC(C)C)c1C(C)C,4,6,4.4e-06,4.73e-06,20.00113882,-17.8,1.52e-06,548.9035422,1389.016403,1770.719609,-11.35702,1361.911,-27.105392257812582,1572.0099,-198.7097213046875,-11.019173,0.3378473315429691
719,CC(C)(C)C1=C(C(C)(C)C)C(C(C)(C)C)=C1C(C)(C)C,CCc1c(CC)c(C(C)C)c(C(C)C)c(CC(C)C)c1C(C)C,4,6,3.35e-06,3.61e-06,19.99707026,-16.2,1.16e-06,476.4090138,1226.644712,1626.398681,-11.289368,1364.8445,138.19977042187497,1529.4197,-96.9790032656249,-10.885855,0.4035132789306637
720,CC(C)(C)C1=C(C(C)(C)C)C(C(C)(C)C)=C1C(C)(C)C,CCc1c(CC)c(C(C)C)c(C(C)(C)C)c(CC(C)C)c1C(C)C,4,6,4.8e-06,5.48e-06,19.99360882,-16.4,1.71e-06,451.7513976,1457.465853,1613.604986,-11.298945,1370.2737,-87.19217135937492,1545.5565,-68.04846744531255,-10.927972,0.37097316009521464
721,C=C,C1=CC=C1,2,4,0.0,2.8e-08,20.0090414,-20.7,1.64e-08,592.0362186,1909.599777,2169.150378,-11.205685,1820.1267,-89.4730680156249,2086.6118,-82.53856159374982,-11.30947,-0.10378517669677656
722,C=CC,C1=CC=C1,2,4,5.06e-06,5.74e-06,19.99466205,-16.7,1.8e-06,485.0195438,1318.550304,1613.615217,-11.268539,1569.0712,250.5208629921874,1800.5354,186.92018339062497,-11.269932,-0.0013927932128900977
723,CC=CC,C1=CC=C1,2,4,1.99e-07,3.44e-07,20.00859171,-21.1,1.07e-07,612.5636285,1954.208276,2188.933829,-11.201,1668.9928,-285.21547814843757,1877.2599,-311.67394130468756,-11.283513,-0.08251306915283152
724,CC=C(C)C,C1=CC=C1,2,4,2.72e-06,3.34e-06,19.99942104,-17.3,1.01e-06,496.9361433,1574.770779,1680.037904,-11.1759025,1687.0154,112.24460185937505,1920.0736,240.03570439843747,-11.161145,0.014757289733886125
725,CC(C)=C(C)C,C1=CC=C1,2,4,0.0,8.1e-08,20.00841664,-21.5,2.27e-08,623.5916005,1996.421729,2188.933829,-11.157853,1604.0009,-392.4208745078124,1860.1375,-328.79637782812506,-11.142654,0.015198581054686855
726,CC(C)=C(C)C,CC1=CC=C1,2,4,3.4e-06,3.9e-06,19.99490883,-16.9,1.22e-06,464.4213883,1319.165031,1671.877004,-11.292951,1396.6309,77.465828375,1680.3208,8.443796781250057,-11.340321,-0.04736958715820272
727,CC(C)=C(C)C,CC1=CC(C)=C1,2,4,2.7e-05,2.77e-05,20.0017378,-19.0,9.11e-06,588.0726033,1555.882059,1587.230524,-11.317403,1333.663,-222.21909513281253,1634.9729,47.74237639062494,-11.445525,-0.12812216937255805
728,CC(C)=C(C)C,CC1=CC(C)=C1C,2,4,2.25e-05,2.48e-05,19.97610273,-15.9,7.88e-06,437.5193565,1227.727468,1480.291903,-11.376814,1335.5159,107.78840114062496,1633.3411,153.04916145312495,-11.443132,-0.06631840051269577
729,CC(C)=C(C)C,CC1=C(C)C(C)=C1C,2,4,2.96e-05,3.38e-05,19.97495886,-15.8,1.06e-05,437.5870409,1224.43752,1479.133105,-11.379414,1373.2137,148.77622511718755,1663.145,184.0119145312501,-11.383514,-0.004100404296874416
730,CCC(C)=C(C)C,CC1=C(C)C(C)=C1C,2,4,1.17e-05,1.35e-05,19.9689895,-15.9,4.21e-06,436.2909666,1222.154264,1565.797622,-11.371288,1367.4712,145.31692740625,1659.6359,93.83824225781245,-11.367179,0.004109083068847497
731,CCC(C)=C(C)CC,CC1=C(C)C(C)=C1C,2,4,1.21e-05,1.4e-05,19.96860753,-16.0,4.35e-06,439.2624965,1231.594533,1564.437186,-11.372218,1365.9609,134.36640450000004,1659.8037,95.36652493749989,-11.346115,0.02610288769531266
732,CCC(C)=C(CC)CC,CC1=C(C)C(C)=C1C,2,4,1.69e-05,2.09e-05,19.96852643,-16.0,6.29e-06,439.9304697,1232.37357,1480.291903,-11.36101,1365.2655,132.89193292968753,1658.9634,178.67147590624995,-11.328978,0.03203241516113309
733,CCC(CC)=C(CC)CC,CC1=C(C)C(C)=C1C,2,4,4.77e-06,5.75e-06,19.98343201,-16.6,1.75e-06,455.5179854,1291.260432,1597.162801,-11.277548,1366.4441,75.18365979687496,1658.7363,61.573527125000055,-11.321088,-0.04353983721923882
734,CCC(CC)=C(CC)CC,CCC1=C(C)C(C)=C1C,2,4,1.24e-05,1.56e-05,19.9681026,-16.1,4.66e-06,438.5118836,1244.836443,1564.437186,-11.376038,1373.8013,128.96482653125008,1662.8763,98.43915677343739,-11.3080845,0.06795351208496037
735,CCC(CC)=C(CC)CC,CCC1=C(C)C(CC)=C1C,2,4,5.66e-06,7.27e-06,19.97472686,-16.1,2.15e-06,452.6545436,1255.767255,1559.929934,-11.311393,1390.3802,134.61299402343752,1672.5043,112.5743384609375,-11.292985,0.01840803753662179
736,CCC(CC)=C(CC)CC,CCC1=C(C)C(CC)=C1CC,2,4,9.99e-06,1.21e-05,19.97238083,-16.0,3.69e-06,443.884043,1243.029705,1581.71473,-11.36864,1405.0983,162.06856160156258,1682.1141,100.39940574218758,-11.279505,0.08913522399902263
737,CCC(CC)=C(CC)CC,CCC1=C(CC)C(CC)=C1CC,2,4,2.1e-06,2.45e-06,19.99020478,-16.4,7.58e-07,464.0477352,1293.080275,1658.99798,-11.1452385,1423.7509,130.67057949218747,1689.775,30.777044414062402,-11.235951,-0.09071292364501993
738,CCC(CC)=C(CC)C(C)C,CCC1=C(CC)C(CC)=C1CC,2,4,1.11e-05,1.35e-05,19.97262018,-16.3,4.09e-06,449.2393095,1284.399249,1603.367971,-11.385679,1427.7877,143.38847072656245,1688.0233,84.6553444296876,-11.23116,0.15451883612060513
739,CCC(=C(CC)C(C)C)C(C)C,CCC1=C(CC)C(CC)=C1CC,2,4,3.3e-06,3.89e-06,19.97777462,-15.7,1.2e-06,420.1253209,1235.741524,1617.809193,-11.284471,1427.6852,191.94365666406247,1687.1005,69.29127086718745,-11.237276,0.047194922729492106
740,CCC(=C(C(C)C)C(C)C)C(C)C,CCC1=C(CC)C(CC)=C1CC,2,4,9.64e-06,1.11e-05,19.98184245,-16.1,3.45e-06,429.2703458,1249.303408,1582.819323,-11.407879,1422.7654,173.461972859375,1688.9065,106.08717114062506,-11.268693,0.13918602972412053
741,CC(C)C(=C(C(C)C)C(C)C)C(C)C,CCC1=C(CC)C(CC)=C1CC,2,4,5.58e-06,6.44e-06,19.9876701,-16.4,2e-06,434.6332526,1272.798937,1561.607502,-11.345946,1419.8425,147.04359229687498,1689.6497,128.04215620312493,-11.285876,0.060069725891112924
742,CC(C)C(=C(C(C)C)C(C)C)C(C)C,CCC1=C(CC)C(C(C)C)=C1CC,2,4,1.24e-05,1.53e-05,19.97326555,-16.6,4.61e-06,455.1552309,1273.713869,1565.05743,-11.362779,1433.9386,160.22472963281257,1695.603,130.54559734374993,-11.264102,0.09867701788330052
743,CC(C)C(=C(C(C)C)C(C)C)C(C)C,CCC1=C(C(C)C)C(CC)=C1C(C)C,2,4,5.58e-06,6.23e-06,19.99485497,-17.2,1.97e-06,491.8829934,1337.935751,1613.615217,-11.297613,1447.4666,109.53080173437502,1700.2222,86.60695096874997,-11.237603,0.06000981243896497
744,CC(C)C(=C(C(C)C)C(C)C)C(C)C,CCC1=C(C(C)C)C(C(C)C)=C1C(C)C,2,4,8.46e-06,9.37e-06,19.99158505,-17.3,2.97e-06,502.5295906,1347.506179,1632.488498,-11.423034,1456.2822,108.77604756250003,1706.9868,74.49831840625006,-11.228514,0.19452028234863228
745,CC(C)C(=C(C(C)C)C(C)C)C(C)C,CC(C)C1=C(C(C)C)C(C(C)C)=C1C(C)C,2,4,4.25e-06,4.55e-06,19.99904535,-17.2,1.47e-06,499.8333402,1352.144708,1681.822779,-11.331905,1461.6316,109.48688379687496,1702.279,20.456273734374918,-11.218543,0.11336194732666094
746,C=CC,CC1=CC=C1,2,4,1.46e-05,1.72e-05,19.98339874,-16.2,5.3e-06,450.6314372,1259.573062,1524.19146,-11.398526,1366.8286,107.25555128125006,1567.3477,43.156196249999994,-11.2371645,0.1613615026245121
747,C=CC,CC1=CC(C)=C1,2,4,5.07e-07,5.98e-07,20.00257345,-18.6,1.73e-07,526.7122076,1484.47291,1587.792209,-11.059797,1314.9377,-169.53516585937496,1512.7218,-75.07040724218746,-11.230592,-0.17079477398681675
748,C=CC,CC1=CC(C)=C1C,2,4,4.53e-05,5.61e-05,19.95885771,-10.5,1.69e-05,274.2059239,1333.964355,1399.057882,-10.983244,1336.8188,2.8544926562499313,1519.5201,120.46225960156244,-11.202499,-0.21925538964843838
749,C=CC,CC1=C(C)C(C)=C1C,2,4,1.58e-05,2.09e-05,19.95661955,-10.8,6.12e-06,283.816965,1378.994739,1400.21668,-11.005542,1409.5933,30.59852271875002,1568.9196,168.7028756640625,-11.121104,-0.11556224041748031
750,CC=CC,CC1=C(C)C(C)=C1C,2,4,1.56e-05,1.62e-05,20.00084866,-18.8,5.3e-06,628.0045748,1549.528508,1653.571742,-11.252173,1384.4387,-165.0897872968751,1578.2549,-75.31685918750009,-11.2596445,-0.007471508361815538
751,CC=C(C)C,CC1=C(C)C(C)=C1C,2,4,2.91e-05,3.54e-05,20.00207609,-18.9,1.07e-05,571.1748122,1539.085652,1607.141957,-11.408264,1410.1713,-128.91438735156248,1664.6698,57.52784280468745,-11.317748,0.09051593023681725
752,CCC(C)=C(C)C,CC1=C(C)C(C)=C1C,2,4,1.4e-05,1.64e-05,19.97677294,-16.4,5.07e-06,458.0233203,1259.014885,1564.829945,-11.364167,1367.4712,108.45630640624995,1659.6359,94.80591925781255,-11.367179,-0.0030119169311522143
753,CCC(C)=C(C)C,CCC1=C(C)C(C)=C1C,2,4,2.54e-05,2.87e-05,19.97311756,-15.9,9.02e-06,443.3862567,1228.53955,1478.840979,-11.372274,1370.7994,142.25988847656254,1666.2736,187.43258057031244,-11.356131,0.016143400024414944
754,CCC(C)=C(C)C,CCC1=C(CC)C(C)=C1C,2,4,1.26e-05,1.31e-05,19.98442687,-16.3,4.27e-06,475.450246,1275.417812,1567.867948,-11.399458,1383.553,108.13516651562509,1682.3337,114.46579223437493,-11.324971,0.07448680096435467
755,CCC(C)=C(C)C,CCC1=C(C)C(CC)=C1CC,2,4,4.75e-05,5.43e-05,19.9986959,-17.9,1.7e-05,573.9021504,1440.200465,1605.8684,-11.462043,1405.2843,-34.916163242187395,1690.4172,84.54883632812493,-11.263703,0.19833965374755813
756,CCC(C)=C(C)C,CCC1=C(CC)C(CC)=C1CC,2,4,5.39e-06,6.84e-06,19.99450316,-17.0,2.04e-06,515.4488959,1544.344731,1623.608627,-11.350551,1428.1803,-116.16443314843741,1699.4951,75.88649018749993,-11.208247,0.14230381524658142
757,CCC(C)=C(C)CC,CCC1=C(CC)C(CC)=C1CC,2,4,1.27e-06,1.29e-06,19.9943716,-17.5,4.23e-07,506.157997,1385.652688,1692.943761,-11.1183805,1423.6346,37.9819555546876,1694.5227,1.578944078125005,-11.222724,-0.10434346087646418
758,CCC(C)=C(CC)CC,CCC1=C(CC)C(CC)=C1CC,2,4,1.18e-06,1.3e-06,19.99556365,-17.7,4.19e-07,510.6017832,1394.81912,1692.943761,-11.1119675,1422.252,27.43283312499989,1691.4772,-1.466588148437495,-11.231336,-0.11936813995361284
759,CCC(CC)=C(CC)CC,CCC1=C(CC)C(CC)=C1CC,2,4,4.01e-07,5.36e-07,19.99576516,-17.7,1.48e-07,513.5118835,1398.241589,1610.368101,-11.130823,1423.7509,25.509265492187524,1689.775,79.40692341406248,-11.235951,-0.10512842364502006
760,CC=CC,CC1=CC=C1,2,4,2.12e-05,2.53e-05,19.9786116,-15.4,7.75e-06,431.2818028,1183.609666,1418.098575,-11.327564,1404.6394,221.02973829687494,1600.9849,182.88628828125002,-11.228694,0.09887003790283266
761,CC=C(C)C,CC1=CC=C1,2,4,4.33e-06,5.01e-06,19.9977215,-17.0,1.55e-06,465.4880643,1519.688965,1658.770797,-11.286753,1451.21,-68.47900406250005,1702.0592,43.2884071015626,-11.25305,0.03370314953613196
762,CC(C)=C(C)C,CC1=CC=C1,2,4,4.72e-06,5.07e-06,19.99915576,-16.8,1.63e-06,477.2064382,1311.99845,1613.824209,-11.262261,1396.6309,84.63240937499995,1680.3208,66.49659178124989,-11.340321,-0.0780595871582026
763,CCC(C)=C(C)C,CC1=CC=C1,2,4,1.04e-05,1.17e-05,19.99321962,-16.4,3.69e-06,461.6312323,1276.839329,1584.460164,-11.402827,1373.8546,97.0152852578126,1655.0587,70.59855182031242,-11.336286,0.06654140887451199
764,CCC(C)=C(C)CC,CC1=CC=C1,2,4,4.06e-06,4.52e-06,19.99335929,-16.6,1.43e-06,464.5151895,1300.577077,1651.794566,-11.310268,1370.0309,69.45380678906258,1649.4045,-2.3900249843750316,-11.323145,-0.012876912719725908
765,CCC(C)=C(CC)CC,CC1=CC=C1,2,4,4.73e-06,5.15e-06,19.99247859,-16.5,1.65e-06,460.0946651,1291.284778,1598.183398,-11.289576,1368.8302,77.54542219531254,1645.897,47.7135746562501,-11.309266,-0.01969009039306613
766,CCC(CC)=C(CC)CC,CC1=CC=C1,2,4,4.61e-06,5.16e-06,19.998116,-17.1,1.63e-06,471.3422295,1349.100155,1637.307826,-11.266902,1368.9446,19.844425078124914,1645.0872,7.779332203125023,-11.293881,-0.02697941632080081
767,CCC(CC)=C(CC)C(C)C,CC1=CC=C1,2,4,5.59e-06,6.28e-06,19.99910611,-17.2,1.98e-06,472.8046257,1354.12646,1613.997745,-11.324925,1369.7039,15.577397421875048,1644.1595,30.161800898437605,-11.270182,0.05474334411621129
768,CCC(=C(CC)C(C)C)C(C)C,CC1=CC=C1,2,4,1.92e-06,2.25e-06,20.00439439,-17.1,6.95e-07,477.49797,1345.760835,1674.794881,-11.0926015,1372.6807,26.919829062499957,1644.5544,-30.240437640625032,-11.253592,-0.16099003747558527
769,CCC(=C(C(C)C)C(C)C)C(C)C,CC1=CC=C1,2,4,5.27e-06,5.73e-06,20.00096613,-16.7,1.83e-06,470.882557,1312.701182,1614.206737,-11.273904,1373.7955,61.09435022656248,1645.8677,31.660938781250024,-11.244637,0.029267464355468675
770,CCC(=C(C(C)C)C(C)C)C(C)C,CC1=C(C)C=C1,2,4,1.11e-06,1.59e-06,19.98849829,-16.6,4.54e-07,451.6362336,1362.040271,1673.792859,-11.1291665,1348.4661,-13.574206546875075,1619.6902,-54.10267345312491,-11.295749,-0.16658221063232403
771,CCC(=C(C(C)C)C(C)C)C(C)C,CC1=CC(C)=C1C,2,4,3.51e-06,3.71e-06,19.99684095,-15.6,1.21e-06,460.6993558,1315.171329,1672.085996,-11.307369,1351.5615,36.390194437499986,1625.4303,-46.65569814843752,-11.304648,0.0027206006469722155
772,CCC(=C(C(C)C)C(C)C)C(C)C,CC1=C(C)C(C)=C1C,2,4,2.28e-06,2.33e-06,20.0019632,-17.2,7.66e-07,501.2004348,1331.693407,1686.592707,-11.2152325,1381.8619,50.16853147656252,1656.2607,-30.33196481250002,-11.275148,-0.05991589172363199
773,CCC=CCC,CC1=CC=C1,2,4,4.13e-05,5.31e-05,19.95180475,-19.2,1.57e-05,561.0543596,1288.217827,1598.686825,-11.290645,1376.3073,88.08942397656256,1627.5687,28.8819005859375,-11.282337,0.008307811279296473
774,CCC=CCC,CC1=CC(C)=C1,2,4,1.05e-05,1.19e-05,19.95463843,-13.7,3.74e-06,426.023624,1234.201922,1455.56203,-11.21156,1333.7328,99.53086608593753,1592.0889,136.52683718749995,-11.341025,-0.12946535247802693
775,CCC=CCC,CC1=CC(C)=C1C,2,4,3.65e-06,4.04e-06,19.98903271,-16.3,1.28e-06,543.7779774,1522.509898,1763.93065,-11.399423,1333.666,-188.84388237500002,1593.8862,-170.04441953125,-11.352946,0.04647671856689506
776,CCC=CCC,CC1=C(C)C(C)=C1C,2,4,4.62e-05,5.54e-05,19.98764894,-15.9,1.69e-05,487.1056597,1206.290797,1481.469917,-11.394412,1368.1702,161.8793690156249,1622.603,141.1331103437501,-11.314669,0.07974334460449306
777,CCC=CCC,CCC1=C(C)C(C)=C1C,2,4,3.21e-06,3.83e-06,19.99907672,-16.1,1.17e-06,508.9082726,1436.671256,1686.090869,-11.364088,1375.2964,-61.374869281250085,1628.6786,-57.41228013281261,-11.299317,0.06477064007568423
778,CCC=CCC,CCC1=C(C)C(CC)=C1C,2,4,4.06e-06,4.13e-06,20.0048142,-16.4,1.36e-06,539.5944994,1447.820276,1774.489433,-11.3791035,1386.7079,-61.11239025781242,1647.962,-126.52739686718746,-11.275762,0.10334189569091734
779,CCC=CCC,CCC1=C(C)C(CC)=C1CC,2,4,7.44e-06,9.3e-06,20.00638234,-16.4,2.79e-06,582.9573599,1317.099179,1728.204475,-11.463059,1396.0239,78.92474678124995,1667.3204,-60.8840404296875,-11.257657,0.20540194891357366
780,CCC=CCC,CCC1=C(CC)C(CC)=C1CC,2,4,7.58e-05,9.75e-05,19.94442041,-23.8,2.89e-05,621.1021446,1435.684369,1870.829349,-11.300162,1413.9849,-21.69950571875006,1679.696,-191.1333040781251,-11.230941,0.06922118121337917
781,CCC=CCC,CCC1=C(CC)C(C(C)C)=C1CC,2,4,4.4e-05,5.42e-05,19.97485527,-16.7,1.64e-05,556.651874,1263.7787,1582.636559,-11.406946,1433.4598,169.68113886718743,1689.5325,106.89591170312497,-11.212212,0.19473439111328084
782,CCC=CCC,CCC1=C(C(C)C)C(C(C)C)=C1CC,2,4,5.1e-06,6.63e-06,19.99347873,-15.5,1.95e-06,519.369837,1201.766259,1577.538248,-11.325185,1452.9675,251.201270296875,1699.635,122.09676176562493,-11.192389,0.13279646545410095
783,CCC=CCC,CCC1=C(C(C)C)C(C(C)C)=C1C(C)C,2,4,2.4e-05,2.86e-05,19.9763983,-22.7,8.77e-06,606.6723775,1766.822826,2003.184395,-11.4065355,1478.4233,-288.3994861562501,1710.8114,-292.3729936328125,-11.141843,0.2646926578979496
784,CCC=CCC,CC(C)C1=C(C(C)C)C(C(C)C)=C1C(C)C,2,4,3.66e-06,3.99e-06,19.99007886,-22.3,1.27e-06,599.7287971,1794.718828,2138.917221,-11.2102285,1498.4841,-296.23469714062503,1713.6969,-425.22032158593765,-11.100733,0.10949569665527292
785,CCC=CCC,CC(C)C1=C(C(C)C)C(C(C)(C)C)=C1C(C)C,2,4,1.47e-06,1.49e-06,20.00636432,-17.5,4.84e-07,544.9758735,1625.10234,1776.438033,-10.914358,1511.3884,-113.71391226562491,1704.7554,-71.6826619062499,-11.07773,-0.1633721788330078
786,CCC=CCC,CC(C)C1=C(C(C)(C)C)C(C(C)C)=C1C(C)(C)C,2,4,2.04e-06,2.31e-06,19.98819523,-26.7,7.25e-07,728.6608157,1759.180634,1899.276321,-10.639706,1517.9877,-241.19296310156255,1702.038,-197.23835713281255,-11.0794525,-0.43974651464843717
787,CCC=CCC,CC(C)C1=C(C(C)(C)C)C(C(C)(C)C)=C1C(C)(C)C,2,4,4.01e-07,5.36e-07,19.99576516,-17.7,1.48e-07,513.5118835,1384.211016,1610.368101,-11.131653,1519.2415,135.03043907812503,1705.525,95.15692341406248,-11.092279,0.03937356579589846
788,CCC=C(C)CC,CC(C)C1=C(C(C)(C)C)C(C(C)(C)C)=C1C(C)(C)C,2,4,0.000128461,0.000165159,19.94371204,-23.5,4.89e-05,617.9255622,1530.810071,1781.43018,-11.1208855,1493.0652,-37.74488545312511,1699.0778,-82.35242121093756,-11.138296,-0.01741062731933596
789,CCC(C)=C(C)CC,CC(C)C1=C(C(C)(C)C)C(C(C)(C)C)=C1C(C)(C)C,2,4,1.36e-05,1.4e-05,20.00422014,-17.2,4.6e-06,579.6770298,1430.762501,1721.980773,-11.500192,1495.3993,64.63679099218757,1716.5192,-5.461607960937499,-11.144422,0.3557704225463869
790,CCC(C)=C(CC)CC,CC(C)C1=C(C(C)(C)C)C(C(C)(C)C)=C1C(C)(C)C,2,4,4.4e-06,4.97e-06,19.99693928,-17.4,1.56e-06,571.6927968,1415.527708,1765.319771,-11.342599,1482.1206,66.59289746874992,1704.0906,-61.229194828124946,-11.148109,0.19448956396484363
791,CCC(CC)=C(CC)CC,CC(C)C1=C(C(C)(C)C)C(C(C)(C)C)=C1C(C)(C)C,2,4,2.96e-06,3.31e-06,19.98098492,-15.4,1.04e-06,515.2482028,1409.401634,1613.982108,-11.321314,1472.1865,62.78488943749994,1696.4572,82.47504532031257,-11.152479,0.16883482824706952
792,CCC(CC)=C(CC)C(C)C,CC(C)C1=C(C(C)(C)C)C(C(C)(C)C)=C1C(C)(C)C,2,4,2.33e-06,2.58e-06,19.99195107,-15.5,8.2e-07,500.7571636,1407.009461,1680.138641,-11.2387145,1461.3256,54.3161005234374,1689.0693,8.930694937499993,-11.140296,0.09841851763916054
793,CCC(=C(CC)C(C)C)C(C)C,CC(C)C1=C(C(C)(C)C)C(C(C)(C)C)=C1C(C)(C)C,2,4,1.92e-05,2.32e-05,19.9810457,-18.7,7.06e-06,633.8761885,1366.626482,1606.122325,-11.281404,1451.8561,85.2295971015626,1689.6578,83.53551191406245,-11.176125,0.10527942724609396
794,CCC(=C(C(C)C)C(C)C)C(C)C,CC(C)C1=C(C(C)(C)C)C(C(C)(C)C)=C1C(C)(C)C,2,4,4.25e-06,5.26e-06,19.98167301,-14.7,1.58e-06,457.751163,1318.539632,1565.52404,-11.247162,1445.4443,126.90470393750002,1690.8705,125.34644339843749,-11.209871,0.037290707885741625
795,CCC(=C(C(C)C)C(C)(C)C)C(C)C,CC(C)C1=C(C(C)(C)C)C(C(C)(C)C)=C1C(C)(C)C,2,4,0.000421542,0.00055694,19.93837926,-19.4,0.000163,453.9942487,1434.421423,1277.070824,-10.7645935,1436.4708,2.0494021953124957,1679.1831,402.1122814687501,-11.215361,-0.45076714147949204
796,CCC(C(=C(C)C)C(C)(C)C)C(C)(C)C,CC(C)C1=C(C(C)(C)C)C(C(C)(C)C)=C1C(C)(C)C,2,4,8.23e-06,8.87e-06,20.00087143,-15.5,2.85e-06,512.1459459,1430.294796,1638.942564,-11.422488,1433.6913,3.3964881796875943,1681.9557,43.01312447656255,-11.222151,0.20033719738769484
797,CC=C(C)C,CC1=CC=C1,2,4,1.5e-06,1.78e-06,20.00605726,-15.8,5.45e-07,588.2903379,1276.16472,1733.419794,-11.1158575,1451.21,175.0452409375,1702.0592,-31.36058989843741,-11.25305,-0.13719235046386657
798,CC=C(C)C,CC1=CC(C)=C1,2,4,1.92e-05,2.39e-05,19.95703424,-23.0,7.18e-06,537.1138846,1434.481667,1925.430781,-11.419245,1388.2788,-46.202858406250016,1647.8378,-277.5930124453125,-11.346485,0.07275986206054696
799,CC=C(C)C,CC1=CC(C)=C1C,2,4,4.08e-06,4.61e-06,19.99108601,-13.7,1.45e-06,375.4581884,1230.354917,1489.513595,-11.192867,1377.2024,146.8474755781251,1638.3798,148.8661657421876,-11.3680725,-0.17520550976562532
800,CCC(C)=C(C)C,CC1=C(C)C(C)=C1C,2,4,1.5e-05,1.71e-05,19.99116793,-15.6,5.36e-06,515.0451076,1255.0328,1539.818681,-11.417783,1367.4712,112.43839140625005,1659.6359,119.81718325781253,-11.367179,0.05060408306884767
801,CC(C)=C(C)C(C)C,CC1=C(C)C(C)=C1C,2,4,3.99e-06,4.31e-06,20.00487234,-23.3,1.38e-06,650.3518018,1549.014628,2062.669177,-11.001028,1363.6564,-185.3582559296874,1660.3865,-402.2827023906252,-11.32922,-0.32819181811523457
802,CC(C)=C(C)C(C)C,CCC1=C(C)C(C)=C1C,2,4,0.0,6.12e-07,20.00422759,-23.3,1.19e-07,641.9962139,1537.310137,1998.492807,-11.0595325,1369.2375,-168.07258817187494,1665.2495,-333.2432952812501,-11.316276,-0.2567430966186528
803,CC(C)=C(C)C(C)C,CC1=C(C)C(C(C)C)=C1C,2,4,1.22e-05,1.33e-05,19.99444136,-15.9,4.26e-06,526.7527441,1268.606385,1597.446,-11.426163,1387.4358,118.82940601562495,1672.4797,75.03373632812509,-11.292286,0.1338770808105476
804,CC(C)=C(C)C(C)C,CC1=C(C)C(C(C)(C)C)=C1C,2,4,4.61e-06,5.16e-06,19.998116,-17.1,1.63e-06,471.3422295,1320.841795,1637.307826,-11.266372,1399.8466,79.00476261718745,1682.0409,44.73306755468752,-11.250939,0.015432630798340341
805,CC(C)=C(C)C(C)C,CCC1=C(C)C(C(C)(C)C)=C1C,2,4,7.73e-06,1.18e-05,19.99836944,-16.9,3.26e-06,532.8717348,1347.27493,1738.893235,-11.426187,1416.2654,68.99045085937496,1692.466,-46.427292617187504,-11.219308,0.20687910052490288
806,CC(C)=C(C)C(C)C,CC1=C(C(C)C)C(C)=C1C(C)(C)C,2,4,2.35e-06,2.52e-06,19.99175,-16.4,8.14e-07,540.8273616,1512.688628,1764.432488,-11.2787045,1431.1583,-81.53030280468761,1692.5771,-71.85533956249992,-11.179332,0.09937272052001944
807,CC(C)=C(C)C(C)C,CC1=C(C(C)(C)C)C(C)=C1C(C)(C)C,2,4,2.32e-05,2.7e-05,20.00012986,-16.2,8.37e-06,525.8618688,1467.791633,1551.113708,-11.473185,1435.214,-32.57764374218755,1684.1011,132.9873662187499,-11.162484,0.3107008309936532
808,CC(C)=C(C)C(C)C,CCC1=C(C(C)(C)C)C(C)=C1C(C)(C)C,2,4,5.15e-07,6.08e-07,20.00047252,-22.2,1.9e-07,582.8106743,1563.351033,1998.23078,-11.1214115,1448.9541,-114.39693143749992,1688.7137,-309.5170348828126,-11.139286,-0.017874541259764953
809,CC(C)=C(C)C(C)C,CC1=C(C(C)(C)C)C(C(C)C)=C1C(C)(C)C,2,4,3.99e-06,5.59e-06,19.96740407,-17.6,1.6e-06,559.759384,1564.448096,1725.786302,-11.1521905,1457.2251,-107.22299834375008,1692.2198,-33.56645336718748,-11.129646,0.022544198730468423
810,CC(C)=C(C)C(C)C,CC1=C(C(C)(C)C)C(C(C)(C)C)=C1C(C)(C)C,2,4,0.327476282,0.87426965,18.97848243,-3.48,0.2,62.56809972,62.56809972,17.22994248,-5.22132375,1464.9358,1402.367691295625,1698.1816,1680.951698145,-11.141229,-5.919904925842285
811,CC(C)=C(C)C(C)C,CCC1=C(C(C)(C)C)C(C(C)(C)C)=C1C(C)(C)C,2,4,2.15e-06,3.63e-06,20.00261209,-16.2,9.63e-07,520.0577263,1506.316097,1683.921371,-11.336817,1476.0708,-30.2452962187499,1703.0198,19.09840439062509,-11.141238,0.1955787874145507
812,CC(C)=C(C)C(C)C,CC(C)C1=C(C(C)(C)C)C(C(C)(C)C)=C1C(C)(C)C,2,4,7.12e-05,9.21e-05,19.93914939,-23.0,2.72e-05,600.3565649,1421.553735,1870.759271,-11.313412,1483.6924,62.13864781250004,1709.6022,-161.1570981484374,-11.143035,0.17037706500244099
813,CC(C)=C(C)C(C)C,CC(C)(C)C1=C(C(C)(C)C)C(C(C)(C)C)=C1C(C)(C)C,2,4,0.000113826,0.000151522,19.93410601,-20.0,4.42e-05,506.8657703,1529.800863,1674.955452,-11.176214,1491.6996,-38.101278039062436,1721.8734,46.91796108593758,-11.150899,0.02531506658935534
814,CC(C)=C(C)C(C)(C)C,CC(C)(C)C1=C(C(C)(C)C)C(C(C)(C)C)=C1C(C)(C)C,2,4,4.44e-06,5.07e-06,20.00295706,-16.6,1.59e-06,505.4264729,1297.491939,1642.16141,-11.308943,1451.3075,153.8155561171875,1699.8273,57.66586050781257,-11.165966,0.14297696606445243
815,CCC(C)=C(C)C(C)(C)C,CC(C)(C)C1=C(C(C)(C)C)C(C(C)(C)C)=C1C(C)(C)C,2,4,6.18e-06,7.46e-06,19.97389427,-14.3,2.27e-06,438.5060695,1302.946848,1531.356324,-11.246628,1442.5925,139.64568129687495,1693.7723,162.4160148671874,-11.172804,0.07382412121581972
816,CC(=C(C)C(C)(C)C)C(C)C,CC(C)(C)C1=C(C(C)(C)C)C(C(C)(C)C)=C1C(C)(C)C,2,4,8.11e-05,8.8e-05,19.99582108,-16.3,2.82e-05,519.6644158,1266.542377,1444.674011,-11.386545,1433.4448,166.90244721875,1695.994,251.32000755468744,-11.218596,0.16794854156494132
817,CCC(=C(C)C(C)(C)C)C(C)C,CC(C)(C)C1=C(C(C)(C)C)C(C(C)(C)C)=C1C(C)(C)C,2,4,4.9e-06,5.36e-06,20.00738174,-15.7,1.71e-06,558.6933027,1263.654764,1672.377726,-11.325653,1433.2631,169.6082975234376,1694.8325,22.45479353125006,-11.229054,0.09659854901123133
818,C=CC(C)(C)C,C1=CC=C1,2,4,1.7e-06,2.11e-06,19.9957427,-16.3,6.38e-07,543.0559457,1521.519152,1773.32004,-11.1485205,1470.8967,-50.622423484375076,1714.6097,-58.71029878906256,-11.133355,0.015165359313964899
819,C=CC(C)(C)C,CC1=CC=C1,2,4,6.85e-06,6.94e-06,19.99202942,-16.6,2.3e-06,489.8124616,1457.457722,1607.161151,-11.295809,1362.9456,-94.5121653593751,1617.8231,10.661969117187482,-11.1827965,0.11301252172851584
820,C=CC(C)(C)C,CC1=CC(C)=C1,2,4,4.23e-06,4.59e-06,20.00239719,-23.5,1.47e-06,635.9314111,1612.924302,2074.034663,-11.057882,1327.6556,-285.2686623515624,1593.5934,-480.4412792109374,-11.243331,-0.18544895550537177
821,C=CC(C)(C)C,CC1=CC(C)=C1C,2,4,7.21e-06,8.57e-06,19.96472282,-13.9,2.63e-06,392.1804625,1043.539404,1455.595948,-11.167211,1331.7892,288.2497805703124,1601.4939,145.8979484843751,-11.255594,-0.08838325354003906
822,C=CC(C)(C)C,CC1=C(C)C(C)=C1C,2,4,2.33e-07,3.58e-07,20.00606081,-20.1,9.79e-08,560.4670054,1611.869253,1998.712897,-11.0843695,1364.6185,-247.25072272656257,1632.9509,-365.7619692656251,-11.226738,-0.14236847607421943
823,C=CC(C)(C)C,CCC1=C(C)C(C)=C1C,2,4,1.48e-05,1.8e-05,19.9596972,-13.6,5.46e-06,387.8915359,1017.664576,1408.861393,-11.215796,1374.5054,356.84079509375,1631.6528,222.7914390312501,-11.210579,0.005217081542967961
824,C=CC(C)(C)C,CCC1=C(C)C(CC)=C1C,2,4,3.94e-05,4.7e-05,19.99527785,-15.1,1.44e-05,495.0554875,1187.973728,1440.125657,-11.372272,1388.2634,200.28969973437506,1639.2413,199.11567600781245,-11.199497,0.17277477709960998
825,C=CC(C)(C)C,CCC1=C(C)C(CC)=C1CC,2,4,4.86e-05,5.77e-05,19.99490053,-14.9,1.77e-05,490.2892956,1164.345823,1425.529263,-11.324623,1399.9873,235.6414816874999,1647.0706,221.5412936406251,-11.192604,0.13201893505859452
826,C=CC(C)(C)C,CCC1=C(CC)C(CC)=C1CC,2,4,1.05e-06,1.21e-06,20.0035902,-19.0,3.71e-07,536.7820049,1515.441465,1732.230743,-11.036945,1411.626,-103.81548843750011,1655.5896,-76.64114339062507,-11.188476,-0.15153060882568425
827,C=CC(C)(C)C,CCC1=C(CC)C(C(C)C)=C1CC,2,4,3.87e-06,4.07e-06,19.99726513,-15.1,1.32e-06,468.531202,1166.065576,1563.724533,-11.2471805,1422.6484,256.58286150000004,1664.2522,100.52766426562494,-11.19448,0.05270055767822335
828,C=CC(C)(C)C,CCC1=C(C(C)C)C(CC)=C1C(C)C,2,4,2.57e-06,2.65e-06,20.00496189,-18.8,8.71e-07,558.5427805,1509.089302,1742.920207,-11.2164085,1430.7605,-78.32880395312509,1673.3789,-69.54130074999989,-11.203832,0.012576827331542972
829,C=CC(C)(C)C,CCC1=C(C(C)C)C(CC)=C1C(C)(C)C,2,4,1.19e-06,1.29e-06,20.00509167,-18.9,4.17e-07,565.4273485,1524.443589,1749.773099,-11.020034,1429.8284,-94.61521985937497,1677.8784,-71.89468103125,-11.212191,-0.19215662805175704
830,C=CC(C)(C)C,CCC1=C(C(C)(C)C)C(C(C)C)=C1C(C)C,2,4,3.69e-06,4.14e-06,20.00553564,-20.2,1.3e-06,589.7970151,1640.977103,2074.788936,-11.151396,1433.0753,-207.90178561718744,1682.0039,-392.7850297499999,-11.216688,-0.0652921561279296
831,C=CC(C)(C)C,CCC1=C(C(C)(C)C)C(C(C)(C)C)=C1C(C)C,2,4,2.74e-06,2.92e-06,19.99961795,-16.7,9.45e-07,507.265915,1306.262004,1676.730588,-11.337361,1428.4487,122.18672646875007,1678.5369,1.8062772343751021,-11.227982,0.10937943261718708
832,C=CC(C)(C)C,CCC1=C(C(C)(C)C)C(C(C)(C)C)=C1C(C)(C)C,2,4,1.82e-06,1.93e-06,19.99786182,-17.1,6.27e-07,512.2922925,1346.676621,1689.026193,-11.1037965,1425.5018,78.82521005468743,1669.4781,-19.54804358593742,-11.218522,-0.11472557183837928
833,C=CC(C)(C)C,CC(C)C1=C(C(C)(C)C)C(C(C)(C)C)=C1C(C)(C)C,2,4,7.77e-07,8.33e-07,19.99660685,-16.7,2.71e-07,488.9336871,1298.814937,1584.721581,-11.03461,1428.8936,130.0786176874999,1665.1135,80.39194439062499,-11.206943,-0.17233255828857352
834,C=CC(C)(C)C,CC(C)(C)C1=C(C(C)(C)C)C(C(C)(C)C)=C1C(C)(C)C,2,4,8.36e-06,9.18e-06,20.00145217,-17.5,2.92e-06,537.2614205,1373.764285,1727.839394,-11.447307,1426.4924,52.72814664062503,1651.8582,-75.98123970312508,-11.183164,0.26414335711669956
835,CC=CC(C)(C)C,CC(C)(C)C1=C(C(C)(C)C)C(C(C)(C)C)=C1C(C)(C)C,2,4,6.99e-06,7.18e-06,20.00214402,-18.8,2.36e-06,554.3471861,1497.408415,1684.675867,-11.285605,1450.4004,-47.008024375000105,1658.2576,-26.418298640624926,-11.145061,0.14054446075439486
836,CC(C)=CC(C)(C)C,CC(C)(C)C1=C(C(C)(C)C)C(C(C)(C)C)=C1C(C)(C)C,2,4,4.47e-06,4.5e-06,20.00254079,-19.0,1.5e-06,561.4428998,1516.619434,1718.487789,-11.236326,1439.5251,-77.09428751562496,1688.1665,-30.32128509375002,-11.166703,0.06962277581787113
837,CC(C)=C(C)C(C)(C)C,CC(C)(C)C1=C(C(C)(C)C)C(C(C)(C)C)=C1C(C)(C)C,2,4,3.52e-06,3.75e-06,20.00234953,-19.2,1.22e-06,566.516516,1531.815383,1749.088711,-11.2063005,1451.3075,-80.50788788281261,1699.8273,-49.2614404921876,-11.165966,0.04033446606445246
838,CCC(C)=C(C)C(C)(C)C,CC(C)(C)C1=C(C(C)(C)C)C(C(C)(C)C)=C1C(C)(C)C,2,4,5.88e-06,6.28e-06,20.00187598,-18.5,2.03e-06,540.3851996,1457.599788,1686.66523,-11.330705,1442.5925,-15.00725870312499,1693.7723,7.107108867187435,-11.172804,0.15790112121582034
839,CC(=C(C)C(C)(C)C)C(C)C,CC(C)(C)C1=C(C(C)(C)C)C(C(C)(C)C)=C1C(C)(C)C,2,4,7.99e-06,8.46e-06,20.00222504,-18.9,2.74e-06,554.8456985,1497.123265,1695.262711,-11.358767,1433.4448,-63.67844078124995,1695.994,0.7313075546874188,-11.218596,0.1401705415649417
840,CC(=C(C)C(C)(C)C)C(C)(C)C,CC(C)(C)C1=C(C(C)(C)C)C(C(C)(C)C)=C1C(C)(C)C,2,4,1.04e-05,1.1e-05,19.99968327,-18.7,3.57e-06,539.2121084,1474.545086,1700.009804,-11.367712,1421.2607,-53.28434381250008,1674.6514,-25.35843681250003,-11.212652,0.1550597935791007
841,CCC(=C(C)C(C)(C)C)C(C)(C)C,CC(C)(C)C1=C(C(C)(C)C)C(C(C)(C)C)=C1C(C)(C)C,2,4,2.45e-06,3.44e-06,19.97588994,-16.4,9.81e-07,427.71204,1251.424546,1617.809193,-11.28794,1420.7126,169.28810048437504,1664.9149,47.10572399218745,-11.197443,0.09049699157714919
842,CCC(=C(CC)C(C)(C)C)C(C)(C)C,CC(C)(C)C1=C(C(C)(C)C)C(C(C)(C)C)=C1C(C)(C)C,2,4,1.78e-05,1.97e-05,19.99453728,-18.2,6.25e-06,517.3959046,1428.936709,1518.677367,-11.397029,1420.4445,-8.492250992187564,1656.6215,137.9440929609375,-11.184408,0.21262081213378892
843,CCC(=C(C(C)C)C(C)(C)C)C(C)(C)C,CC(C)(C)C1=C(C(C)(C)C)C(C(C)(C)C)=C1C(C)(C)C,2,4,1.3e-05,1.34e-05,19.99633355,-15.5,4.4e-06,445.9056424,1177.778444,1575.560976,-11.395301,1415.6357,237.85729818749996,1633.8702,58.30926325781252,-11.1397,0.25560106408691396
844,C=CC,CC(C)C1=CC=C1,2,4,8.11e-05,8.8e-05,19.99582108,-16.3,2.82e-05,519.6644158,1288.888139,1480.627609,-11.430475,1251.6675,-37.22065853124991,1496.6873,16.059646859375107,-11.311337,0.11913752899169872
845,C=CC,CC(C)(C)C1=CC=C1,2,4,6.6e-06,7.64e-06,19.99061942,-14.1,2.37e-06,434.8361363,1080.087427,1475.903057,-11.235617,1238.5061,158.41867651562507,1515.9823,40.07924280468751,-11.310259,-0.07464186535644579
846,C=CC,CC1=CC(C(C)(C)C)=C1,2,4,1.84e-06,2.03e-06,20.00410537,-18.4,6.47e-07,554.6018239,1468.882901,1747.479813,-11.1003435,1250.1248,-218.75814514062495,1525.7092,-221.77058448437492,-11.3347225,-0.23437901892089918
847,C=CC,CCC1=CC(C(C)(C)C)=C1,2,4,2.27e-06,2.52e-06,19.99936794,-16.2,7.97e-07,486.6197693,1272.217873,1627.128004,-11.1873385,1251.0105,-21.207374953125054,1534.3236,-92.80439560156242,-11.333487,-0.14614805700683675
848,C=CC,CC(C)C1=CC(C(C)(C)C)=C1,2,4,5.11e-06,5.88e-06,19.99469418,-15.0,1.83e-06,458.6101628,1160.340182,1506.708621,-11.23851,1253.9265,93.58633167187509,1544.524,37.815426851562506,-11.320163,-0.08165277313232444
849,C=CC,CC(C)(C)C1=CC(C(C)(C)C)=C1,2,4,4.36e-06,4.84e-06,19.99887027,-15.4,1.53e-06,467.9628379,1196.895401,1560.31979,-11.252089,1257.5282,60.63279724218751,1545.179,-15.140834921875012,-11.285333,-0.03324367974853537
850,C=CC,CC1=C(C(C)(C)C)C=C1C(C)(C)C,2,4,3.76e-06,4.19e-06,19.99435832,-16.4,1.33e-06,477.4275779,1278.356924,1625.762818,-11.2894865,1297.1154,18.758432445312565,1574.3094,-51.453369757812425,-11.235056,0.054430576538086584
851,C=CC,CC1=C(C(C)(C)C)C(C)=C1C(C)(C)C,2,4,4.26e-06,4.57e-06,19.99702705,-16.2,1.47e-06,485.0965416,1265.774351,1622.130591,-11.276786,1366.6963,100.92193806249998,1590.2806,-31.849951351562595,-11.122132,0.15465369866943313
852,C=CC,CCC1=C(C(C)(C)C)C(C)=C1C(C)(C)C,2,4,3.37e-06,3.78e-06,19.99597931,-15.7,1.19e-06,481.8702396,1221.019482,1626.398681,-11.280086,1382.233,161.21355022656257,1600.7656,-25.633055999999897,-11.106106,0.17398019555664135
853,C=CC,CCC1=C(C(C)(C)C)C(CC)=C1C(C)(C)C,2,4,1.67e-06,1.86e-06,20.00326499,-17.5,5.85e-07,526.7723107,1393.519416,1697.48869,-11.0783345,1396.3291,2.809685562499908,1611.4377,-86.0509458593749,-11.092427,-0.014092753723144114
854,C=CC,CCC1=C(C(C)(C)C)C(C(C)C)=C1C(C)(C)C,2,4,5.22e-07,6.81e-07,20.00232951,-17.8,1.97e-07,544.9689235,1423.725355,1700.279092,-11.156161,1402.383,-21.342298359375036,1617.6914,-82.58768574999999,-11.087407,0.06875388787841885
855,C=CC,CC(C)C1=C(C(C)(C)C)C(C(C)C)=C1C(C)(C)C,2,4,7.4e-07,9.35e-07,19.99878151,-17.1,2.91e-07,512.6143338,1354.692258,1613.76883,-11.067857,1406.068,51.37573516406246,1617.836,4.06722957031252,-11.080732,-0.012875345581054631
856,C=CC,CC(C)C1=C(C(C)(C)C)C(C(C)(C)C)=C1C(C)(C)C,2,4,1.02e-06,1.47e-06,20.00054649,-17.0,4.15e-07,512.5429205,1346.398316,1694.853549,-11.1369015,1399.4244,53.02612247656248,1608.2225,-86.63101482031243,-11.087179,0.049722316040039516
857,C=CC,CC(C)(C)C1=C(C(C)(C)C)C(C(C)(C)C)=C1C(C)(C)C,2,4,5.41e-06,6.49e-06,19.99917604,-15.4,1.98e-06,436.0777768,1182.969891,1506.315862,-11.28487,1393.3458,210.37593419531254,1600.548,94.23211163281258,-11.0888815,0.19598850738525364
858,CC=CC,CC(C)(C)C1=C(C(C)(C)C)C(C(C)(C)C)=C1C(C)(C)C,2,4,3.87e-06,4.15e-06,19.99601671,-16.4,1.34e-06,442.1948654,1271.258379,1625.525102,-11.2874305,1541.6722,270.4138622109374,1702.7997,77.27458061718744,-11.028695,0.2587353934936516
859,CC=C(C)C,CC(C)(C)C1=C(C(C)(C)C)C(C(C)(C)C)=C1C(C)(C)C,2,4,8.32e-06,8.98e-06,20.00265628,-19.1,2.88e-06,564.6062946,1530.149326,1675.607574,-11.360878,1684.9509,154.80160173437503,1848.3477,172.7400822499999,-11.0476265,0.31325150463867146
860,CCC(C)=C(C)C,CC(C)(C)C1=C(C(C)(C)C)C(C(C)(C)C)=C1C(C)(C)C,2,4,7.77e-06,8.67e-06,20.00279673,-19.2,2.74e-06,568.9159237,1542.875079,1700.157813,-11.2724825,1550.8018,7.926678812500086,1773.401,73.24318797656247,-11.124056,0.14842663757324281
861,CC(C)=C(C)C(C)C,CC(C)(C)C1=C(C(C)(C)C)C(C(C)(C)C)=C1C(C)(C)C,2,4,2.09e-06,2.21e-06,19.9977735,-16.9,7.15e-07,459.0572913,1300.67192,1665.452046,-11.1076605,1491.6996,191.0276649609375,1721.8734,56.42136708593739,-11.150899,-0.043238433410644816
862,CCC(C)=C(C)C(C)C,CC(C)(C)C1=C(C(C)(C)C)C(C(C)(C)C)=C1C(C)(C)C,2,4,5.31e-06,5.82e-06,20.00285779,-19.2,1.85e-06,569.5088727,1536.743134,1691.209452,-11.1952675,1478.2673,-58.475800015625055,1709.5339,18.324483546874944,-11.152855,0.04241258056640618
863,CC(=C(C)C(C)C)C(C)C,CC(C)(C)C1=C(C(C)(C)C)C(C(C)(C)C)=C1C(C)(C)C,2,4,1.48e-06,1.64e-06,20.00423652,-17.8,5.17e-07,531.5573003,1436.282942,1782.205672,-11.0973415,1456.3561,20.073137101562452,1697.0115,-85.19419739062505,-11.165907,-0.06856540612792905
864,CCC(=C(C)C(C)C)C(C)C,CC(C)(C)C1=C(C(C)(C)C)C(C(C)(C)C)=C1C(C)(C)C,2,4,1.85e-06,2.1e-06,20.00471641,-19.1,6.6e-07,569.9315696,1548.931275,1724.606303,-10.8737545,1445.3202,-103.61108457031241,1692.7467,-31.859598898437525,-11.178074,-0.3043193830566402
865,CC(=C(C(C)C)C(C)C)C(C)C,CC(C)(C)C1=C(C(C)(C)C)C(C(C)(C)C)=C1C(C)(C)C,2,4,2.35e-06,4.03e-06,20.0014312,-17.9,1.06e-06,526.7780183,1397.487593,1664.657154,-11.309916,1438.347,40.85945289843744,1693.5503,28.89313896875001,-11.210883,0.09903285943603457
866,CCC(=C(C(C)C)C(C)C)C(C)C,CC(C)(C)C1=C(C(C)(C)C)C(C(C)(C)C)=C1C(C)(C)C,2,4,4.17e-06,5.71e-06,20.00123668,-17.6,1.65e-06,519.0062266,1371.712857,1651.521692,-11.300895,1437.8286,66.11575628125001,1692.621,41.09927967968747,-11.221083,0.07981231262207089
867,CC(C)C(=C(C(C)C)C(C)C)C(C)C,CC(C)(C)C1=C(C(C)(C)C)C(C(C)(C)C)=C1C(C)(C)C,2,4,7.59e-06,8.65e-06,20.0005462,-16.2,2.71e-06,473.3397106,1237.11775,1570.823335,-11.286433,1430.6132,193.4954091796876,1672.2375,101.41421382812496,-11.199771,0.08666207257080139
868,CC(C)C(=C(C(C)C)C(C)(C)C)C(C)C,CC(C)(C)C1=C(C(C)(C)C)C(C(C)(C)C)=C1C(C)(C)C,2,4,1.15e-05,1.28e-05,19.9950714,-17.4,4.06e-06,496.5927179,1351.960203,1635.914132,-11.423144,1420.3015,68.34131067187491,1643.6661,7.752005695312391,-11.157979,0.2651649884643561
869,CC(C)(C)C=CC(C)(C)C,C1=CC=C1,2,4,2.42e-07,4e-07,20.00215594,-17.9,1.02e-07,521.2943289,1425.155472,1577.336371,-11.11934,1452.0892,26.933761398437582,1706.7222,129.3857969687499,-11.109889,0.009450969543456367
870,CC(C)(C)C=CC(C)(C)C,CC1=CC(C)=C1,2,4,1.03e-06,1.41e-06,20.00570363,-19.3,4.1e-07,537.7827452,1556.349522,1757.478675,-10.911637,1356.4573,-199.89224660937498,1606.3024,-151.17630683593757,-11.254592,-0.3429549418334954
871,CC(C)(C)C=CC(C)(C)C,CC1=CC(C)=C1C,2,4,3.78e-06,4.27e-06,19.99880336,-17.2,1.34e-06,473.9894505,1347.810632,1667.608913,-11.292144,1357.8885,10.077917804687559,1616.9915,-50.61745792187503,-11.274406,0.017737566894531653
872,CC(C)(C)C=CC(C)(C)C,CC1=C(C)C(C)=C1C,2,4,5.05e-06,5.76e-06,19.99586211,-16.9,1.8e-06,465.1704777,1320.787756,1613.997745,-11.263663,1377.8188,57.031091656250055,1651.689,37.691219843750105,-11.281069,-0.017405801879883498
873,CC(C)(C)C=CC(C)(C)C,CC1=C(C)C(C(C)C)=C1C,2,4,1.2e-06,1.26e-06,19.99451494,-17.2,4.08e-07,478.0583762,1345.988825,1678.347368,-11.0948755,1396.3801,50.391301953125094,1660.4841,-17.86323714062496,-11.269165,-0.17428953906249944
874,CC(C)(C)C=CC(C)(C)C,CC1=C(C)C(C(C)(C)C)=C1C,2,4,1.1e-06,1.22e-06,19.99580425,-17.5,3.86e-07,508.1077569,1383.911425,1694.853549,-11.1221405,1399.6874,15.775952929687492,1665.9052,-28.94839763281243,-11.291104,-0.16896381671142535
875,CC(C)(C)C=CC(C)(C)C,CCC1=C(C)C(C(C)(C)C)=C1C,2,4,8.9e-07,9.58e-07,19.99469832,-17.6,3.17e-07,504.9443969,1396.437096,1684.166304,-11.085769,1408.1847,11.74759638281239,1676.7125,-7.453779585937582,-11.302564,-0.2167946672973624
876,CC(C)(C)C=CC(C)(C)C,CC1=C(C(C)C)C(C)=C1C(C)(C)C,2,4,1.98e-06,2.25e-06,19.99526415,-17.7,7.07e-07,510.3120152,1408.550314,1689.026193,-11.1293125,1419.4094,10.859109828124929,1688.1232,-0.9030240546874211,-11.294701,-0.16538812255859447
877,CC(C)(C)C=CC(C)(C)C,CC1=C(C(C)(C)C)C(C)=C1C(C)(C)C,2,4,2.35e-06,2.6e-06,19.99660745,-18.0,8.27e-07,520.3313591,1438.095841,1656.194657,-11.2312145,1420.9474,-17.148453304687564,1673.8447,17.650069562499993,-11.252487,-0.0212726826171874
878,CC(C)(C)C=CC(C)(C)C,CCC1=C(C(C)(C)C)C(C)=C1C(C)(C)C,2,4,2.14e-06,2.29e-06,20.00111821,-18.6,7.36e-07,541.6016071,1482.360275,1750.093433,-11.0540335,1429.8966,-52.4636685546875,1680.865,-69.228442765625,-11.2530365,-0.19900299902343832
879,CC(C)(C)C=CC(C)(C)C,CC1=C(C(C)(C)C)C(C(C)C)=C1C(C)(C)C,2,4,2.14e-06,2.29e-06,20.00111821,-18.6,7.36e-07,541.6016071,1476.5156,1750.093433,-11.0540335,1432.9688,-43.54684999999995,1667.2437,-82.84978065625,-11.220091,-0.166057366088868
880,CC(C)(C)C=CC(C)(C)C,CC1=C(C(C)(C)C)C(C(C)(C)C)=C1C(C)(C)C,2,4,6.89e-06,7.69e-06,20.00068661,-17.7,2.43e-06,520.9812521,1395.294236,1628.21161,-11.29299,1423.8544,28.560134117187545,1643.1576,14.945982773437436,-11.179068,0.1139223883056637
881,CC(C)(C)C=CC(C)(C)C,CCC1=C(C(C)(C)C)C(C(C)(C)C)=C1C(C)(C)C,2,4,2.56e-06,2.7e-06,20.00417342,-19.0,8.77e-07,558.8286358,1526.395627,1723.12096,-11.1667345,1429.804,-96.5916719218751,1651.7201,-71.40086722656247,-11.186609,-0.01987476818847611
882,CC(C)(C)C=CC(C)(C)C,CC(C)C1=C(C(C)(C)C)C(C(C)(C)C)=C1C(C)(C)C,2,4,7.82e-07,1.13e-06,20.00540617,-19.2,3.2e-07,558.150969,1538.354654,1679.928463,-10.9727195,1426.5555,-111.79911200781248,1647.5898,-32.338619249999965,-11.179233,-0.20651309735107404
883,CC(C)(C)C=CC(C)(C)C,CC(C)(C)C1=C(C(C)(C)C)C(C(C)(C)C)=C1C(C)(C)C,2,4,5.24e-07,1.58e-06,20.00226042,-18.5,3.52e-07,540.8102364,1456.560703,1674.604403,-11.09136,1415.031,-41.5296971406251,1633.3505,-41.25393913281255,-11.157247,-0.06588658966064465
884,CC(=CC(C)(C)C)C(C)(C)C,CC(C)(C)C1=C(C(C)(C)C)C(C(C)(C)C)=C1C(C)(C)C,2,4,5.73e-06,7.44e-06,20.0015142,-18.7,2.19e-06,549.0419152,1485.528825,1684.675867,-11.291369,1418.052,-67.4768230468751,1660.9528,-23.723108210937426,-11.195542,0.09582666448974564
885,CC(=C(C)C(C)(C)C)C(C)(C)C,CC(C)(C)C1=C(C(C)(C)C)C(C(C)(C)C)=C1C(C)(C)C,2,4,1.14e-06,1.45e-06,20.00433844,-18.5,4.27e-07,542.3670192,1486.318834,1749.069267,-11.1121805,1421.2607,-65.05809181249992,1674.6514,-74.41789981250008,-11.212652,-0.10047170642089931
886,CCC(=C(C)C(C)(C)C)C(C)(C)C,CC(C)(C)C1=C(C(C)(C)C)C(C(C)(C)C)=C1C(C)(C)C,2,4,1.17e-06,1.51e-06,20.00343394,-18.3,4.45e-07,529.9838881,1464.19097,1751.397381,-11.0861105,1420.7126,-43.47832351562511,1664.9149,-86.4824640078125,-11.197443,-0.11133250842285136
887,C=C,C1=CCC=C1,2,5,0.0,3.37e-07,20.00991108,-17.9,7.74e-09,574.555763,1815.832837,1725.483598,-11.003114,1770.2639,-45.56892098437493,1800.4501,74.96647524218747,-11.1411915,-0.13807748254394525
888,C=CC,C1=CCC=C1,2,5,5.07e-06,5.54e-06,19.99033862,-15.7,1.77e-06,447.9497191,1429.602881,1607.15092,-11.312357,1444.637,15.034081890624975,1601.0164,-6.134562578125042,-11.331483,-0.019125887268065966
889,CC=CC,C1=CCC=C1,2,5,1.46e-05,1.56e-05,19.99890634,-17.4,5.03e-06,536.2468205,1436.639268,1721.615692,-11.481786,1547.06,110.4207905937501,1682.1327,-39.48300157031258,-11.269359,0.21242736505126913
890,CC=C(C)C,C1=CCC=C1,2,5,1.87e-06,2.39e-06,20.00613766,-17.2,7.09e-07,536.1283796,1438.337412,1778.288104,-11.1545975,1608.798,170.46056163281241,1776.4951,-1.7929868124999757,-11.267276,-0.11267831024169972
891,CC(C)=C(C)C,C1=CCC=C1,2,5,8.21e-06,9.58e-06,20.00546942,-17.9,2.96e-06,547.1987231,1503.168596,1693.158282,-11.464043,1586.6471,83.47849872656252,1740.1931,47.0348332343749,-11.248802,0.21524081494140646
892,CC(C)=C(C)C,CC1=CC=CC1,2,5,1.04e-06,1.15e-06,20.00556981,-17.5,3.67e-07,542.9608916,1459.222801,1784.115461,-11.1284835,1571.087,111.86423513281261,1698.5364,-85.5790840468751,-11.207676,-0.07919243383789087
893,CC(C)=C(C)C,CC1=CC=C(C)C1,2,5,4.09e-06,4.46e-06,20.00517052,-17.8,1.42e-06,555.4777976,1485.134073,1766.481707,-11.384614,1589.1271,103.99300219531256,1696.2532,-70.22853317187491,-11.160507,0.22410679785156162
894,CC(C)=C(C)C,CC1=CC(C)=C(C)C1,2,5,6.11e-06,7e-06,20.00505203,-18.5,2.19e-06,563.6971819,1542.284597,1682.427328,-11.314003,1623.3995,81.11493913281242,1714.5063,32.07901965625001,-11.116877,0.19712639782714803
895,CC(C)=C(C)C,CC1=CC(C)=C(C)C1C,2,5,4.01e-06,4.92e-06,20.00394098,-18.8,1.49e-06,575.4166365,1562.087542,1731.437216,-11.0771585,1625.9263,63.838727531250015,1722.9032,-8.534017757812535,-11.107408,-0.030249069885254443
896,CC(C)=C(C)C,CC1=C(C)C(C)C(C)=C1C,2,5,5.53e-07,6.98e-07,20.00602893,-18.8,2.21e-07,579.8636435,1561.275694,1663.64184,-10.929411,1669.9044,108.62872494531257,1755.1879,91.5460262109375,-11.062611,-0.13319962622070314
897,C=CC,C1=CCC=C1,2,5,9.08e-06,9.69e-06,19.9858527,-15.5,3.13e-06,437.6200206,1411.310023,1617.206766,-11.415761,1444.637,33.326939890625,1601.0164,-16.190408578125016,-11.331483,0.08427811273193342
898,C=CC,CC1=CC=CC1,2,5,3.92e-05,4.56e-05,19.95866586,-14.1,1.41e-05,387.6972858,1116.770692,1392.807314,-11.315134,1438.507,321.73626600781245,1565.7865,172.9791850234376,-11.308501,0.0066327564086918755
899,C=CC,CC1=CC=CC1C,2,5,5.26e-06,5.8e-06,19.99064483,-15.8,1.84e-06,465.9570854,1437.922816,1607.543679,-11.308953,1469.5121,31.58926896093749,1587.0817,-20.46201396093761,-11.237744,0.07120866864013742
900,C=CC,CC1=CC=C(C)C1C,2,5,1.3e-05,1.43e-05,19.98994139,-16.1,4.54e-06,475.675305,1465.758178,1612.050931,-11.439833,1504.9113,39.15307688281246,1618.4738,6.422823882812509,-11.183055,0.25677807598876967
901,C=CC,CC1=CC(C)=C(C)C1C,2,5,8.16e-06,8.3e-06,19.99108776,-16.3,2.74e-06,484.8070716,1488.099823,1612.388332,-11.390598,1565.5665,77.46670532031249,1678.7086,66.32028616406251,-11.160994,0.22960442395019598
902,C=CC,CC1=C(C)C(C)C(C)=C1C,2,5,2.37e-07,4.13e-07,20.00650324,-19.1,5.13e-08,591.7938153,1775.582151,1718.067419,-10.941917,1626.6799,-148.90221935937507,1740.0875,22.020105414062527,-11.137035,-0.19511836987304676
903,C=C(C)C,CC1=C(C)C(C)C(C)=C1C,2,5,4.78e-06,5.34e-06,19.97474827,-16.0,1.69e-06,444.1901678,1446.751569,1605.02573,-11.286577,1675.1221,228.37050131249998,1780.2296,175.20388425781243,-11.051278,0.23529888568115176
904,CC=C(C)C,CC1=C(C)C(C)C(C)=C1C,2,5,4.84e-06,5.17e-06,20.00220019,-19.5,1.67e-06,597.716261,1808.264956,1805.860679,-11.059707,1732.3145,-75.95050287499998,1829.0911,23.23038545312511,-11.033524,0.02618344042968701
905,C=C,CC1=CC=CC1,2,5,4.09e-07,4.18e-07,20.00978657,-18.2,9.94e-08,577.0804343,1694.391794,1713.601124,-11.010723,1721.6787,27.28691693750011,1778.9852,65.38410549218747,-11.146719,-0.13599597888183546
906,C=CC,CC1=CC=CC1,2,5,9.42e-06,9.85e-06,19.98731457,-15.7,3.21e-06,456.0620124,1422.254341,1617.599525,-11.423305,1438.507,16.252617007812432,1565.7865,-51.813025976562585,-11.308501,0.11480375640869056
907,CC=CC,CC1=CC=CC1,2,5,1.36e-05,1.42e-05,19.99872456,-17.5,4.64e-06,541.7952379,1613.271621,1715.848053,-11.3562295,1533.0188,-80.2528221718751,1634.4163,-81.43179323437494,-11.256035,0.10019464892578078
908,CC=C(C)C,CC1=CC=CC1,2,5,1.47e-06,1.49e-06,20.00636432,-17.5,4.84e-07,544.9758735,1636.627133,1776.438033,-10.900223,1595.9028,-40.72430096874996,1730.6364,-45.801680460937405,-11.240911,-0.3406875300903316
909,CC(C)=C(C)C,CC1=CC=CC1,2,5,1.39e-06,1.45e-06,20.00618215,-17.5,4.69e-07,546.9336335,1638.263614,1776.438033,-10.9231205,1571.087,-67.17657786718746,1698.5364,-77.9016560468749,-11.207676,-0.28455543383789106
910,CC(C)=C(C)C,CC1=CC=C(C)C1,2,5,6.4e-06,7.62e-06,20.00342267,-18.2,2.34e-06,556.0729254,1697.95446,1734.21507,-11.1567205,1589.1271,-108.82738480468743,1696.2532,-37.96189617187497,-11.160507,-0.0037867021484370156
911,CC(C)=C(C)C,CC1=CC=C(C)C1C,2,5,3.64e-06,5.02e-06,20.00368244,-18.4,1.44e-06,567.9539533,1723.34814,1782.701711,-11.12182,1603.8175,-119.53063511718756,1702.5078,-80.19389849999993,-11.131648,-0.009828063659668373
912,CC(C)=C(C)C,CC1=CC(C)=C(C)C1C,2,5,0.0,4.2e-07,20.00603761,-18.4,1.19e-07,571.2938538,1722.728543,1713.601124,-11.020659,1625.9263,-96.80227346874995,1722.9032,9.302074242187473,-11.107408,-0.0867485698852537
913,CC=CC,CC1=CC=CC1,2,5,1.35e-05,1.4e-05,19.99878296,-17.5,4.58e-06,541.7202473,1613.430875,1715.848053,-11.3573495,1533.0188,-80.41207617187501,1634.4163,-81.43179323437494,-11.256035,0.10131464892578101
914,CC=CC,CC1=CC=C(C)C1,2,5,1.07e-05,1.14e-05,19.99870829,-18.0,3.69e-06,558.8671396,1661.324923,1708.848388,-11.3019245,1559.5999,-101.7250694843749,1644.0376,-64.81079034375011,-11.197024,0.10490015460205093
915,CC=CC,CC1=CC=C(C)C1C,2,5,1.02e-05,1.08e-05,19.99993892,-18.3,3.49e-06,570.1578775,1688.588041,1744.946024,-11.3309645,1588.0444,-100.54360740624998,1670.0471,-74.89890485937508,-11.135392,0.19557231097412142
916,CC=CC,CC1=CC(C)=C(C)C1C,2,5,7.84e-06,8.25e-06,20.00000105,-18.6,2.68e-06,577.5802397,1717.7219,1736.82869,-11.094551,1624.829,-92.8929205078125,1708.8973,-27.93135113281255,-11.079714,0.014837178588866351
917,CC=CC,CC1=C(C)C(C)C(C)=C1C,2,5,4.76e-06,5.17e-06,20.00240836,-19.0,1.66e-06,584.87595,1759.74064,1729.385587,-11.055431,1685.5825,-74.15812046874998,1769.0232,39.63760635937501,-11.058458,-0.0030273282470698604
918,CC=C(C)C,C1=CCC=C1,2,5,1.71e-06,2.27e-06,20.00616317,-17.3,6.66e-07,536.4231267,1618.24355,1772.520465,-10.939584,1608.798,-9.445576367187414,1776.4951,3.9746521874999416,-11.267276,-0.32769181024169924
919,CC=C(C)C,CC1=CC=CC1,2,5,6.87e-06,7.55e-06,19.99638647,-15.5,2.4e-06,430.6425369,1265.272695,1568.50919,-11.259977,1595.9028,330.6301370312499,1730.6364,162.1271625390625,-11.240911,0.019066469909667205
920,CC=C(C)C,CC1=CC=CC1C,2,5,5.1e-07,6.52e-07,20.00726009,-17.8,1.9e-07,554.6040136,1667.158963,1694.876533,-11.011854,1607.9047,-59.254299914062585,1721.2234,26.34685567187489,-11.194467,-0.18261259088134807
921,CC=C(C)C,CC1=CC=C(C)C1C,2,5,1.05e-06,1.44e-06,20.0060462,-18.2,4.05e-07,565.4938566,1702.305503,1801.22209,-10.9516985,1636.0079,-66.29756842968754,1734.9135,-66.30863785156248,-11.137234,-0.18553523413086026
922,CC=C(C)C,CC1=CC(C)=C(C)C1C,2,5,9.39e-07,1.2e-06,20.00638913,-18.4,3.55e-07,573.3258667,1722.130537,1797.585815,-10.964566,1675.1746,-46.955976453125004,1773.6755,-23.91027789062491,-11.081614,-0.11704754064941447
923,CC=C(C)C,CC1=C(C)C(C)C(C)=C1C,2,5,5.67e-06,6.06e-06,20.00310153,-19.5,1.95e-06,599.2676112,1809.428062,1805.860679,-11.097522,1732.3145,-77.11360887499995,1829.0911,23.23038545312511,-11.033524,0.06399844042968716
924,C=C,CC1=CC=C(C)C1,2,5,2.22e-07,2.41e-07,20.00949234,-18.4,6.59e-08,579.6705093,1714.766886,1713.601124,-11.01462,1733.8643,19.097371812499887,1793.8517,80.25056057031247,-11.133643,-0.1190231503295891
925,C=CC,CC1=CC=C(C)C1,2,5,5.35e-06,6.37e-06,19.96860377,-14.4,1.95e-06,402.1720286,1142.62367,1504.507707,-11.24303,1470.505,327.88133488281255,1586.2518,81.74412405468752,-11.2497635,-0.006733488769532059
926,CC=CC,CC1=CC=C(C)C1,2,5,8.93e-06,9.66e-06,19.99845458,-18.1,3.1e-06,552.1061147,1489.459866,1692.793201,-11.456306,1559.5999,70.13998751562508,1644.0376,-48.755603343749954,-11.197024,0.25928165460205044
927,CC=C(C)C,CC1=CC=C(C)C1,2,5,2.29e-07,3.59e-07,20.00645356,-17.8,1.11e-07,551.8200821,1481.942085,1696.494494,-11.152914,1614.4929,132.5508349218751,1728.5903,32.09583803124997,-11.190363,-0.03744893029785068
928,CC(C)=C(C)C,CC1=CC=C(C)C1,2,5,1.98e-07,2.68e-07,20.00627357,-17.8,1.01e-07,551.0792097,1485.068186,1691.891511,-11.168864,1589.1271,104.05888919531253,1696.2532,4.361662828124963,-11.160507,0.008356797851561737
929,C=CC,CC1=CC(C)=C(C)C1,2,5,1.45e-06,2.14e-06,19.9909207,-16.4,5.99e-07,480.016553,1490.464403,1664.537456,-11.1083745,1526.772,36.30756965625005,1640.6019,-23.93552728906252,-11.184327,-0.07595262554931637
930,CC=CC,CC1=CC(C)=C(C)C1,2,5,8.04e-06,8.6e-06,19.99879146,-18.4,2.77e-06,569.5885558,1698.63225,1744.801914,-11.2339995,1609.6843,-88.94792382812511,1692.1873,-52.6146581406249,-11.115857,0.11814237567138619
931,CC=C(C)C,CC1=CC(C)=C(C)C1,2,5,2.3e-06,2.34e-06,20.00579064,-18.2,7.71e-07,566.9016756,1699.626415,1792.961248,-11.00431,1657.1914,-42.43500874999995,1754.4211,-38.54010542187507,-11.117043,-0.11273254150390599
932,CC(C)=C(C)C,CC1=CC(C)=C(C)C1,2,5,1.58e-06,1.96e-06,20.00507793,-18.6,5.93e-07,571.7422026,1547.842923,1745.855531,-10.9842925,1623.3995,75.55661313281257,1714.5063,-31.349183343749928,-11.116877,-0.1325841021728511
933,CCC(C)=C(C)C,CC1=C(C)C(C)C(C)=C1C,2,5,0.0,3.33e-07,20.00559416,-18.3,9.14e-08,585.8688209,1713.205892,1713.601124,-11.012425,1603.6418,-109.56404629687495,1705.261,-8.340137671875027,-11.171686,-0.1592611724853512
934,CCC(C)=C(C)CC,CC1=C(C)C(C)C(C)=C1C,2,5,1.44e-06,1.57e-06,20.00288587,-17.5,5.02e-07,553.9920985,1446.471457,1781.840591,-11.1162775,1578.8102,132.3387236640624,1693.8052,-88.0354152187499,-11.240954,-0.12467689910888602
935,CCC(C)=C(CC)CC,CC1=C(C)C(C)C(C)=C1C,2,5,1.72e-05,1.95e-05,20.00087401,-16.7,6.12e-06,530.8645804,1375.618684,1640.733329,-11.486822,1563.0516,187.43295174218747,1691.3854,50.65204697656259,-11.294552,0.1922701506347657
936,CCC(CC)=C(CC)CC,CC1=C(C)C(C)C(C)=C1C,2,5,1.83e-05,2.16e-05,20.00210696,-16.3,6.65e-06,522.3095084,1357.545338,1552.564632,-11.468805,1551.24,193.6946522343751,1688.8435,136.27887385937493,-11.327229,0.14157645385742157
937,CCC(CC)=C(CC)CC,CCC1=C(C)C(C)=C(C)C1C,2,5,1.1e-05,1.24e-05,19.99982582,-16.3,3.89e-06,518.9909904,1343.690039,1649.996405,-11.46469,1556.3721,212.68203131249993,1694.7216,44.725152617187405,-11.299995,0.1646945776367179
938,CCC(CC)=C(CC)CC,CCC1=C(C)C(C)=C(CC)C1C,2,5,0.0,2.21e-07,20.00804849,-21.2,8.2e-08,582.4037173,1983.339343,2190.710481,-11.21652,1558.804,-424.5353879218751,1700.9984,-489.7120679140626,-11.280319,-0.06379921386718834
939,CCC(CC)=C(CC)CC,CCC1=C(C)C(C)=C(CC)C1CC,2,5,4.28e-06,4.46e-06,20.00366777,-16.3,1.46e-06,524.8921464,1345.650905,1682.550912,-11.361525,1558.8625,213.21164382812503,1706.8812,24.330313585937574,-11.262021,0.09950393524169954
940,CCC(CC)=C(CC)CC,CCC1=C(CC)C(CC)C(CC)=C1C,2,5,5.45e-06,5.83e-06,20.00214028,-18.0,1.88e-06,574.8487609,1674.767774,1693.763832,-11.1134255,1561.4829,-113.28486384374992,1713.9342,20.170372101562407,-11.256205,-0.1427791051025391
941,CCC(CC)=C(CC)CC,CCC1=C(CC)C(CC)C(CC)=C1CC,2,5,5.78e-06,6.2e-06,20.00276841,-15.6,1.99e-06,485.1488321,1438.556074,1613.615217,-11.325586,1563.7413,125.18525900781242,1720.3522,106.73695585156247,-11.251413,0.07417265466308542
942,CCC(CC)=C(CC)CC,CCC1=C(CC)C(CC)C(C(C)C)=C1CC,2,5,6.77e-06,7.42e-06,20.00260327,-15.7,2.36e-06,488.9007095,1447.60111,1613.615217,-11.299714,1561.9841,114.38302085937494,1723.6946,110.07936307812497,-11.242096,0.057618052734374814
943,CCC(CC)=C(CC)CC,CCC1=C(CC)C(CC)C(C(C)C)=C1C(C)C,2,5,4.45e-06,4.72e-06,20.00396081,-16.8,1.53e-06,536.7203311,1565.927892,1764.666645,-11.1967115,1570.7682,4.840296476562571,1728.6165,-36.05018992187502,-11.208545,-0.011833231140137457
944,CCC(CC)=C(CC)CC,CCC1=C(CC)C(C(C)C)C(C(C)C)=C1C(C)C,2,5,2.62e-06,2.95e-06,20.00539259,-16.8,9.29e-07,542.6240425,1561.527811,1769.299816,-11.1924055,1579.7366,18.20876126562507,1735.3007,-33.999156820312464,-11.177861,0.014544286315917532
945,CCC(CC)=C(CC)CC,CCC1=C(C(C)C)C(C(C)C)=C(C(C)C)C1C(C)C,2,5,3e-06,3.41e-06,20.00540142,-16.8,1.07e-06,540.3338688,1559.721449,1769.299816,-11.1924055,1588.6733,28.951890843750107,1738.1086,-31.191173421874964,-11.147605,0.04480055767822222
946,CCC(CC)=C(CC)CC,CC(C)C1=C(C(C)C)C(C(C)C)C(C(C)C)=C1C(C)C,2,5,4.93e-06,6.81e-06,20.00370968,-16.3,1.95e-06,531.0091609,1524.906274,1712.505457,-11.395158,1597.0754,72.16916545312506,1734.5875,22.08206741406252,-11.138521,0.25663680554199253
947,CCC(CC)=C(CC)C(C)C,CC(C)C1=C(C(C)C)C(C(C)C)C(C(C)C)=C1C(C)C,2,5,5.42e-07,6.31e-07,20.00641192,-17.0,1.91e-07,555.2392146,1587.355636,1697.726726,-11.03547,1573.396,-13.959639906250004,1737.8087,40.0819898203124,-11.197203,-0.16173268249511707
948,CCC(=C(CC)C(C)C)C(C)C,CC(C)C1=C(C(C)C)C(C(C)C)C(C(C)C)=C1C(C)C,2,5,1.61e-06,1.76e-06,20.00477118,-16.9,5.62e-07,544.8991866,1570.72721,1772.23514,-10.914553,1554.4187,-16.308508828125014,1742.1843,-30.050813828125,-11.267029,-0.3524758085937503
949,CCC(=C(C(C)C)C(C)C)C(C)C,CC(C)C1=C(C(C)C)C(C(C)C)C(C(C)C)=C1C(C)C,2,5,1.03e-05,1.27e-05,20.00472867,-16.8,3.84e-06,556.0854618,1575.18527,1733.205352,-11.3542595,1543.5269,-31.658414531249946,1746.023,12.817597218750052,-11.31168,0.04257965991210888
950,CC(C)C(=C(C(C)C)C(C)C)C(C)C,CC(C)C1=C(C(C)C)C(C(C)C)C(C(C)C)=C1C(C)C,2,5,5.56e-06,5.74e-06,20.00588551,-16.9,1.88e-06,535.8673176,1567.239181,1711.420557,-11.1720265,1533.5325,-33.70671029687492,1748.8955,37.47495081250008,-11.348241,-0.17621435235595762
951,CC=CC,C1=CCC=C1,2,5,8.96e-06,1.03e-05,19.99943847,-16.9,3.22e-06,530.0158507,1561.492048,1721.78643,-11.3201645,1547.06,-14.431989406250068,1682.1327,-39.65373957031261,-11.269359,0.05080586505127016
952,CC=CC,CC1=CC=CC1,2,5,2.85e-05,3.31e-05,19.95682543,-14.2,1.03e-05,384.2605095,1264.658634,1414.823981,-11.291708,1533.0188,268.3601648281251,1634.4163,219.592278765625,-11.256035,0.035673148925781106
953,CC=CC,CC1=CC=CC1C,2,5,7.63e-06,8.85e-06,19.96468495,-14.5,2.75e-06,400.3592659,1298.993513,1541.943168,-11.28212,1554.2379,255.2444020390626,1639.5458,97.60260836718749,-11.189728,0.09239221679687581
954,CC=CC,CC1=CC(C)=C(C)C1,2,5,4.56e-07,8.02e-07,20.0067074,-19.1,1.92e-07,596.1295043,1775.103071,1722.787451,-10.86271,1609.6843,-165.418744828125,1692.1873,-30.60019514062492,-11.115857,-0.2531471243286134
955,CC=CC,CC1=CC(C)=C(C)C1C,2,5,6.85e-06,6.94e-06,19.99202942,-16.6,2.3e-06,489.8124616,1511.292455,1603.722873,-11.303189,1624.829,113.53652449218748,1708.8973,105.17446586718756,-11.079714,0.2234751785888669
956,CC=CC,CC1=C(C)C(C)C(C)=C1C,2,5,2.5e-08,1.79e-07,20.00756223,-19.8,4.82e-08,613.2376347,1838.595466,2098.010833,-11.113489,1685.5825,-153.01294646875,1769.0232,-328.9876396406248,-11.058458,0.055030671752929194
957,CC=CC,CCC1=C(C)C(C)=C(C)C1C,2,5,1.61e-05,1.93e-05,19.96897234,-14.9,5.9e-06,437.8967149,1333.935731,1460.753601,-11.328518,1696.2686,362.33282368749997,1770.1067,309.3530884531251,-11.033468,0.2950497535400398
958,CC=CC,CCC1=C(C)C(C)=C(CC)C1C,2,5,1.09e-06,1.14e-06,20.00733757,-19.2,3.73e-07,646.1924826,1800.041719,1832.887831,-10.7114915,1702.4092,-97.63253931250006,1769.064,-63.823866156250006,-11.017566,-0.30607422723388744
959,CC=CC,CCC1=C(CC)C(C)C(CC)=C1C,2,5,0.0,4.1e-07,20.0076094,-18.8,9.58e-08,639.6200789,1564.894796,1660.891929,-10.811588,1709.0531,144.15830458593746,1769.2637,108.37174287500011,-11.001593,-0.19000463610839802
960,CC=CC,CCC1=C(CC)C(CC)C(CC)=C1C,2,5,8.08e-07,1.08e-06,20.00733405,-18.4,3.13e-07,621.5500103,1532.003231,1737.814434,-11.020287,1702.9276,170.92438130468759,1765.956,28.141620687500108,-10.995025,0.025262318908691128
961,CC=CC,CCC1=C(CC)C(CC)C(CC)=C1CC,2,5,3.27e-07,3.43e-07,20.008412,-18.8,1.03e-07,638.2665108,1572.435427,1660.891929,-10.807127,1703.7926,131.3571755390626,1768.0693,107.17740693750011,-10.987626,-0.18049907574462942
962,CC=CC,CCC1=C(CC)C(CC)C(C(C)C)=C1CC,2,5,1.35e-06,1.69e-06,20.00801,-18.6,4.98e-07,633.70388,1550.578315,1748.030539,-10.7550855,1688.893,138.31462933593752,1757.7089,9.67832330468741,-10.96494,-0.20985457110595718
963,CC=CC,CCC1=C(CC)C(CC)C(C(C)C)=C1C(C)C,2,5,1.7e-06,2.26e-06,20.00789952,-18.5,6.62e-07,636.4167547,1750.835472,1802.179058,-10.788109,1677.5734,-73.26210774218748,1752.9391,-49.23997108593744,-10.958702,-0.17059308740234336
964,CC=CC,CCC1=C(CC)C(C(C)C)C(C(C)C)=C1C(C)C,2,5,8.13e-07,9.29e-07,20.00784095,-18.6,2.89e-07,639.5427335,1755.587994,1799.437615,-10.713555,1677.2661,-78.32188071874998,1758.6422,-40.79540308593755,-10.960492,-0.24693713409423879
965,CC=CC,CCC1=C(C(C)C)C(C(C)C)=C(C(C)C)C1C(C)C,2,5,9.38e-07,1.22e-06,20.00796681,-18.3,3.51e-07,630.262663,1731.15381,1796.798062,-10.890142,1678.7217,-52.43213031250002,1762.8662,-33.93185106250007,-10.955759,-0.06561704846191319
967,CC=CC,CC(C)C1=C(C(C)C)C(C(C)C)C(C(C)C)=C1C(C)C,2,5,3.06e-07,5.62e-07,20.00770725,-18.2,1.5e-07,633.3990824,1722.145488,1712.048089,-10.916323,1679.4738,-42.67173311718739,1769.4503,57.40222838281261,-10.971129,-0.05480641741943337
968,CC=CCC,CC(C)C1=C(C(C)C)C(C(C)C)C(C(C)C)=C1C(C)C,2,5,1.85e-06,2.16e-06,20.00254925,-17.5,6.68e-07,600.8654436,1651.690636,1774.20981,-10.939004,1706.7639,55.07328001562496,1800.9557,26.74587847656244,-11.026112,-0.08710760278320251
969,CCC=CCC,CC(C)C1=C(C(C)C)C(C(C)C)C(C(C)C)=C1C(C)C,2,5,1.85e-06,2.16e-06,20.00254925,-17.5,6.68e-07,600.8654436,1588.5408,1773.924486,-10.961463,1646.8,58.25924882812501,1749.4342,-24.490281898437388,-11.084799,-0.12333581286621076
970,CCC=C(C)CC,CC(C)C1=C(C(C)C)C(C(C)C)C(C(C)C)=C1C(C)C,2,5,3.19e-06,3.37e-06,20.00172046,-18.2,1.1e-06,614.0284284,1722.245049,1791.80175,-11.1346285,1628.2742,-93.97087907812511,1730.8179,-60.983878906250084,-11.079687,0.05494138146972638
971,CCC(C)=C(C)CC,CC(C)C1=C(C(C)C)C(C(C)C)C(C(C)C)=C1C(C)C,2,5,4.86e-06,5.52e-06,20.00650352,-18.0,1.73e-06,588.4597319,1695.746493,1734.580151,-11.1096415,1623.5731,-72.1733728828126,1730.2659,-4.314281859374887,-11.082494,0.02714771795654336
972,CCC(C)=C(CC)CC,CC(C)C1=C(C(C)C)C(C(C)C)C(C(C)C)=C1C(C)C,2,5,7.28e-07,9.12e-07,20.00619906,-17.9,2.88e-07,590.9670921,1684.722456,1717.001853,-10.912913,1609.2615,-75.46098139062497,1732.4451,15.443215359375017,-11.113299,-0.20038636981201208
973,CCC(CC)=C(CC)CC,CC(C)C1=C(C(C)C)C(C(C)C)C(C(C)C)=C1C(C)C,2,5,1.62e-06,1.99e-06,20.00553411,-17.6,6.02e-07,571.1053928,1656.517316,1772.520465,-10.884455,1597.0754,-59.44187654687494,1734.5875,-37.93294058593756,-11.138521,-0.25406619445800693
974,CCC(CC)=C(CC)C(C)C,CC(C)C1=C(C(C)C)C(C(C)C)C(C(C)C)=C1C(C)C,2,5,3.59e-06,4.33e-06,20.00456607,-17.7,1.32e-06,565.3392266,1655.457685,1765.592361,-11.131781,1573.396,-82.06168890625008,1737.8087,-27.783645179687483,-11.197203,-0.06542168249511704
975,CCC(CC)=C(CC)C(C)(C)C,CC(C)C1=C(C(C)C)C(C(C)C)C(C(C)C)=C1C(C)C,2,5,3.62e-06,3.95e-06,20.00255419,-17.6,1.26e-06,565.8833321,1648.827186,1769.22006,-11.1394595,1547.1061,-101.72110689843748,1744.4341,-24.785977968750103,-11.287869,-0.1484099534301766
976,CCC(CC)=C(C(C)C)C(C)(C)C,CC(C)C1=C(C(C)C)C(C(C)C)C(C(C)C)=C1C(C)C,2,5,1.41e-05,1.43e-05,20.00403134,-17.0,4.74e-06,544.4657786,1583.230467,1715.562728,-11.3700095,1536.7211,-46.50939766406259,1747.5392,31.976456570312394,-11.327734,0.042275506469726665
977,CCC(=C(C(C)C)C(C)(C)C)C(C)C,CC(C)C1=C(C(C)C)C(C(C)C)C(C(C)C)=C1C(C)C,2,5,8.87e-07,8.92e-07,20.00080987,-17.7,3.05e-07,564.4875456,1646.368098,1767.295495,-10.937968,1527.2329,-119.13518784374992,1750.3237,-16.971764531250074,-11.363724,-0.4257557548828128
978,C=C,CCC1=CC=CC1,2,5,1.77e-06,2.01e-06,20.00709624,-16.2,6.37e-07,542.5483503,1502.902526,1773.685121,-11.1568375,1693.5525,190.64996423437492,1769.1768,-4.508363187499981,-11.132128,0.02470973815917965
979,C=CC,CCC1=CC=CC1,2,5,1.94e-05,2.34e-05,19.97075708,-13.9,7.14e-06,419.7439042,1383.765268,1407.783205,-11.262158,1456.5972,72.8318999687499,1563.196,155.41283992187505,-11.238105,0.024053179748534603
980,CC=CC,CCC1=CC=CC1,2,5,6.95e-05,8.43e-05,19.95529324,-11.7,2.56e-05,311.3597425,1311.530909,1346.274304,-11.07389825,1543.9612,232.43027264062493,1621.9911,275.71678486718747,-11.187214,-0.11331564770507896
981,CC=C(C)C,CCC1=CC=CC1,2,5,8.34e-05,0.000103646,19.94533063,-12.4,3.12e-05,308.1286701,1368.798794,1346.492388,-10.9799845,1605.2836,236.48477533593746,1712.2163,365.7239205937501,-11.168976,-0.18899133007812452
982,CC(C)=C(C)C,CCC1=CC=CC1,2,5,2.9e-06,5.6e-06,20.00305956,-17.0,1.42e-06,546.7424997,1586.225885,1759.542117,-11.170096,1577.802,-8.423883046875062,1679.9268,-79.61535918749996,-11.138588,0.03150804833984289
983,CCC(C)=C(C)C,CCC1=CC=CC1,2,5,2.92e-07,2.62e-06,20.00340603,-16.9,4.68e-07,538.5287324,1573.379479,1702.130167,-10.997701,1529.8358,-43.54366357031245,1631.8914,-70.23880957812503,-11.21047,-0.21276919958496165
984,CCC(C)=C(C)CC,CCC1=CC=CC1,2,5,2.15e-06,3.63e-06,20.00261209,-16.2,9.63e-07,520.0577263,1512.738809,1683.921371,-11.32184,1509.9662,-2.7726224765624465,1616.072,-67.84934951562491,-11.261747,0.060092639770507716
985,CCC(C)=C(CC)CC,CCC1=CC=CC1,2,5,1.19e-06,3.64e-06,20.00303656,-17.3,7.99e-07,546.7309995,1613.496493,1772.155384,-11.0382845,1503.7163,-109.7801844062501,1614.9939,-157.1614875156249,-11.297208,-0.25892333233642617
986,CCC(CC)=C(CC)CC,CCC1=CC=CC1,2,5,4.44e-06,5.94e-06,20.00475125,-17.0,1.73e-06,538.6041002,1593.47753,1734.730639,-11.1593885,1500.0165,-93.46105050781239,1614.3091,-120.42155696875011,-11.3187275,-0.15933899328613244
987,CCC(CC)=C(CC)C(C)C,CCC1=CC=CC1,2,5,3.21e-06,3.83e-06,19.99907672,-16.1,1.17e-06,508.9082726,1511.141425,1681.487885,-11.375153,1489.0011,-22.140326367187527,1601.5651,-79.9228215234375,-11.298349,0.07680361950683512
988,CCC(CC)=C(C(C)C)C(C)C,CCC1=CC=CC1,2,5,3.52e-05,4.11e-05,19.99947704,-16.5,1.27e-05,542.5442515,1549.401664,1633.521566,-11.427195,1479.0927,-70.30901263281248,1591.1992,-42.32234724999989,-11.283075,0.14411966735839776
989,CCC(=C(C(C)C)C(C)C)C(C)C,CCC1=CC=CC1,2,5,2.12e-05,2.63e-05,20.00304685,-16.4,7.92e-06,565.256183,1549.27416,1634.680365,-11.43797,1471.7645,-77.50963363281244,1582.426,-52.25433960937494,-11.255731,0.18223937103271481
990,CC(C)C(=C(C(C)C)C(C)C)C(C)C,CCC1=CC=CC1,2,5,2.87e-05,3.35e-05,19.99940924,-15.5,1.04e-05,515.1270723,1454.507491,1550.6777,-11.464454,1466.3036,11.796097867187427,1574.7906,24.11294941406254,-11.213893,0.25056106329345695
991,CC(C)C(=C(C(C)C)C(C)C)C(C)C,CCC1=CC=C(C)C1,2,5,2.91e-05,3.39e-05,19.99908777,-15.6,1.05e-05,515.6357423,1463.838113,1550.6777,-11.460705,1479.8987,16.06056864062498,1603.6698,52.99209980468754,-11.304039,0.15666599853515706
992,CC(C)C(=C(C(C)C)C(C)C)C(C)C,CCC1=CC(C)=C(C)C1,2,5,2.32e-05,2.7e-05,20.00012986,-16.2,8.37e-06,525.8618688,1512.624526,1546.510725,-11.479103,1492.4731,-20.15138146875006,1647.5697,101.0589771484374,-11.392403,0.08670035107421903
993,CC(C)C(=C(C(C)C)C(C)C)C(C)C,CCC1=CC(C)=C(C)C1C,2,5,5.32e-06,6.19e-06,20.00047939,-16.4,1.92e-06,528.12594,1531.75647,1632.071124,-11.351648,1498.0591,-33.697387968750036,1667.7415,35.670331078124946,-11.410435,-0.058786722900389776
994,CC(C)C(=C(C(C)C)C(C)C)C(C)C,CCC1=C(C)C(C)=C(C)C1C,2,5,2.28e-05,2.67e-05,20.00104109,-16.4,8.26e-06,520.8953585,1524.573042,1547.233515,-11.483502,1504.4886,-20.084394539062487,1697.8616,150.6280572656251,-11.426975,0.05652674975585903
995,CC(C)C(=C(C(C)C)C(C)C)C(C)C,CCC1=C(C)C(C)=C(CC)C1C,2,5,2.24e-05,2.63e-05,20.00094802,-16.4,8.11e-06,522.0183945,1528.252737,1547.961649,-11.479542,1505.7009,-22.551809265625025,1704.177,156.21535295312492,-11.420677,0.05886481494140661
996,CC(C)C(=C(C(C)C)C(C)C)C(C)C,CCC1=C(CC)C(C)C(CC)=C1C,2,5,1.74e-05,2.03e-05,20.00181037,-16.6,6.29e-06,525.7866394,1543.955266,1547.961649,-11.459574,1505.1313,-38.82391834374994,1707.0284,159.06679338281242,-11.420171,0.039403216003417896
997,CC(C)C(=C(C(C)C)C(C)C)C(C)C,CCC1=C(C(C)C)C(C)C(CC)=C1C,2,5,2.21e-05,2.84e-05,20.00190299,-16.9,8.41e-06,564.7027435,1590.721048,1633.056397,-11.3683395,1504.3115,-86.40952456250011,1710.322,77.26562448437494,-11.416097,-0.047757187316895156
998,CC(C)C(=C(C(C)C)C(C)C)C(C)C,CCC1=C(C)C(C(C)C)=C(CC)C1CC,2,5,2.19e-05,2.45e-05,20.00333829,-16.7,7.73e-06,547.5683438,1555.814172,1634.680365,-11.421508,1505.6603,-50.1538936796876,1719.0093,84.32891234375006,-11.413802,0.007705853088378234
999,CC(C)C(=C(C(C)C)C(C)C)C(C)C,CCC1=C(CC)C(CC)C(C(C)C)=C1CC,2,5,1.09e-05,1.21e-05,20.00429146,-16.5,3.85e-06,539.4569837,1537.484809,1734.655333,-11.502824,1511.0807,-26.40412052343754,1730.641,-4.014341789062428,-11.414668,0.08815591680908241
1000,CC(C)C(=C(C(C)C)C(C)C)C(C)C,CCC1=C(CC)C(CC)C(C(C)C)=C1C(C)C,2,5,1.38e-05,1.5e-05,20.00455302,-16.6,4.79e-06,540.7770998,1359.633929,1721.980773,-11.519054,1513.9968,154.36289717187492,1736.3224,14.3416146953125,-11.418885,0.10016876898193416
1001,CC(C)C(=C(C(C)C)C(C)C)C(C)C,CCC1=C(CC)C(C(C)C)C(C(C)C)=C1C(C)C,2,5,3.48e-06,4.53e-06,20.00361357,-16.4,1.33e-06,533.1748541,1351.952393,1770.99492,-11.3832065,1519.8536,167.90124469531247,1742.8993,-28.095628007812593,-11.400852,-0.01764570336914062
1002,CC(C)C(=C(C(C)C)C(C)C)C(C)C,CCC1=C(C(C)C)C(C(C)C)=C(C(C)C)C1C(C)C,2,5,5.17e-06,5.74e-06,20.00498103,-16.8,1.82e-06,542.1585649,1380.290091,1717.473521,-11.328203,1527.2421,146.95197442968743,1745.262,27.78844189062511,-11.37416,-0.04595681292724585
1003,CC(C)C(=C(C(C)C)C(C)C)C(C)C,CC(C)C1=C(C(C)C)C(C(C)C)C(C(C)C)=C1C(C)C,2,5,4.78e-06,5.35e-06,20.00532272,-16.9,1.69e-06,547.2186685,1387.242594,1717.473521,-11.317182,1533.5325,146.28987670312495,1748.8955,31.42198681250011,-11.348241,-0.03105885235595629
1004,CC(C)C(=C(C(C)C)C(C)C)C(C)C,CC(C)C1=C(C(C)C)C(C(C)C)C(C(C)(C)C)=C1C(C)C,2,5,4.4e-07,3.3e-06,20.00417842,-16.2,6.25e-07,534.2250099,1337.976946,1708.548212,-11.1986045,1531.8253,193.8483713828125,1733.8049,25.25671964062508,-11.312131,-0.11352642803955071
1005,CCC=CCC,CC1=CC=CC1,2,5,1.61e-05,1.74e-05,19.99652032,-17.8,5.59e-06,547.6564517,1457.876169,1680.265372,-11.482867,1511.236,53.35979291406261,1652.3914,-27.87401457812507,-11.349095,0.13377165545654357
1006,CCC=CCC,CC1=CC=C(C)C1,2,5,1.33e-05,1.46e-05,19.99669129,-18.2,4.65e-06,560.6731935,1489.855305,1686.569498,-11.493217,1529.7502,39.894939140624956,1648.0862,-38.48331635937507,-11.298386,0.19483137988281207
1007,CCC=CCC,CC1=CC(C)=C(C)C1,2,5,9.08e-06,9.85e-06,19.99762802,-18.2,3.15e-06,552.1782963,1487.772574,1692.793201,-11.454206,1569.389,81.61646408593742,1663.3549,-29.438342601562454,-11.22129,0.23291636529540938
1008,CCC=CCC,CC1=CC(C)=C(C)C1C,2,5,4.18e-06,4.53e-06,19.99897018,-18.8,1.45e-06,576.2142301,1540.240962,1738.287036,-11.259756,1583.0629,42.82190421093742,1674.8666,-63.420458851562444,-11.186848,0.0729083132324213
1009,CCC=CCC,CC1=C(C)C(C)C(C)=C1C,2,5,5.09e-06,5.64e-06,20.00062786,-19.1,1.79e-06,586.4439055,1573.432823,1663.426639,-11.0401875,1625.2277,51.7948381328124,1713.6754,50.24877603906248,-11.141107,-0.10091910552978511
1010,CCC=CCC,CCC1=C(C)C(C)=C(C)C1C,2,5,6.49e-06,7.01e-06,20.00089301,-19.2,2.25e-06,589.2671673,1579.8783,1689.759471,-11.069997,1631.1246,51.24633378906242,1718.5319,28.772389351562424,-11.115393,-0.045395684936522684
1011,CCC=CCC,CCC1=C(C)C(C)=C(C)C1CC,2,5,8.36e-06,8.87e-06,20.00028566,-19.2,2.87e-06,595.0522634,1585.19615,1703.3301,-11.196156,1631.5897,46.39357167968751,1720.8289,17.498757421875098,-11.096832,0.09932372460937522
1012,CCC=CCC,CCC1=C(CC)C(C)C(CC)=C1C,2,5,7.52e-06,8.29e-06,20.00075903,-19.2,2.63e-06,594.5651722,1583.882485,1688.120989,-11.066146,1637.0842,53.20174351562491,1726.0673,37.94627174218749,-11.086607,-0.02046097937011737
1013,CCC=CCC,CCC1=C(CC)C(CC)C(CC)=C1C,2,5,6.72e-06,7.15e-06,20.00059924,-19.4,2.31e-06,604.4276067,1604.539266,1703.35479,-11.0286285,1629.1699,24.630655875000002,1730.4774,27.122626992187406,-11.083828,-0.05519947241210943
1014,CCC=CCC,CCC1=C(CC)C(CC)C(CC)=C1CC,2,5,2.21e-06,2.5e-06,19.99737515,-18.1,7.85e-07,580.008294,1486.584189,1740.443344,-11.2205595,1631.6781,145.09391158593758,1735.7239,-4.719467046875025,-11.078259,0.14230003192138696
1015,CCC=CCC,CCC1=C(CC)C(CC)C(C(C)C)=C1CC,2,5,4.25e-06,4.78e-06,20.00260411,-17.8,1.5e-06,589.943954,1486.309527,1766.116626,-11.398986,1624.7892,138.4796575703126,1732.3494,-33.767260765625,-11.07296,0.326026100097657
1016,CCC=CCC,CCC1=C(CC)C(C(C)C)C(CC)=C1C(C)C,2,5,6.09e-07,7.26e-07,20.00291597,-17.6,2.15e-07,586.8259949,1473.184455,1700.461806,-11.12197,1630.9681,157.78368464843743,1735.3845,34.922715484374976,-11.061809,0.06016141387939378
1017,CCC=CCC,CCC1=C(C(C)C)C(C(C)C)C(CC)=C1C(C)C,2,5,3.71e-06,3.82e-06,20.00371639,-17.9,1.26e-06,610.8640059,1502.123083,1739.373616,-11.3366205,1632.8582,130.73507129687505,1740.4247,1.0510666171874163,-11.061965,0.27465551129150434
1018,CCC=CCC,CCC1=C(C(C)(C)C)C(C(C)C)C(CC)=C1C(C)C,2,5,3.98e-07,4.34e-07,20.00769167,-18.7,1.4e-07,630.5871978,1559.832078,1660.891929,-10.834213,1635.6653,75.83320520312509,1741.3503,80.45841279687511,-11.08697,-0.2527573292846679
1019,CCC=CCC,CCC1=C(C(C)C)C(C(C)(C)C)=C(CC)C1C(C)(C)C,2,5,1.57e-06,1.89e-06,20.00528922,-18.0,5.76e-07,608.9568192,1505.609867,1742.949331,-11.0479195,1647.3911,141.7812462812501,1739.7599,-3.1894433046875292,-11.067292,-0.019372713439940625
1020,CCC=C(C)CC,CCC1=C(C(C)C)C(C(C)(C)C)=C(CC)C1C(C)(C)C,2,5,5.77e-06,6.94e-06,20.00045301,-18.2,2.12e-06,612.5847714,1524.78695,1681.769667,-11.308877,1625.971,101.18399726562507,1715.6287,33.85899510937497,-11.07028,0.23859692492675855
1021,CCC(C)=C(C)CC,CCC1=C(C(C)C)C(C(C)(C)C)=C(CC)C1C(C)(C)C,2,5,6.08e-06,7.08e-06,20.00685585,-19.1,2.19e-06,631.1349853,1598.056015,1669.103856,-10.9299205,1621.0095,22.95350648437511,1714.5166,45.41274556250005,-11.068825,-0.13890426806640654
1022,CCC(C)=C(CC)CC,CCC1=C(C(C)C)C(C(C)(C)C)=C(CC)C1C(C)(C)C,2,5,3.85e-06,4.45e-06,20.00584628,-17.5,1.38e-06,572.7674865,1455.814648,1771.08469,-11.351821,1607.309,151.49431196093747,1715.659,-55.42563238281241,-11.094495,0.257326180358886
1023,CCC(CC)=C(CC)CC,CCC1=C(C(C)C)C(C(C)(C)C)=C(CC)C1C(C)(C)C,2,5,1.04e-06,1.26e-06,20.00509552,-18.6,3.88e-07,605.6064001,1557.733253,1749.940327,-10.8772465,1595.1228,37.389549734374896,1717.8015,-32.138813328125025,-11.119718,-0.24247109796142574
1024,CCC(CC)=C(CC)C(C)C,CCC1=C(C(C)C)C(C(C)(C)C)=C(CC)C1C(C)(C)C,2,5,1.83e-06,2.04e-06,20.00470574,-18.6,6.48e-07,603.1821877,1560.594673,1746.459977,-10.82665,1571.541,10.946342624999943,1721.1428,-25.31715473437498,-11.179864,-0.3532139297485344
1025,CCC(=C(CC)C(C)C)C(C)C,CCC1=C(C(C)C)C(C(C)(C)C)=C(CC)C1C(C)(C)C,2,5,3.99e-06,5.25e-06,20.00441275,-16.9,1.54e-06,551.2747173,1406.162247,1765.684852,-11.345143,1552.3641,146.20188874218752,1725.5083,-40.17655121875009,-11.249636,0.09550730358886739
1026,CCC(=C(CC)C(C)(C)C)C(C)C,CCC1=C(C(C)C)C(C(C)(C)C)=C(CC)C1C(C)(C)C,2,5,5.07e-06,5.35e-06,20.00439111,-16.9,1.74e-06,557.7724414,1394.519771,1717.473521,-11.326502,1533.5043,138.9845014609375,1733.209,15.735463375000108,-11.3136425,0.012859498168944938
1027,CCC(=C(CC)C(C)(C)C)C(C)(C)C,CCC1=C(C(C)C)C(C(C)(C)C)=C(CC)C1C(C)(C)C,2,5,1.25e-05,1.46e-05,19.99173087,-17.0,4.51e-06,547.4848485,1401.416996,1715.161627,-11.497897,1517.265,115.84801864843757,1738.0823,22.920648390625047,-11.362021,0.1358755537719727
1028,C=C,CCC1=CC(CC)=C(CC)C1,2,5,1.61e-06,2.2e-06,20.00700198,-16.6,6.41e-07,581.2930089,1382.526432,1778.288104,-11.1501185,1760.6199,378.0934410468749,1877.124,98.83591943750002,-11.139625,0.010493904357909756
1029,C=CC,CCC1=CC(CC)=C(CC)C1,2,5,7.79e-07,1.2e-06,20.00763184,-17.7,3.32e-07,615.3925887,1477.911541,1704.108457,-11.073699,1566.3467,88.43513868750006,1658.6702,-45.438290984375044,-11.097784,-0.024085042358398923
1030,CC=CC,CCC1=CC(CC)=C(CC)C1,2,5,7.77e-06,8.5e-06,19.99969186,-17.0,2.71e-06,568.5211893,1410.957159,1719.029826,-11.370202,1631.5266,220.56945232812495,1693.2454,-25.784464671874957,-11.032557,0.33764546618652425
1031,CC=C(C)C,CCC1=CC(CC)=C(CC)C1,2,5,6.36e-06,6.95e-06,20.00030388,-17.8,2.22e-06,593.0960683,1488.468905,1712.505457,-11.411558,1683.6572,195.18832156250005,1765.5989,53.09341995312502,-11.047304,0.3642538465576166
1032,CC(C)=C(C)C,CCC1=CC(CC)=C(CC)C1,2,5,1.08e-05,1.21e-05,20.00391549,-17.6,3.8e-06,570.9012679,1473.022842,1738.893235,-11.475048,1625.8088,152.78599589062492,1711.8458,-27.047409804687504,-11.046172,0.42887585797119065
1033,CCC(C)=C(C)C,CCC1=CC(CC)=C(CC)C1,2,5,2.07e-06,2.59e-06,20.00528842,-18.0,7.76e-07,594.6069114,1504.552878,1743.241911,-11.1393725,1569.2727,64.71982707812504,1664.0325,-79.20944029687507,-11.136414,0.0029589257812503433
1034,CCC(C)=C(C)CC,CCC1=CC(CC)=C(CC)C1,2,5,7.52e-07,8.69e-07,20.00494586,-17.4,2.69e-07,565.3002548,1458.617143,1697.940167,-11.072677,1551.5469,92.92973200000006,1657.3209,-40.619244148437474,-11.196511,-0.12383426861572211
1035,CCC(C)=C(CC)CC,CCC1=CC(CC)=C(CC)C1,2,5,7.97e-06,8.82e-06,20.00435333,-17.3,2.8e-06,556.7630965,1446.191076,1728.204475,-11.452513,1541.2742,95.08309392187493,1655.3258,-72.8786693359375,-11.240008,0.212504645812988
1036,CCC(CC)=C(CC)CC,CCC1=CC(CC)=C(CC)C1,2,5,8.44e-06,9.56e-06,20.00394358,-17.6,3e-06,562.6707584,1468.768472,1727.839394,-11.452547,1532.5266,63.758139328125026,1653.9009,-73.93851509375008,-11.275936,0.17661087329101477
1037,CCC(CC)=C(CC)C(C)C,CCC1=CC(CC)=C(CC)C1,2,5,1.69e-06,1.82e-06,20.00329124,-17.6,5.83e-07,553.1002634,1477.366877,1777.923023,-11.1033435,1517.9119,40.54498823437507,1656.5947,-121.32829643750006,-11.330359,-0.22701595892334048
1038,CCC(=C(CC)C(C)C)C(C)C,CCC1=CC(CC)=C(CC)C1,2,5,4.65e-06,5.29e-06,20.00194762,-17.5,1.66e-06,541.4976104,1466.464805,1717.10844,-11.314903,1507.8579,41.39310515624993,1660.1654,-56.94303472656247,-11.371635,-0.05673243701171948
1039,CCC(=C(C(C)C)C(C)C)C(C)C,CCC1=CC(CC)=C(CC)C1,2,5,3.09e-06,3.45e-06,20.00223546,-16.6,1.09e-06,531.7953393,1382.198211,1774.987699,-11.381408,1497.7333,115.5350653671876,1655.5502,-119.43752810156252,-11.368934,0.01247432232666057
1040,CC(C)C(=C(C(C)C)C(C)C)C(C)C,CCC1=CC(CC)=C(CC)C1,2,5,2.95e-05,3.47e-05,19.99922848,-15.7,1.07e-05,500.4750341,1308.003329,1541.317419,-11.468055,1488.7261,180.7227452187501,1652.0074,110.69002728906253,-11.360464,0.10759090393066373
1041,CC(C)C(=C(C(C)C)C(C)C)C(C)C,CCC1=CC(CC)=C(CC)C1C,2,5,1.43e-05,1.63e-05,20.00171278,-16.0,5.11e-06,511.1859829,1335.561109,1632.718862,-11.477988,1493.7933,158.2322259609375,1675.4553,42.736460265625055,-11.387554,0.09043383129882798
1042,CC(C)C(=C(C(C)C)C(C)C)C(C)C,CCC1=CC(CC)=C(CC)C1CC,2,5,8.47e-06,9.37e-06,20.00189645,-16.0,2.97e-06,510.1353314,1332.926578,1638.942564,-11.446789,1490.1504,157.22381262499994,1682.0636,43.12103463281255,-11.383939,0.06285021063232499
1043,CC(C)C(=C(C(C)C)C(C)C)C(C)C,CCC1=CC(CC)=C(C(C)C)C1CC,2,5,9.31e-06,1.09e-05,20.00040602,-16.2,3.36e-06,517.7409749,1347.170087,1638.942564,-11.448089,1487.4884,140.31831632031253,1683.7573,44.81476021875005,-11.3729515,0.07513749243164014
1044,CC(C)C(=C(C(C)C)C(C)C)C(C)C,CCC1=C(C(C)C)C(CC)C(CC)=C1C,2,5,3.35e-06,3.82e-06,20.00325466,-16.1,1.19e-06,502.5999406,1327.062463,1686.090869,-11.355286,1506.7047,179.64224891406252,1722.5522,36.46137709374989,-11.413206,-0.05792010046386764
1045,CC(C)C(=C(C(C)C)C(C)C)C(C)C,CCC1=C(CC)C(CC)C(C(C)C)=C1CC,2,5,1.64e-05,1.95e-05,20.00328855,-16.6,5.98e-06,546.4570401,1377.387593,1640.733329,-11.504995,1511.0807,133.69309547656258,1730.641,89.90766221093759,-11.414668,0.09032691680908123
1046,CC(C)(C)C=CC(C)(C)C,C1=CCC=C1,2,5,4.76e-05,5.69e-05,19.99141858,-16.1,1.74e-05,514.1345961,1322.043003,1540.960714,-11.475623,1448.1802,126.13717278125,1653.5442,112.58347545312495,-11.473726,0.0018967274169927606
1047,CC(C)(C)C=CC(C)(C)C,CC1=CC=CC1,2,5,3.97e-05,4.78e-05,19.992581,-16.5,1.46e-05,523.0334441,1356.42939,1541.688848,-11.480762,1444.2175,87.78813929687499,1603.7014,62.01256801562499,-11.334668,0.14609384051513707
1048,CC(C)(C)C=CC(C)(C)C,CC1=CC=C(C)C1,2,5,3.61e-05,4.31e-05,19.99356362,-16.8,1.32e-05,528.0901346,1376.017164,1555.877278,-11.459178,1456.6765,80.6593496718749,1609.632,53.75468000781257,-11.344615,0.11456301739501917
1049,CC(C)(C)C=CC(C)(C)C,CC1=CC(C)=C(C)C1,2,5,2.67e-05,3.19e-05,19.99457663,-17.2,9.77e-06,538.4887323,1407.272418,1636.311611,-11.50168,1483.7112,76.43876364062498,1650.8864,14.574741539062416,-11.426518,0.07516155975341832
1050,CC(C)(C)C=CC(C)(C)C,CC1=CC(C)=C(C)C1C,2,5,4.62e-06,5.29e-06,19.99625314,-17.5,1.65e-06,548.0272568,1437.504923,1740.418522,-11.32873,1489.3774,51.87251840625004,1672.1302,-68.28827297656244,-11.452928,-0.12419758941650372
1051,CC(C)(C)C=CC(C)(C)C,CC1=C(C)C(C)C(C)=C1C,2,5,6.28e-06,7.07e-06,19.99850033,-17.8,2.22e-06,555.0928979,1466.465253,1717.10844,-11.373755,1485.2213,18.756060476562425,1691.7983,-25.310100156249973,-11.4536085,-0.0798535128784188
1052,CC(C)(C)C=CC(C)(C)C,CCC1=C(C)C(C)=C(C)C1C,2,5,1.67e-06,2.8e-06,20.00090114,-17.1,7.48e-07,549.36116,1413.485863,1777.923023,-11.228322,1486.5398,73.05393192187489,1696.1272,-81.79582573437506,-11.442147,-0.2138252549438473
1053,CC(C)(C)C=CC(C)(C)C,CCC1=C(C)C(C)=C(CC)C1C,2,5,3.6e-06,4.86e-06,20.00229533,-17.6,1.41e-06,570.4531108,1464.77826,1770.99492,-11.3514035,1487.3867,22.608458749999954,1702.3865,-68.60844539062509,-11.437514,-0.08611080511474611
1054,CC(C)(C)C=CC(C)(C)C,CCC1=C(C)C(C)=C(C(C)C)C1C,2,5,2.91e-06,4.22e-06,20.00160711,-17.6,1.19e-06,568.2339163,1458.50788,1774.987699,-11.35499,1486.7913,28.283379765625114,1703.0713,-71.91640993750002,-11.438762,-0.08377171112060466
1055,CC(C)(C)C=CC(C)(C)C,CCC1=C(C)C(C)=C(C(C)C)C1CC,2,5,3.9e-06,5.21e-06,20.0021135,-17.6,1.52e-06,570.3653864,1461.81993,1765.319771,-11.338267,1490.5874,28.767472343749887,1714.7042,-50.615547367187446,-11.429006,-0.09073862286376944
1056,CC(C)(C)C=CC(C)(C)C,CCC1=C(C)C(C(C)C)=C(CC)C1CC,2,5,5.1e-06,6.34e-06,20.00246034,-17.6,1.91e-06,572.0633292,1464.569078,1717.10844,-11.360331,1493.0978,28.52870032031251,1719.1237,2.0152172265625268,-11.430864,-0.07053333410644491
1057,CC(C)(C)C=CC(C)(C)C,CCC1=C(CC)C(CC)C(C(C)C)=C1CC,2,5,1.5e-05,1.56e-05,20.0041545,-17.4,5.1e-06,573.2270642,1441.876624,1721.980773,-11.500422,1498.4043,56.52767287500001,1730.4838,8.5029916484375,-11.430713,0.06970930010986365
1058,CC(C)(C)C=CC(C)(C)C,CCC1=C(CC)C(CC)C(C(C)C)=C1C(C)C,2,5,1.36e-05,1.4e-05,20.00422014,-17.2,4.6e-06,579.6770298,1434.091123,1721.980773,-11.501942,1500.8236,66.73248539843757,1735.4883,13.50750825,-11.4361,0.06584199389648404
1059,CC(C)(C)C=CC(C)(C)C,CCC1=C(CC)C(C(C)C)C(C(C)C)=C1C(C)C,2,5,1.68e-05,1.88e-05,20.00440178,-17.3,5.93e-06,583.0988079,1443.235961,1683.893373,-11.505473,1503.9893,60.75329681249991,1742.1317,58.23834086718739,-11.439949,0.06552396435546903
1060,CC(C)(C)C=CC(C)(C)C,CCC1=C(C(C)C)C(C(C)C)=C(C(C)C)C1C(C)C,2,5,1.44e-05,1.67e-05,20.00457456,-17.3,5.18e-06,586.9041287,1448.745466,1721.980773,-11.506247,1505.4935,56.74806427343742,1744.977,22.99627778125,-11.442616,0.06363053729248058
1061,C=C,c1ccccc1,2,6,0.005601839,0.009353343,19.73017391,-19.1,0.00249,378.9140758,709.6175241,752.4610465,-9.878404,990.8862,281.26870636875003,999.5836,247.12257166406255,-9.796389,0.08201537390136693
1062,C=CC,c1ccccc1,2,6,7.12e-05,9.21e-05,19.93914939,-23.0,2.72e-05,600.3565649,1462.896529,1870.759271,-11.301782,1461.9578,-0.9387653281251005,1770.4314,-100.3278745156249,-11.086115,0.21566711657714777
1063,CC=CC,c1ccccc1,2,6,7.12e-05,9.21e-05,19.93914939,-23.0,2.72e-05,600.3565649,1432.9952,1870.759271,-11.313412,1519.0771,86.08194843749993,1845.1313,-25.6279233437499,-10.993926,0.319485951721191
1064,CC=C(C)C,c1ccccc1,2,6,4.42e-06,4.84e-06,19.99579556,-21.3,1.54e-06,557.469129,1703.707565,2118.477561,-11.204304,1501.6481,-202.05949371093743,1788.0394,-330.43813228906265,-10.652794,0.5515101157226567
1065,CC(C)=C(C)C,c1ccccc1,2,6,0.020623697,0.035764774,19.76843436,-7.03,0.0094,184.3645392,1467.771703,687.3293539,-7.8212225,1349.6796,-118.09213757031239,1487.0118,799.6824869203125,-10.110358,-2.2891357382202147
1066,CC(C)=C(C)C,Cc1ccccc1,2,6,1.26e-06,1.31e-06,19.99656009,-21.5,4.36e-07,563.0668823,1713.900096,2130.310727,-11.052042,1414.7803,-299.1198225625001,1585.1494,-545.1613129375,-10.337687,0.7143554613037111
1068,CC(C)=C(C)C,Cc1ccc(C)c(C)c1,2,6,2.34e-06,2.63e-06,19.99384625,-21.7,8.26e-07,577.3799438,1733.231762,2121.06363,-11.1745125,1755.5288,22.29704659375011,2040.7363,-80.3273018750001,-11.004726,0.16978609008789114
1069,CC(C)=C(C)C,Cc1cc(C)c(C)cc1C,2,6,1.17e-06,1.24e-06,19.99427047,-21.9,3.98e-07,585.4665908,1760.715855,2135.705609,-11.0767225,1779.4186,18.70272410156258,2096.7593,-38.946331656250095,-11.092044,-0.015321376647948526
1070,CC(C)=C(C)C,Cc1cc(C)c(C)c(C)c1C,2,6,1.82e-06,1.88e-06,19.99499481,-22.1,6.17e-07,592.7425948,1779.949308,2145.897362,-11.008876,1791.1353,11.185945906250026,2132.656,-13.241356140625157,-11.144208,-0.1353319544067375
1071,CC(C)=C(C)C,Cc1c(C)c(C)c(C)c(C)c1C,2,6,1.41e-06,1.43e-06,19.99407682,-22.2,4.75e-07,597.677593,1788.801308,2152.357924,-11.0462175,1799.4839,10.682578718749937,2157.106,4.748033031250088,-11.176002,-0.1297840487670907
1072,CCC(C)=C(C)C,Cc1c(C)c(C)c(C)c(C)c1C,2,6,2.51e-06,2.64e-06,19.9941581,-21.9,8.59e-07,585.3881557,1758.253405,2128.140533,-11.1792965,1755.9197,-2.3337272656249297,2117.214,-10.926421671874778,-11.200772,-0.021475785461426256
1073,CCC(C)=C(C)CC,Cc1c(C)c(C)c(C)c(C)c1C,2,6,1.96e-06,2.12e-06,19.99307888,-21.9,6.83e-07,584.6427936,1756.25324,2125.666887,-11.0581175,1727.5919,-28.661321054687505,2082.9463,-42.72059793749986,-11.225214,-0.16709650451660174
1074,CCC(C)=C(CC)CC,Cc1c(C)c(C)c(C)c(C)c1C,2,6,1.1e-05,1.31e-05,19.98668003,-22.2,4.01e-06,588.7589292,1760.687165,2084.998617,-11.492277,1707.0643,-53.62283394531255,2051.9155,-33.083089656250195,-11.245917,0.2463596797485348
1075,CCC(CC)=C(CC)CC,Cc1c(C)c(C)c(C)c(C)c1C,2,6,8.6e-06,1.02e-05,19.98299499,-22.3,3.13e-06,587.0529365,1750.493804,2073.780825,-11.438819,1687.5822,-62.911650679687455,2005.5286,-68.25226054687482,-11.220209,0.21860987829589895
1076,CCC(CC)=C(CC)CC,CCc1c(C)c(C)c(C)c(C)c1C,2,6,9.58e-06,1.14e-05,19.98243045,-22.2,3.5e-06,588.1846821,1739.741161,2084.834666,-11.466604,1676.7222,-63.01899303124992,1990.2798,-94.5548808437502,-11.179407,0.2871968802490237
1077,CCC(CC)=C(CC)CC,CCc1c(C)c(C)c(C)c(C)c1CC,2,6,9.13e-06,1.09e-05,19.98091223,-22.2,3.33e-06,582.2900164,1727.121504,2066.703921,-11.438912,1639.2427,-87.87882821874996,1910.8679,-155.8360010781248,-11.032833,0.4060789006347658
1078,CCC(CC)=C(CC)CC,CCc1c(C)c(C)c(CC)c(CC)c1C,2,6,1.96e-05,2.32e-05,19.97357885,-22.2,7.13e-06,585.4922438,1364.305187,1925.430781,-11.441295,1583.6467,219.34154151562507,1780.8749,-144.55590307031252,-10.790099,0.6511958560180666
1080,CCC(CC)=C(CC)CC,CCc1c(C)c(CC)c(CC)c(CC)c1CC,2,6,7.65e-05,9.49e-05,19.96988661,-22.5,2.86e-05,600.5842994,1740.553485,1927.405905,-11.296452,1445.5488,-295.0046568749999,1461.1089,-466.2970182812501,-10.130753,1.1656994365234379
1081,CCC(CC)=C(CC)CC,CCc1c(CC)c(CC)c(CC)c(CC)c1CC,2,6,4.73e-05,5.81e-05,19.97190451,-23.3,1.76e-05,617.8768341,1803.289237,1994.052722,-11.3394945,1389.4669,-413.82231805468746,1354.2627,-639.7900266874999,-9.933422,1.4060724113769538
1082,CCC(CC)=C(CC)C(C)C,CCc1c(CC)c(CC)c(CC)c(CC)c1CC,2,6,0.008049893,0.012260683,19.79583487,-6.21,0.00339,184.8051031,315.0,440.9309387,-7.63527875,1333.2205,1018.220458984375,1225.7913,784.8603210656249,-9.803208,-2.1679296011352536
1083,CCC(CC)=C(C(C)C)C(C)C,CCc1c(CC)c(CC)c(CC)c(CC)c1CC,2,6,0.035311456,0.064344074,19.69510791,-6.4,0.0166,176.0789079,176.0789079,270.48055,-6.352067,1294.1221,1118.0431624125,1151.0797,880.5991619140625,-9.732307,-3.3802404340820313
1084,CCC(=C(C(C)C)C(C)C)C(C)C,CCc1c(CC)c(CC)c(CC)c(CC)c1CC,2,6,0.002203374,0.002354357,19.86958321,-6.08,0.00076,165.1404545,1284.106598,848.9775402,-9.33108725,1278.2827,-5.823883156250076,1108.3662,259.3886707375,-9.68452,-0.35343251776123097
1085,CC(C)C(=C(C(C)C)C(C)C)C(C)C,CCc1c(CC)c(CC)c(CC)c(CC)c1CC,2,6,0.000296207,0.000386069,19.94805007,-21.5,0.000114,553.5081357,1622.09678,1621.927459,-10.896663,1269.9579,-352.1388942578126,1076.3052,-545.62228321875,-9.641633,1.2550299662475588
1086,CC(C)C(=C(C(C)C)C(C)C)C(C)C,CCc1c(CC)c(CC)c(C(C)C)c(CC)c1CC,2,6,0.001343431,0.001744196,19.9013311,-7.03,0.000515,207.2058822,1460.743057,1034.129125,-9.68847325,1266.63,-194.1130521171874,1073.5664,39.43728125000007,-9.62878,0.059692885009765106
1087,CC(C)C(=C(C(C)C)C(C)C)C(C)C,CCc1c(CC)c(CC)c(C(C)C)c(C(C)C)c1CC,2,6,0.0006657,0.000863602,19.91290524,-7.36,0.000255,210.1555046,1355.676888,1071.05881,-9.6875195,1261.9878,-93.68909503124996,1071.0427,-0.016085390624994034,-9.618468,0.06905121539306691
1088,CC(C)C(=C(C(C)C)C(C)C)C(C)C,CCc1c(CC)c(C(C)C)c(C(C)C)c(C(C)C)c1CC,2,6,0.00458398,0.006240776,19.85998976,-6.61,0.0018,175.0687561,292.0,566.5967165,-8.492581,1257.4491,965.4490966796875,1068.9799,502.38314189843754,-9.607634,-1.1150525906982427
1089,CC(C)C(=C(C(C)C)C(C)C)C(C)C,CCc1c(CC)c(C(C)C)c(C(C)C)c(C(C)C)c1C(C)C,2,6,0.000215625,0.000279118,19.95058489,-21.3,8.25e-05,553.357397,1635.331233,1621.13636,-10.804533,1253.1888,-382.1423902265626,1067.7311,-553.4052808984375,-9.598333,1.2061996412353508
1090,CC(C)C(=C(C(C)C)C(C)C)C(C)C,CCc1c(C(C)C)c(C(C)C)c(C(C)C)c(C(C)C)c1C(C)C,2,6,0.211573289,0.481449523,19.11010186,-4.96,0.116,89.31282178,89.31282178,17.22994248,-5.22132375,1249.5458,1160.2329545871876,1066.5277,1049.2977674809374,-9.592918,-4.371594645996094
1091,C=CC,Cc1ccccc1,2,6,7.77e-05,9.9e-05,19.93835562,-23.2,2.95e-05,607.8817998,1605.286101,1877.008121,-11.1777215,1506.043,-99.24313224999992,1787.614,-89.39410732812507,-11.132598,0.04512357672119194
1092,C=CC,Cc1ccc(C)cc1,2,6,0.000165172,0.0002144,19.93846164,-23.4,6.33e-05,613.7231008,1624.804649,1626.461536,-10.843893,1558.7231,-66.08150446874993,1806.0245,179.56300013281248,-11.139309,-0.2954159294433598
1093,C=CC,Cc1ccc(C)c(C)c1,2,6,0.000147049,0.000189697,19.94216079,-23.5,5.61e-05,623.6115211,1645.060131,1654.789341,-10.883983,1559.9515,-85.10859291406246,1795.094,140.30465314062508,-11.094776,-0.2107931535644525
1094,C=CC,Cc1cc(C)c(C)cc1C,2,6,0.000108334,0.000138246,19.94434659,-23.7,4.11e-05,627.935062,1667.843586,1791.49202,-11.0674335,1543.6449,-124.19868853906246,1752.6306,-38.86140476562491,-11.0340805,0.033352994628906174
1095,C=CC,Cc1cc(C)c(C)c(C)c1C,2,6,3.57e-05,4.58e-05,19.9463641,-23.9,1.36e-05,634.3956584,1544.358446,1923.935679,-11.29199,1533.1035,-11.254930374999958,1707.5663,-216.36939482031244,-10.975616,0.3163735449218752
1096,C=CC,Cc1c(C)c(C)c(C)c(C)c1C,2,6,5.9e-05,7.54e-05,19.94715455,-24.2,2.24e-05,643.9548783,1566.928528,1864.551901,-11.027458,1534.4609,-32.467590499999915,1692.235,-172.31691564843754,-10.9287615,0.09869651776122979
1097,CC=CC,Cc1c(C)c(C)c(C)c(C)c1C,2,6,5.27e-05,6.68e-05,19.94637386,-24.4,1.99e-05,642.678981,1570.551819,1883.625402,-11.047641,1653.6124,83.06060775781248,1915.0369,31.411463234375105,-11.117554,-0.06991271093749951
1098,CC=C(C)C,Cc1c(C)c(C)c(C)c(C)c1C,2,6,2.38e-07,4.29e-07,19.99591342,-22.0,1.42e-07,593.2921208,1626.444736,2002.81051,-11.1035365,1767.8715,141.42672396093758,2109.3477,106.53714624999998,-11.155486,-0.05194960687255801
1099,CC(C)=C(C)C,CCc1c(C)c(C)c(C)c(C)c1C,2,6,2.84e-06,3.04e-06,19.99416779,-22.3,9.79e-07,591.6729358,1786.249412,2142.962038,-11.233468,1817.0334,30.784035265625107,2153.2163,10.25427059374988,-11.1608715,0.07259649426269554
1100,CCC(C)=C(C)C,CCc1c(C)c(C)c(C)c(C)c1C,2,6,0.0,1.39e-07,19.99323501,-22.3,6.39e-08,597.49618,1787.979304,2062.253064,-11.149681,1771.3438,-16.635553999999956,2111.3345,49.081408656250005,-11.188919,-0.03923806738281321
1101,CCC(C)=C(C)CC,CCc1c(C)c(C)c(C)c(C)c1C,2,6,2.62e-06,2.73e-06,19.99326262,-22.0,8.9e-07,585.3618047,1765.902219,2146.561902,-11.1882545,1731.0825,-34.81969946875006,2069.5427,-77.01917739062492,-11.207482,-0.01922783795166083
1102,CCC(C)=C(CC)CC,CCc1c(C)c(C)c(C)c(C)c1C,2,6,6.91e-06,8.08e-06,19.98205061,-22.3,2.5e-06,592.2161385,1756.81301,2064.688353,-11.256818,1702.1172,-54.69582250000008,2028.8826,-35.805784640625006,-11.198953,0.05786532513427822
1103,CCC(CC)=C(CC)CC,CCc1c(C)c(C)c(C)c(C)c1C,2,6,1.68e-05,2.03e-05,19.97992218,-22.2,6.19e-06,590.9166413,1734.907462,1977.964857,-11.49017,1676.7222,-58.185294031249896,1990.2798,12.314928156250062,-11.179407,0.3107628802490243
1104,CCC(CC)=C(CC)CC,CCc1c(C)c(C)c(CC)c(C)c1C,2,6,4.09e-05,5.02e-05,19.96878647,-22.1,1.52e-05,571.2400705,1699.828917,1977.383486,-11.373716,1639.2449,-60.58404395312505,1910.8462,-66.53729459374995,-11.03281,0.3409057888183593
1105,CCC(CC)=C(CC)CC,CCc1c(C)c(C)c(CC)c(CC)c1C,2,6,4.17e-05,5.12e-05,19.96802485,-22.1,1.55e-05,570.5852296,1700.028263,1977.383486,-11.352316,1583.6467,-116.38153448437492,1780.8749,-196.50860807031245,-10.790099,0.5622168560180665
1106,CCC(CC)=C(CC)CC,CCc1c(C)c(CC)c(CC)c(C)c1CC,2,6,5.29e-05,6.5e-05,19.96862547,-22.6,1.96e-05,592.3721947,1734.163421,1917.767668,-11.291216,1512.8486,-221.31478818749997,1612.313,-305.45467971874996,-10.45398,0.837235554138184
1107,CCC(CC)=C(CC)CC,CCc1c(C)c(CC)c(C(C)C)c(C)c1CC,2,6,1.22e-05,1.42e-05,19.98087705,-23.1,4.4e-06,608.7858675,1802.475003,2076.484471,-11.4814405,1497.5464,-304.92861628125,1571.7816,-504.7028547890627,-10.375765,1.105675653198242
1108,CCC(CC)=C(CC)CC,CCc1c(C)c(C(C)C)c(CC)c(CC)c1CC,2,6,2.67e-05,3.16e-05,19.97934986,-23.1,9.73e-06,609.3356252,1798.943196,1994.052722,-11.402758,1433.8365,-365.10664814843744,1434.7107,-559.3420286406249,-10.081822,1.3209356046752934
1109,CCC(CC)=C(CC)CC,CCc1c(CC)c(CC)c(C(C)C)c(CC)c1CC,2,6,0.067693367,0.148342639,19.29861327,-4.37,0.036,146.7864656,146.7864656,47.61437136,-5.7280095,1382.381,1235.5945158453126,1342.1829,1294.568489968125,-9.909711,-4.1817013840942385
1110,CC=CC,Cc1ccccc1,2,6,0.000130145,0.000168712,19.9389393,-23.4,4.98e-05,605.4199103,1606.577105,1791.710766,-11.012341,1573.2136,-33.363481953125074,1898.743,107.03227599218758,-11.122441,-0.11010029180908276
1111,CC=CC,Cc1ccc(C)cc1,2,6,0.000178423,0.000232902,19.93558674,-23.5,6.86e-05,611.135981,1619.196823,1626.461536,-10.812953,1637.9117,18.714920164062505,1941.9358,315.474255015625,-11.126281,-0.31332778460693333
1112,CC=CC,Cc1ccc(C)c(C)c1,2,6,8.91e-05,0.000113927,19.94530302,-23.8,3.38e-05,619.3397806,1785.689857,1838.87908,-11.1458225,1651.6499,-134.03995465625007,1923.2036,84.32453328125007,-11.086999,0.058823560485839366
1113,CC=CC,Cc1cc(C)c(C)cc1C,2,6,7.56e-05,9.6e-05,19.94458098,-23.9,2.86e-05,625.1022694,1670.12237,1876.789376,-11.1213835,1634.54,-35.582330937500046,1891.8828,15.093436500000053,-11.073647,0.04773695458984406
1114,CC=CC,Cc1cc(C)c(C)c(C)c1C,2,6,6.58e-05,8.34e-05,19.94348946,-24.2,2.49e-05,632.5492876,1550.693207,1864.770646,-11.116856,1640.7646,90.07144143749997,1902.2994,37.52879247656256,-11.113527,0.0033287020263674805
1115,CC=CC,Cc1c(C)c(C)c(C)c(C)c1C,2,6,4.59e-05,5.81e-05,19.94826224,-24.4,1.73e-05,645.7344172,1580.399568,1920.555868,-11.082744,1653.6124,73.21285875781246,1915.0369,-5.5190027656249185,-11.117554,-0.03480971093750007
1116,CC=CC,CCc1c(C)c(C)c(C)c(C)c1C,2,6,6.34e-05,8.02e-05,19.94525603,-24.4,2.39e-05,639.0858494,1566.060829,1864.551901,-11.047338,1661.8322,95.77132432031249,1920.105,55.55307946874996,-11.126037,-0.07869864398193371
1117,CC=CC,CCc1c(C)c(C)c(CC)c(C)c1C,2,6,0.000548162,0.000801495,19.84364248,-19.0,0.000225,453.9988201,1541.824199,1060.756723,-10.43780814,1668.067,126.24281760156259,1918.844,858.087271140625,-11.116744,-0.6789359014428715
1118,CC=CC,CCc1c(C)c(C)c(CC)c(CC)c1C,2,6,2.54e-05,3.08e-05,19.97219378,-25.7,9.36e-06,685.2972956,1686.504688,1808.68899,-10.886527,1664.0071,-22.497607921874987,1873.0394,64.3504387109374,-11.024085,-0.13755804486084067
1119,CC=CC,CCc1c(C)c(CC)c(CC)c(C)c1CC,2,6,2.04e-06,2.31e-06,19.98819523,-26.7,7.25e-07,728.6608157,1790.710193,1916.8823,-10.631348,1640.1523,-150.5578492499999,1801.2937,-115.58859882812499,-10.922881,-0.29153312640380946
1120,CC=CC,CCc1c(C)c(CC)c(CC)c(CC)c1CC,2,6,1.35e-05,1.62e-05,19.97502147,-26.8,4.96e-06,722.9076714,1764.01863,1877.88086,-10.910859,1606.3024,-157.71626183593753,1728.3893,-149.49157777343748,-10.824442,0.08641709020996124
1121,CC=CC,CCc1c(CC)c(CC)c(CC)c(CC)c1CC,2,6,0.000299421,0.000403284,19.91524963,-21.8,0.000117,553.7824851,1354.463547,1595.174615,-10.8861015,1559.3942,204.93061803906244,1659.4535,64.2788762109376,-10.732926,0.15317513128662164
1122,CC=CC,CCc1c(CC)c(CC)c(C(C)C)c(CC)c1CC,2,6,0.00032307,0.000436924,19.91695912,-22.5,0.000127,578.3909555,1390.989871,1620.153856,-10.9543035,1549.8765,158.88659384375,1639.909,19.755201617187595,-10.704527,0.24977659875488278
1123,CC=CC,CCc1c(CC)c(C(C)C)c(CC)c(C(C)C)c1CC,2,6,0.016530955,0.03043544,19.55875172,-16.1,0.00783,285.1666919,618.0,676.3667733,-8.3969305,1535.7672,917.7672119140625,1618.0791,941.7123282625,-10.67642,-2.2794897117919923
1124,CC=CC,CCc1c(C(C)C)c(CC)c(C(C)C)c(CC)c1C(C)C,2,6,0.000358844,0.000485358,19.9181412,-22.2,0.000141,579.1846201,1386.271222,1620.153856,-10.9543035,1521.739,135.46779167187492,1598.0879,-22.065965374999905,-10.649304,0.3049991100463867
1125,CC=CC,CCc1c(C(C)C)c(CC)c(C(C)C)c(C(C)C)c1C(C)C,2,6,0.001172286,0.001615731,19.92688279,-12.0,0.000465,316.3135165,1473.818101,1145.079369,-10.85515525,1509.1156,35.29749958593743,1580.1342,435.05478627343746,-10.62468,0.23047568457031176
1126,CC=CC,CCc1c(C(C)C)c(C(C)C)c(C(C)C)c(C(C)C)c1C(C)C,2,6,0.000461021,0.000624747,19.93404847,-21.8,0.000181,565.7309974,1399.992085,1617.859238,-10.9999395,1498.1174,98.12534664062491,1564.8258,-53.033432335937505,-10.603625,0.39631420245361326
1127,CC=CC,CC(C)c1c(C(C)C)c(C(C)C)c(C(C)C)c(C(C)C)c1C(C)C,2,6,0.001428726,0.002004363,19.92597712,-12.0,0.000572,322.0748839,1563.051199,1142.651536,-10.76599775,1490.8344,-72.2168484140625,1557.0737,414.4221944687499,-10.594548,0.17144952459716833
1128,CC=C(C)C,CC(C)c1c(C(C)C)c(C(C)C)c(C(C)C)c(C(C)C)c1C(C)C,2,6,2.14e-05,2.6e-05,19.97328609,-23.1,7.9e-06,613.1774929,1514.510861,1923.164648,-11.4355625,1678.0527,163.54187337500002,1864.4067,-58.75790971874994,-10.809394,0.6261686172485348
1129,CC(C)=C(C)C,CC(C)c1c(C(C)C)c(C(C)C)c(C(C)C)c(C(C)C)c1C(C)C,2,6,5.47e-06,6.19e-06,19.99105923,-26.1,1.94e-06,713.1722564,1748.337408,1855.934537,-10.722959,1614.0391,-134.2983455000001,1749.5111,-106.42342860156259,-10.503753,0.21920629156494087
1130,CCC(C)=C(C)C,CC(C)c1c(C(C)C)c(C(C)C)c(C(C)C)c(C(C)C)c1C(C)C,2,6,0.179226506,0.460425014,19.0539383,-12.6,0.107,177.787064,177.787064,192.2821767,-6.418447,1494.5217,1316.734664515625,1581.3436,1389.0614512296875,-10.281603,-3.8631558594970707
1131,CCC(C)=C(C)CC,CC(C)c1c(C(C)C)c(C(C)C)c(C(C)C)c(C(C)C)c1C(C)C,2,6,0.06061465,0.098384441,19.44018392,-3.63,0.0265,99.4551985,99.4551985,134.9827011,-5.6908185,1419.9392,1320.484010484375,1449.8506,1314.8678848375,-10.088323,-4.397504139465332
1132,CCC(C)=C(CC)CC,CC(C)c1c(C(C)C)c(C(C)C)c(C(C)C)c(C(C)C)c1C(C)C,2,6,0.192884376,0.502997538,19.02078501,-12.4,0.116,171.4900807,171.4900807,192.2821767,-6.418447,1377.2899,1205.7998362921876,1358.7733,1166.4911387296875,-9.944637,-3.526190298583985
1133,CCC(CC)=C(CC)CC,CC(C)c1c(C(C)C)c(C(C)C)c(C(C)C)c(C(C)C)c1C(C)C,2,6,0.000160212,0.000205447,19.95036463,-23.1,6.09e-05,603.6243,1457.099371,1618.096165,-10.8883605,1341.1938,-115.90552334375002,1293.836,-324.2601054296874,-9.853171,1.0351891514282219
1134,CCC(CC)=C(CC)C(C)C,CC(C)c1c(C(C)C)c(C(C)C)c(C(C)C)c(C(C)C)c1C(C)C,2,6,0.110179103,0.252263972,19.03228725,-3.68,0.0604,74.12638506,74.12638506,17.22994248,-5.22132375,1289.7812,1215.65486494,1187.2349,1170.00492080125,-9.741262,-4.519938685913086
1135,CCC(=C(CC)C(C)C)C(C)C,CC(C)c1c(C(C)C)c(C(C)C)c(C(C)C)c(C(C)C)c1C(C)C,2,6,0.546197964,1.312004564,17.32322592,-2.54,0.31,41.64363518,41.64363518,17.22994248,-5.22132375,1270.5299,1228.8862720465625,1136.1061,1118.8761366215624,-9.683262,-4.461938121337891
1136,CCC(=C(C(C)C)C(C)C)C(C)C,CC(C)c1c(C(C)C)c(C(C)C)c(C(C)C)c(C(C)C)c1C(C)C,2,6,0.038805929,0.065182919,19.32994381,-3.76,0.0173,95.88400234,95.88400234,146.451616,-5.7931715,1256.9028,1161.01882969125,1098.1875,951.7358839999999,-9.63895,-3.845778847900391
1137,CC(C)C(=C(C(C)C)C(C)C)C(C)C,CC(C)c1c(C(C)C)c(C(C)C)c(C(C)C)c(C(C)C)c1C(C)C,2,6,0.329813308,0.606846343,18.69393212,-3.36,0.156,53.99525852,53.99525852,17.22994248,-5.22132375,1248.0487,1194.0534475346874,1068.8943,1051.664344629375,-9.59708,-4.375756480712891
1138,CC=C(C)C,Cc1ccccc1,2,6,2.45e-06,2.52e-06,19.99350857,-21.5,8.27e-07,572.2100525,1720.601921,2122.745651,-11.1717675,1564.8226,-155.77928916406245,1882.5057,-240.23991369531268,-10.875968,0.2957995205688473
1139,CC=C(C)C,Cc1ccc(C)cc1,2,6,3.39e-06,3.57e-06,19.99314325,-21.6,1.16e-06,576.336546,1729.862806,2115.65466,-11.2329185,1667.8264,-62.03638998437509,1975.18,-140.47460628906265,-10.978204,0.2547147265014651
1140,CC=C(C)C,Cc1ccc(C)c(C)c1,2,6,0.163983608,0.401390564,18.85545926,-5.74,0.0942,116.2054576,116.2054576,21.5458846,-5.5111695,1739.852,1623.64659318125,2036.1455,2014.5996232125,-11.046646,-5.535476618164062
1141,CC=C(C)C,Cc1cc(C)c(C)cc1C,2,6,3.02e-06,3.21e-06,19.99315478,-21.9,1.04e-06,586.0801759,1755.268627,2122.731563,-11.2437365,1754.4509,-0.817699265624924,2071.4204,-51.311152843749824,-11.09754,0.14619659826660225
1142,CC=C(C)C,Cc1cc(C)c(C)c(C)c1C,2,6,3.78e-06,4.13e-06,19.99102738,-21.9,1.32e-06,582.9973048,1741.649785,2121.868216,-11.234704,1761.2607,19.610957187499935,2092.6035,-29.264700374999848,-11.128269,0.10643480444336006
1143,CC=C(C)C,Cc1c(C)c(C)c(C)c(C)c1C,2,6,1.03e-06,1.23e-06,19.9938435,-22.0,3.77e-07,594.4354564,1767.067659,2161.445735,-11.1062315,1767.8715,0.8038009609374512,2109.3477,-52.098078749999786,-11.155486,-0.04925460687255878
1144,CC=C(C)C,CCc1c(C)c(C)c(C)c(C)c1C,2,6,5.58e-06,6.19e-06,19.98996782,-22.2,1.96e-06,588.392203,1774.571149,2079.482462,-11.2504725,1784.7819,10.210711351562395,2110.2632,30.78072159375006,-11.142513,0.10795922485351639
1145,CC=C(C)C,CCc1c(C)c(C)c(CC)c(C)c1C,2,6,7.51e-06,8.42e-06,19.98676177,-22.2,2.66e-06,588.9435623,1770.776529,2084.17763,-11.347643,1802.1221,31.345541312500018,2111.7407,27.563092656249864,-11.133513,0.2141295493774411
1146,CC=C(C)C,CCc1c(C)c(C)c(CC)c(CC)c1C,2,6,4.76e-06,5.35e-06,19.98993801,-22.2,1.68e-06,594.9377958,1771.584294,2088.682643,-11.220278,1806.4644,34.88006146875,2103.2273,14.544651921874902,-11.12738,0.09289762890625042
1147,CC=C(C)C,CCc1c(C)c(CC)c(CC)c(C)c1CC,2,6,3.66e-06,3.99e-06,19.99007886,-22.3,1.27e-06,599.7287971,1793.733431,2138.917221,-11.2102285,1809.0603,15.32687173437489,2092.7312,-46.186019828125154,-11.108359,0.10186916314697214
1148,CC=C(C)C,CCc1c(C)c(CC)c(CC)c(CC)c1CC,2,6,5.59e-06,6.26e-06,19.98995894,-22.6,1.98e-06,612.4358191,1812.003795,2078.966266,-11.2323455,1789.4368,-22.567027421875082,2036.3857,-42.580523812499905,-11.007076,0.22526923657226483
1149,CC=C(C)C,CCc1c(CC)c(CC)c(CC)c(CC)c1CC,2,6,8.5e-06,9.62e-06,19.98840734,-22.6,3.02e-06,606.3910384,1809.881034,2082.872124,-11.4312825,1750.9082,-58.972830875,1966.3086,-116.56353024999999,-10.914959,0.5163235461425781
1150,CC=C(C)C,CCc1c(CC)c(CC)c(C(C)C)c(CC)c1CC,2,6,5.19e-06,5.74e-06,19.99209249,-22.7,1.82e-06,612.0005294,1823.294974,2167.008744,-11.2323195,1739.8325,-83.46245446874991,1947.8135,-219.1952674375002,-10.891612,0.34070744708251866
1151,CC=C(C)C,CCc1c(CC)c(C(C)C)c(CC)c(CC)c1C(C)C,2,6,2.82e-06,3.08e-06,19.9948065,-22.7,9.81e-07,613.0676903,1825.376477,2230.48832,-11.243,1725.2172,-100.15931391406252,1926.8853,-303.60306609374993,-10.870254,0.37274643707275423
1152,CC=C(C)C,CCc1c(CC)c(C(C)C)c(C(C)C)c(CC)c1C(C)C,2,6,2.77e-06,3.05e-06,19.99541154,-22.9,9.69e-07,617.5941419,1853.776224,2230.48832,-11.26273,1711.4377,-142.33847985937496,1907.0037,-323.48465789062493,-10.849646,0.413084385375976
1153,CC=C(C)C,CCc1c(C(C)C)c(C(C)C)c(CC)c(C(C)C)c1C(C)C,2,6,3.04e-06,3.31e-06,19.99626674,-23.1,1.06e-06,623.5791773,1874.027974,2230.48832,-11.199678,1698.7175,-175.31044470312509,1888.8579,-341.63040984374993,-10.830577,0.36910110333252
1154,CC=C(C)C,CCc1c(C(C)C)c(C(C)C)c(C(C)C)c(C(C)C)c1C(C)C,2,6,3.49e-06,3.83e-06,19.99470896,-23.1,1.22e-06,624.535203,1876.0602,2230.48832,-11.178616,1686.9932,-189.0670359374999,1872.6202,-357.86808074218743,-10.81362,0.36499638635253895
1155,CC=C(C)C,CCc1c(C(C)C)c(C(C)C)c(C(C)C)c(C(C)C)c1C(C)(C)C,2,6,2.4e-05,2.86e-05,19.9763983,-22.7,8.77e-06,606.6723775,1793.517977,1993.760597,-11.397299,1691.1877,-102.33023285937497,1877.7273,-116.03330207812496,-10.822003,0.575295635437012
1156,CC(C)=C(C)C,CCc1c(C(C)C)c(C(C)C)c(C(C)C)c(C(C)C)c1C(C)(C)C,2,6,6.34e-06,7.4e-06,19.98188827,-26.2,2.29e-06,700.9674965,1729.609643,1848.693682,-10.723093,1629.7047,-99.9049310859375,1770.1826,-78.51106481250008,-10.535201,0.18789192730712934
1157,CCC(C)=C(C)C,CCc1c(C(C)C)c(C(C)C)c(C(C)C)c(C(C)C)c1C(C)(C)C,2,6,5.02e-06,5.8e-06,19.98301665,-26.4,1.8e-06,711.1083165,1747.870478,1855.770585,-10.69793,1510.4104,-237.46007760937505,1601.7744,-253.99617093749998,-10.315534,0.3823963619995112
1158,CCC(C)=C(C)CC,CCc1c(C(C)C)c(C(C)C)c(C(C)C)c(C(C)C)c1C(C)(C)C,2,6,0.327476282,0.87426965,18.97848243,-3.48,0.2,62.56809972,62.56809972,17.22994248,-5.22132375,1430.2501,1367.6820223503125,1469.0154,1451.785438379375,-10.127466,-4.906142451782227
1159,CCC(C)=C(CC)CC,CCc1c(C(C)C)c(C(C)C)c(C(C)C)c(C(C)C)c1C(C)(C)C,2,6,3.85e-06,4.37e-06,19.98699805,-25.6,1.37e-06,683.5263681,1678.380365,1878.522894,-10.714936,1388.6659,-289.7144714453125,1375.631,-502.89191255468745,-9.978179,0.7367570220336912
1160,CCC(CC)=C(CC)CC,CCc1c(C(C)C)c(C(C)C)c(C(C)C)c(C(C)C)c1C(C)(C)C,2,6,0.000356823,0.00047766,19.92839028,-22.3,0.000139,575.0119672,1365.507296,1617.859238,-10.9994895,1352.3313,-13.175997171874997,1309.1257,-308.733505578125,-9.880899,1.1185900706787102
1161,CCC(CC)=C(CC)C(C)C,CCc1c(C(C)C)c(C(C)C)c(C(C)C)c(C(C)C)c1C(C)(C)C,2,6,3.03e-06,3.44e-06,19.99339448,-25.4,1.08e-06,678.2647995,1678.11163,2094.569332,-10.801404,1297.7394,-380.3722501171876,1196.8883,-897.6810263359375,-9.762324,1.0390796668090818
1162,CCC(=C(CC)C(C)C)C(C)C,CCc1c(C(C)C)c(C(C)C)c(C(C)C)c(C(C)C)c1C(C)(C)C,2,6,1.11e-07,2.39e-07,20.01043151,-22.2,6.95e-08,603.5579157,1785.098018,2071.661649,-11.101964,1276.8191,-508.2789262031249,1143.5756,-928.0860874765626,-9.701749,1.4002151520385748
1163,CCC(=C(C(C)C)C(C)C)C(C)C,CCc1c(C(C)C)c(C(C)C)c(C(C)C)c(C(C)C)c1C(C)(C)C,2,6,3.42e-07,4.13e-07,20.0078651,-25.2,1.1e-07,674.0359464,1828.817337,2181.825065,-10.931351,1262.1685,-566.64887996875,1104.398,-1077.42711578125,-9.656923,1.2744277059326166
1164,CC(C)C(=C(C(C)C)C(C)C)C(C)C,CCc1c(C(C)C)c(C(C)C)c(C(C)C)c(C(C)C)c1C(C)(C)C,2,6,1.71e-06,1.92e-06,20.00199922,-25.7,6e-07,673.793498,1836.728536,2256.103644,-10.757948,1253.1951,-583.5334676406251,1074.7213,-1181.3823305234373,-9.616209,1.1417389698486335
1165,C=C,Cc1ccc(C)cc1,2,6,3.1e-06,3.13e-06,15.98150107,-47.8,1.04e-06,1349.732627,1629.732628,1478.933865,-9.771866857,1174.528,-455.2046738984375,1188.1179,-290.81594507812497,-9.656068,0.11579900879443272
1166,C=CC,Cc1ccc(C)cc1,2,6,5.57e-05,7.14e-05,19.9437423,-23.4,2.12e-05,612.3787603,1493.042216,1866.220627,-11.320372,1558.7231,65.68092853124995,1806.0245,-60.19609086718742,-11.139309,0.1810630705566414
1167,CC=CC,Cc1ccc(C)cc1,2,6,8.03e-05,0.00010322,19.94005783,-23.5,3.06e-05,609.6801276,1484.36435,1866.727535,-11.320042,1637.9117,153.54739316406244,1941.9358,75.20825601562501,-11.126281,0.19376121539306723
1168,CC=CC,Cc1ccc(C)c(C)c1,2,6,7.58e-05,9.75e-05,19.94442041,-23.8,2.89e-05,621.1021446,1511.051475,1866.508789,-11.308908,1651.6499,140.59842734375002,1923.2036,56.69482428125002,-11.086999,0.22190906048584047
1169,CC=CC,Cc1cc(C)c(C)cc1C,2,6,0.000105644,0.000135672,19.94612392,-24.0,4.02e-05,629.8340797,1530.743501,1781.211434,-11.17324,1634.54,103.79653806250008,1891.8828,110.67137849999995,-11.073647,0.09959345458984359
1170,CC=CC,Cc1cc(C)c(C)c(C)c1C,2,6,8.22e-05,0.000105248,19.94512198,-24.1,3.12e-05,636.7524363,1537.548022,1866.508789,-11.186806,1640.7646,103.21662643750005,1902.2994,35.79064947656252,-11.113527,0.07327870202636788
1171,CC=CC,Cc1c(C)c(C)c(C)c(C)c1C,2,6,7.42e-05,9.42e-05,19.94516466,-24.4,2.81e-05,640.1731818,1560.916917,1865.058808,-11.062318,1653.6124,92.69550975781249,1915.0369,49.978057234375,-11.117554,-0.05523571093750057
1172,CC=C(C)C,Cc1c(C)c(C)c(C)c(C)c1C,2,6,8.34e-07,1.03e-06,19.99597411,-21.9,3.11e-07,591.7069745,1599.335303,2069.513777,-11.0182825,1767.8715,168.53615696093743,2109.3477,39.83387924999988,-11.155486,-0.13720360687255884
1173,CC=C(C)C,CCc1c(C)c(C)c(C)c(C)c1C,2,6,2.42e-06,2.59e-06,19.99462444,-22.1,8.37e-07,596.8432484,1779.237776,2144.792848,-11.15777,1784.7819,5.54408435156256,2110.2632,-34.52966440625005,-11.142513,0.015256724853514925
1174,CC=C(C)C,CCc1c(C)c(C)c(C)c(C)c1CC,2,6,1.97e-06,2.1e-06,19.99558516,-22.2,6.79e-07,591.8616278,1787.80198,2145.897362,-11.030129,1802.1155,14.313498515625042,2111.7383,-34.15908075000016,-11.133513,-0.10338445062255808
1175,CC=C(C)C,CCc1c(C)c(C)c(C)c(CC)c1CC,2,6,4.52e-06,5.01e-06,19.99150196,-22.2,1.59e-06,590.9316234,1781.849973,2102.792544,-11.2229035,1806.458,24.60803481249991,2103.2249,0.4323095156250929,-11.127376,0.09552789727783129
1176,CC=C(C)C,CCc1c(C)c(C)c(CC)c(CC)c1CC,2,6,2.75e-06,2.95e-06,19.99716877,-22.8,9.48e-07,621.8966905,1835.224824,2230.48832,-11.221781,1809.0549,-26.1698923593749,2092.7288,-137.75956023437493,-11.108349,0.11343215356445313
1177,CC=C(C)C,CCc1c(C)c(CC)c(CC)c(CC)c1CC,2,6,5.66e-07,6.41e-07,19.9997622,-22.8,2e-07,624.0113985,1853.423632,2160.076738,-11.157171,1789.4368,-63.986864421875,2036.3857,-123.6909958125002,-11.007076,0.15009473657226557
1178,CC=C(C)C,CCc1c(C)c(C(C)C)c(CC)c(CC)c1CC,2,6,5.78e-07,7.6e-07,19.99890285,-22.6,2.38e-07,619.6838589,1835.90171,2160.076738,-11.138139,1779.5146,-56.387061562500094,2014.6631,-145.4136520625002,-10.976025,0.1621143723144538
1179,CC=C(C)C,CCc1c(C)c(C(C)C)c(C(C)C)c(CC)c1CC,2,6,8.23e-07,9.79e-07,19.99908524,-22.6,3.01e-07,615.2930959,1836.493919,2228.722753,-11.107926,1770.3118,-66.182151421875,1996.2986,-232.424169015625,-10.951037,0.15688859307861414
1180,CC=C(C)C,CCc1c(C)c(C(C)C)c(C(C)C)c(C(C)C)c1CC,2,6,5.12e-06,5.63e-06,19.99433383,-22.7,1.79e-06,613.8870752,1827.020135,2172.609061,-11.2171635,1758.8878,-68.13231761718748,1976.769,-195.8400180312501,-10.92829,0.288873132873535
1181,CC=C(C)C,CCc1c(CC)c(C(C)C)c(C(C)C)c(C(C)C)c1CC,2,6,6.03e-06,6.57e-06,19.99644298,-22.6,2.1e-06,614.9442368,1838.674468,2172.609061,-11.2769285,1711.4551,-127.21938987499993,1907.0305,-265.5785434218751,-10.849674,0.42725427514648473
1182,CC(C)=C(C)C,CCc1c(CC)c(C(C)C)c(C(C)C)c(C(C)C)c1CC,2,6,1.46e-05,1.74e-05,19.98019076,-24.7,5.34e-06,664.6610641,1945.141155,2171.272995,-11.3329235,1646.8573,-298.2838551953125,1792.7484,-378.5245819140623,-10.544859,0.7880645675048825
1183,CCC(C)=C(C)C,CCc1c(CC)c(C(C)C)c(C(C)C)c(C(C)C)c1CC,2,6,1.25e-05,1.49e-05,19.98010607,-24.6,4.56e-06,660.3253166,1935.057389,2176.686892,-11.4027825,1527.8706,-407.18678353125006,1624.5327,-552.1541771562502,-10.324309,1.0784731509399421
1184,CCC(C)=C(C)CC,CCc1c(CC)c(C(C)C)c(C(C)C)c(C(C)C)c1CC,2,6,2.23e-05,2.79e-05,19.96936076,-23.0,8.38e-06,613.5697648,1788.840581,1993.587553,-11.397978,1444.9618,-343.87878900781243,1485.9574,-507.63015553906257,-10.128368,1.2696096223144533
1185,CCC(C)=C(CC)CC,CCc1c(CC)c(C(C)C)c(C(C)C)c(C(C)C)c1CC,2,6,0.000103658,0.000129296,19.96598478,-22.9,3.88e-05,615.0560972,1771.174446,1846.373048,-11.240551,1399.2683,-371.906135453125,1385.8094,-460.5635997578124,-9.973273,1.2672777227172851
1186,CCC(CC)=C(CC)CC,CCc1c(CC)c(C(C)C)c(C(C)C)c(C(C)C)c1CC,2,6,2.53e-05,3.04e-05,19.97412515,-23.7,9.29e-06,624.2597612,1834.728759,2082.0952,-11.389164,1363.0125,-471.7163078281251,1315.9508,-766.1443943359377,-9.872566,1.516597776855468
1187,CCC(CC)=C(CC)C(C)C,CCc1c(CC)c(C(C)C)c(C(C)C)c(C(C)C)c1CC,2,6,6.83e-05,8.49e-05,19.96647176,-22.9,2.55e-05,607.7780328,1765.670134,1941.592992,-11.277992,1304.7648,-460.90536349218746,1197.6536,-743.9394275468751,-9.760469,1.5175225633544915
1188,CCC(=C(CC)C(C)C)C(C)C,CCc1c(CC)c(C(C)C)c(C(C)C)c(C(C)C)c1CC,2,6,0.093828587,0.247678769,18.24449525,-3.37,0.0569,67.34908726,67.34908726,17.22994248,-5.22132375,1280.1455,1212.7964205525,1140.2288,1122.998817285625,-9.69807,-4.476745822448731
1189,CCC(=C(C(C)C)C(C)C)C(C)C,CCc1c(CC)c(C(C)C)c(C(C)C)c(C(C)C)c1CC,2,6,6.71e-06,7.67e-06,19.99353157,-26.7,2.4e-06,710.8491243,1759.622624,1862.397746,-10.748397,1266.2339,-493.3887372812501,1100.0391,-762.3586835000001,-9.651249,1.097148068115235
1190,CC(C)C(=C(C(C)C)C(C)C)C(C)C,CCc1c(CC)c(C(C)C)c(C(C)C)c(C(C)C)c1CC,2,6,0.001847662,0.002383386,19.87747775,-6.62,0.000705,194.4264655,300.0,567.1320853,-8.74125175,1257.4491,957.4490966796875,1068.9799,501.84777309843753,-9.607634,-0.8663818406982422
1191,C=C,Cc1ccc(C)c(C)c1,2,6,0.009688728,0.017411576,19.60560974,-15.4,0.00452,282.1532407,1094.99919,832.8235542,-8.682334,1109.406,14.406815859375001,1143.2631,310.4395073234375,-9.355339,-0.6730050502929679
1192,C=CC,Cc1ccc(C)c(C)c1,2,6,0.000128461,0.000165159,19.94371204,-23.5,4.89e-05,617.9255622,1514.001978,1781.43018,-11.1217455,1559.9515,45.94956008593749,1795.094,13.663814140624936,-11.094776,0.02696934643554627
1193,CC=CC,Cc1ccc(C)c(C)c1,2,6,8.22e-05,0.000104892,19.94126718,-23.7,3.12e-05,622.114857,1508.351415,1866.727535,-11.281516,1651.6499,143.2984873437499,1923.2036,56.47607828125001,-11.086999,0.19451706048583972
1194,CC=C(C)C,Cc1ccc(C)c(C)c1,2,6,1.12e-06,1.22e-06,19.9933816,-21.6,3.85e-07,573.8787114,1726.838891,2124.556568,-11.1073665,1739.852,13.013159781249897,2036.1455,-88.41106018749997,-11.046646,0.060720381835936976
1195,CC(C)=C(C)C,Cc1ccc(C)c(C)c1,2,6,2.35e-06,2.62e-06,19.99384442,-21.7,8.3e-07,577.3552554,1733.119781,2121.06363,-11.1745125,1755.5288,22.409027593749897,2040.7363,-80.3273018750001,-11.004726,0.16978609008789114
1196,CCC(C)=C(C)C,Cc1ccc(C)c(C)c1,2,6,1.88e-06,2.21e-06,19.99388103,-21.3,6.78e-07,561.8836055,1697.174839,2125.680975,-11.0350075,1694.5217,-2.65311048437502,1974.0759,-151.60504726562522,-10.981405,0.05360224182128981
1197,CCC(C)=C(C)CC,Cc1ccc(C)c(C)c1,2,6,1.02e-06,1.28e-06,19.99253161,-21.3,3.76e-07,561.0785449,1694.072695,2126.238589,-11.1101805,1629.6537,-64.41900847656257,1895.708,-230.53058118750005,-10.898711,0.21146929547119164
1198,CCC(C)=C(CC)CC,Cc1ccc(C)c(C)c1,2,6,2.35e-06,2.76e-06,19.99243678,-22.0,8.55e-07,575.5240036,1748.921188,2122.731563,-11.1853385,1581.8905,-167.03068507031253,1812.8519,-309.8796342890623,-10.770606,0.41473245904541045
1199,CCC(CC)=C(CC)CC,Cc1ccc(C)c(C)c1,2,6,9.93e-06,1.19e-05,19.98366888,-21.7,3.64e-06,566.8535953,1698.072796,2079.439784,-11.455733,1547.8981,-150.17472471093743,1742.3582,-337.08162970312515,-10.673982,0.781751333435059
1200,CCC(CC)=C(CC)C(C)C,Cc1ccc(C)c(C)c1,2,6,1.02e-05,1.18e-05,19.98180912,-22.0,3.66e-06,572.6732698,1713.758183,2079.439784,-11.457963,1483.8677,-229.89050721874992,1602.3207,-477.11910528906265,-10.502835,0.9551277262573237
1201,CCC(=C(CC)C(C)C)C(C)C,Cc1ccc(C)c(C)c1,2,6,1.75e-05,2.2e-05,19.97812025,-21.9,6.59e-06,571.4621276,1710.055235,1978.542285,-11.4058455,1415.9949,-294.06036195312504,1447.6785,-530.863818203125,-10.291443,1.1144026289062499
1202,CCC(=C(C(C)C)C(C)C)C(C)C,Cc1ccc(C)c(C)c1,2,6,4.11e-05,5.13e-05,19.96997,-23.2,1.54e-05,618.5658555,1786.956535,1994.052722,-11.3676245,1340.5557,-446.40087093750003,1296.2526,-697.8001585234374,-10.05372,1.3139040257568357
1203,CC(C)C(=C(C(C)C)C(C)C)C(C)C,Cc1ccc(C)c(C)c1,2,6,0.013809993,0.016785747,19.83235526,-4.93,0.0051,157.2532329,157.2532329,380.6048088,-7.11603975,1290.7904,1133.5371723734374,1195.7347,815.1299324109375,-9.930166,-2.8141264945068363
1204,CC(C)C(=C(C(C)C)C(C)(C)C)C(C)C,Cc1ccc(C)c(C)c1,2,6,0.014138862,0.016960027,19.84131667,-5.31,0.00518,157.433788,157.433788,380.6048088,-7.015452,1260.2577,1102.8239024296875,1105.9691,725.3643074109375,-9.798418,-2.7829660450439455
1205,CC(C)C(=C(C(C)C)C(C)(C)C)C(C)C,Cc1cc(C)c(C)c(C)c1,2,6,5.4e-05,6.5e-05,19.97687289,-24.5,1.98e-05,626.431391,1569.996943,1862.622071,-11.1914725,1341.1464,-228.8505806953126,1245.5367,-617.0853278359375,-10.077319,1.114153354797363
1206,CC(C)C(=C(C(C)C)C(C)(C)C)C(C)C,Cc1cc(C)c(C)c(C)c1C,2,6,0.000296477,0.000384198,19.93659859,-22.6,0.000113,593.5507551,1655.78197,1624.076034,-10.918883,1410.4304,-245.351550078125,1359.4064,-264.66966192968744,-10.3464775,0.5724054914550774
1207,CC(C)C(=C(C(C)C)C(C)(C)C)C(C)C,Cc1c(C)c(C)c(C)c(C)c1C,2,6,0.000421542,0.00055694,19.93837926,-19.4,0.000163,453.9942487,1434.893274,1277.070824,-10.7645935,1392.4938,-42.39949958593752,1354.3469,77.2760998281251,-10.403887,0.36070670495605484
1208,CC(C)C(=C(C(C)C)C(C)(C)C)C(C)C,CCc1c(C)c(C)c(C)c(C)c1C,2,6,0.00049018,0.000641564,19.94499251,-19.7,0.000189,473.3370677,1474.368165,1464.839922,-10.8017475,1378.8309,-95.53723238281259,1306.4855,-158.3544483671874,-10.324942,0.47680586486816345
1209,CC(C)C(=C(C(C)C)C(C)(C)C)C(C)C,CCc1c(C)c(C)c(CC)c(C)c1C,2,6,5.33e-05,8.37e-05,19.92227395,-7.54,2.28e-05,210.2190353,534.0,1089.203909,-9.37710825,1354.514,820.5140380859375,1227.6329,138.42902557031243,-10.125869,-0.748760547302247
1210,CC(C)C(=C(C(C)C)C(C)(C)C)C(C)C,CCc1c(C)c(C)c(CC)c(CC)c1C,2,6,0.008541614,0.009565301,19.83997813,-5.78,0.00302,150.3308222,256.0,426.218787,-9.962497,1324.6208,1068.620849609375,1148.4619,722.2431270625,-9.920162,0.04233479907226645
1211,CC(C)C(=C(C(C)C)C(C)(C)C)C(C)C,CCc1c(C)c(CC)c(CC)c(C)c1CC,2,6,0.00049367,0.000643043,19.94835877,-19.5,0.000189,466.0194144,1460.472637,1302.016886,-10.7424245,1296.6285,-163.84409696093758,1100.8762,-201.1406652968751,-9.803284,0.9391408085937503
1212,CC(C)C(=C(C(C)C)C(C)(C)C)C(C)C,CCc1c(C)c(CC)c(CC)c(CC)c1CC,2,6,0.002869836,0.003340372,19.88911473,-6.65,0.00104,178.9123753,350.0,775.7279997,-8.797839,1277.9193,927.9193115234375,1065.3873,289.65932940156245,-9.694563,-0.896723911987305
1213,CC(C)C(=C(C(C)C)C(C)(C)C)C(C)C,CCc1c(CC)c(CC)c(CC)c(CC)c1CC,2,6,0.000474716,0.000623089,19.94706482,-19.4,0.000183,471.5117064,1460.948699,1276.852079,-10.7085735,1257.8848,-203.06393337500003,1035.6782,-241.17385634375,-9.592086,1.1164876616821289
1214,CC(C)C(=C(C(C)C)C(C)(C)C)C(C)C,CCc1c(CC)c(CC)c(C(C)C)c(CC)c1CC,2,6,0.000793864,0.001061507,19.94062227,-18.6,0.000309,442.8644969,1389.947284,1252.791303,-10.932786,1255.7286,-134.21864630468758,1035.6932,-217.09806569531247,-9.581471,1.3513145568237306
1215,CC(C)C(=C(C(C)C)C(C)(C)C)C(C)C,CCc1c(CC)c(CC)c(C(C)C)c(C(C)C)c1CC,2,6,7.37e-07,8.4e-07,20.00736163,-26.0,2.67e-07,661.2625771,1847.32372,2163.248503,-10.899832,1251.3889,-595.9348039843751,1036.3473,-1126.9012129609373,-9.569351,1.3304808037109375
1216,CC(C)C(=C(C(C)C)C(C)(C)C)C(C)C,CCc1c(CC)c(C(C)C)c(C(C)C)c(CC)c1C(C)C,2,6,4.06e-07,4.74e-07,20.00547756,-26.8,1.68e-07,701.0604811,1938.378761,1982.655791,-10.9202335,1247.2247,-691.1540295546874,1035.8445,-946.8113085781249,-9.558893,1.3613402962646486
1217,CC(C)C(=C(C(C)C)C(C)(C)C)C(C)C,CCc1c(C(C)C)c(CC)c(C(C)C)c(C(C)C)c1C(C)C,2,6,0.000391496,0.000508109,19.94836196,-19.9,0.00015,473.7086883,1492.096542,1489.724909,-10.8435635,1243.4465,-248.650008796875,1035.3962,-454.328668765625,-9.549414,1.2941498189697267
1218,C=CC,CCc1ccccc1,2,6,9.1e-05,0.000116553,19.94061345,-23.1,3.46e-05,606.0671012,1472.950783,1785.49397,-11.225722,1409.3223,-63.628517375,1680.5732,-104.92072781249999,-11.072304,0.15341822802734306
1219,C=CC,CCc1ccccc1,2,6,9.1e-05,0.000116553,19.94061363,-23.1,3.46e-05,606.0673611,1472.951278,1785.49397,-11.225722,1409.3223,-63.629012375,1680.5732,-104.92072781249999,-11.072304,0.15341822802734306
1220,CC=CC,CCc1ccccc1,2,6,5.95e-05,7.55e-05,19.93637114,-23.4,2.25e-05,605.7334441,1474.717846,1870.541187,-11.304372,1457.0948,-17.62299736718751,1754.0559,-116.48527879687504,-10.976268,0.3281041853637703
1221,CC=C(C)C,CCc1ccccc1,2,6,5.7e-06,6.21e-06,19.99371824,-21.5,1.98e-06,569.231538,1422.417784,2011.754888,-11.3297875,1436.5347,14.116883968750017,1700.9393,-310.81555694531244,-10.647413,0.6823742462158204
1222,CC(C)=C(C)C,CCc1ccccc1,2,6,0.006343192,0.009973379,19.81423745,-8.07,0.00272,198.0383271,365.0,500.8149977,-10.629348,1291.9033,926.9033203125,1406.8578,906.0427903859375,-10.08734,0.5420076450805666
1223,CCC(C)=C(C)C,CCc1ccccc1,2,6,0.007875276,0.012542517,19.84719655,-7.31,0.0034,219.3898986,365.0,455.097506,-7.9781465,1202.0352,837.03515625,1261.8888,806.7912879453124,-9.902991,-1.9248447948608396
1224,CCC(C)=C(C)CC,CCc1ccccc1,2,6,0.073928452,0.170275758,19.2232798,-6.37,0.0407,138.3923848,138.3923848,24.39434839,-5.5818495,1144.8853,1006.49286910625,1174.4233,1150.02899145375,-9.795875,-4.21402509564209
1225,CCC(C)=C(CC)CC,CCc1ccccc1,2,6,0.110558818,0.264643625,19.14930462,-5.92,0.0625,126.0422449,126.0422449,21.5458846,-5.5111695,1113.8834,987.8411779515625,1121.2614,1099.7154679390626,-9.749876,-4.238706522338867
1226,CCC(CC)=C(CC)CC,CCc1ccccc1,2,6,0.123235525,0.303728203,18.95909221,-5.72,0.0712,116.8817273,116.8817273,21.5458846,-5.5111695,1095.6477,978.765977778125,1076.7217,1055.1757950875,-9.720627,-4.209457331054687
1227,CCC(CC)=C(CC)C(C)C,CCc1ccccc1,2,6,1.57e-05,1.89e-05,19.98327267,-21.5,5.76e-06,560.1309512,1678.537603,1981.990603,-11.429041,1061.4077,-617.12988815625,992.9752,-989.0153832734375,-9.655591,1.7734499889526365
1228,CCC(CC)=C(C(C)C)C(C)C,CCc1ccccc1,2,6,2.63e-05,3.18e-05,19.97185102,-21.4,9.69e-06,554.1682042,1643.803472,1930.232009,-11.3480845,1048.2806,-595.5228323515626,950.49603,-979.7359762851563,-9.5910845,1.757000019714356
1229,CCC(=C(C(C)C)C(C)C)C(C)C,CCc1ccccc1,2,6,0.00082737,0.001022585,19.86375992,-6.94,0.000308,191.1853524,420.0,574.8320587,-8.96008075,1034.542,614.5419921875,907.332,332.4999115148438,-9.523459,-0.5633786845092779
1230,CCC(=C(C(C)C)C(C)(C)C)C(C)C,CCc1ccccc1,2,6,7.3e-07,8.06e-07,20.00815045,-22.7,2.7e-07,587.1997762,1886.364347,2163.370502,-11.068059,1006.92163,-879.442716140625,839.3601,-1324.0103945781252,-9.42846,1.6395988788452147
1231,CCC(=C(C(C)C)C(C)(C)C)C(C)C,CCc1ccc(C)cc1,2,6,0.000965192,0.001535479,19.8469647,-6.46,0.000417,199.6648997,537.0,528.6684428,-8.92234875,1110.4314,573.431396484375,939.19714,410.5287007546875,-9.601592,-0.6792433139038092
1232,CCC(=C(C(C)C)C(C)(C)C)C(C)C,CCc1ccc(C)cc1C,2,6,0.025357916,0.045335431,19.6193676,-5.81,0.0118,152.2671867,152.2671867,292.4800837,-6.45556,1230.5146,1078.2474617375,1071.896,779.41591239375,-9.782041,-3.3264805960083006
1233,CCC(=C(C(C)C)C(C)(C)C)C(C)C,CCc1cc(C)c(C)cc1C,2,6,0.000329193,0.000440263,19.92047826,-20.5,0.000128,497.1458845,1508.078013,1516.838999,-10.9651855,1314.1031,-193.97486358593756,1192.7322,-324.10682126562506,-9.960331,1.0048545368652348
1234,CCC(=C(C(C)C)C(C)(C)C)C(C)C,CCc1cc(C)c(C)c(C)c1C,2,6,0.000303472,0.000402684,19.92305321,-20.7,0.000118,507.3119593,1518.947954,1516.838999,-10.9548665,1371.4456,-147.50239735937498,1301.8894,-214.94959470312506,-10.235318,0.7195483161010738
1235,CCC(=C(C(C)C)C(C)(C)C)C(C)C,CCc1c(C)c(C)c(C)c(C)c1C,2,6,0.00018795,0.00024253,19.94633852,-20.9,7.17e-05,512.6521782,1560.053081,1515.501348,-10.7578355,1441.7294,-118.32371088281252,1406.3676,-109.13379428906251,-10.450373,0.307462804077149
1236,CCC(=C(C(C)C)C(C)(C)C)C(C)C,CCc1c(C)c(C)c(CC)c(C)c1C,2,6,3.31e-05,4.17e-05,19.96476116,-23.5,1.25e-05,626.5652771,1788.779328,1994.052722,-11.34971,1381.3656,-407.4137274140626,1291.0695,-702.9832639921874,-10.248495,1.101214898071289
1237,CCC(=C(C(C)C)C(C)(C)C)C(C)C,CCc1c(C)c(C)c(C(C)C)c(C)c1C,2,6,0.000113826,0.000151522,19.93410601,-20.0,4.42e-05,506.8657703,1513.915192,1674.955452,-11.179474,1373.2983,-140.61685215624993,1265.4608,-409.4946365703124,-10.18449,0.9949837961425789
1239,CCC(=C(C(C)C)C(C)(C)C)C(C)C,Cc1c(C)c(C(C)(C)C)c(C)c(C)c1C(C)C,2,6,0.048412006,0.090309827,19.21457754,-3.88,0.0231,82.55981048,82.55981048,143.7771204,-5.42781675,1369.4913,1286.9315225278126,1245.6392,1101.86203975625,-10.129717,-4.7019001231689455
1240,CCC(=C(C(C)C)C(C)(C)C)C(C)C,Cc1c(C)c(C(C)(C)C)c(C)c(C)c1C(C)(C)C,2,6,1.45e-05,1.73e-05,19.97925336,-24.2,5.29e-06,652.8532898,1865.6258,2125.404329,-11.294363,1371.934,-493.6918400390625,1248.7241,-876.68020790625,-10.132047,1.1623163004760748
1241,CC(C)(C)C=CC(C)(C)C,c1ccccc1,2,6,0.007474449,0.009991369,19.86063241,-6.96,0.00291,201.2902851,355.0,493.7578032,-7.9962045,899.59796,544.5979614257812,676.8273,183.0694673078125,-9.128682,-1.1324776365356444
1242,CC(C)(C)C=CC(C)(C)C,Cc1ccccc1,2,6,0.00031547,0.000335808,19.88280682,-7.11,0.000109,204.4534647,1403.506468,993.6952735,-9.54567475,994.7182,-408.7882673164063,771.4169,-222.27840338281248,-9.3516445,0.19403023400878894
1243,CC(C)(C)C=CC(C)(C)C,Cc1ccc(C)cc1,2,6,0.000697849,0.000766978,19.88696427,-6.75,0.000244,196.5473401,1406.898903,977.181096,-9.65694475,1113.3693,-293.5296403046875,909.07764,-68.10345928125003,-9.587643,0.06930208032226481
1244,CC(C)(C)C=CC(C)(C)C,Cc1ccc(C)c(C)c1,2,6,0.000893609,0.000926407,19.86849638,-6.73,0.000303,188.1019707,416.0,574.8320587,-8.96008075,1250.6438,834.643798828125,1086.5663,511.73422547968755,-9.809721,-0.8496402430419927
1245,CC(C)(C)C=CC(C)(C)C,Cc1cc(C)c(C)cc1C,2,6,0.0,1.5e-08,20.00681734,-23.2,1.93e-08,606.3318915,1902.434752,2167.373726,-11.19399,1323.2212,-579.2135605937499,1216.9369,-950.4368363515623,-10.077503,1.1164867956542963
1246,CC(C)(C)C=CC(C)(C)C,Cc1cc(C)c(C)c(C)c1C,2,6,3.28e-06,3.66e-06,20.00316715,-23.4,1.15e-06,620.0798677,1916.293471,2243.94705,-11.280145,1370.9127,-545.3807512734375,1295.888,-948.0591105468752,-10.291698,0.9884465441894523
1247,CC(C)(C)C=CC(C)(C)C,Cc1c(C)c(C)c(C)c(C)c1C,2,6,0.004949023,0.008438287,19.69700094,-15.2,0.00223,303.7136063,1019.679362,880.6433789,-9.669465,1352.5648,332.88545733593753,1292.0779,411.434501959375,-10.351356,-0.6818905526733392
1248,CC(C)(C)C=CC(C)(C)C,CCc1c(C)c(C)c(C)c(C)c1C,2,6,0.004703047,0.007964352,19.70023884,-15.4,0.00211,307.0578136,1035.174747,880.6433789,-9.76736625,1345.0415,309.86675690625,1253.7083,373.064873053125,-10.280009,-0.5126430197143552
1249,CC(C)(C)C=CC(C)(C)C,CCc1c(C)c(C)c(CC)c(C)c1C,2,6,0.000141455,0.000194613,19.87986,-19.8,5.6e-05,495.2775901,1454.455303,1319.179863,-10.74178064,1326.3812,-128.07407741406246,1196.3575,-122.82231905468757,-10.115527,0.6262534869848633
1250,CC(C)(C)C=CC(C)(C)C,CCc1c(C)c(C)c(CC)c(CC)c1C,2,6,0.000304152,0.000428293,19.85704939,-19.6,0.000122,477.8611582,1436.083751,1248.983092,-10.54723164,1304.6533,-131.4304306874999,1130.655,-118.32806270312494,-9.927522,0.6197099343725583
1251,CC(C)(C)C=CC(C)(C)C,CCc1c(C)c(CC)c(CC)c(C)c1CC,2,6,0.000253131,0.000355849,19.85954148,-19.8,0.000101,484.0853258,1453.04124,1248.81418,-10.47921564,1282.8589,-170.18235328125002,1089.4113,-159.40292511718758,-9.820844,0.6583719434057613
1252,CC(C)(C)C=CC(C)(C)C,CCc1c(C)c(CC)c(CC)c(CC)c1CC,2,6,0.002423945,0.003297928,19.89933072,-8.24,0.000954,241.3887871,1386.143319,1056.967937,-9.8475045,1263.9766,-122.16675650000002,1054.5425,-2.4254565312498926,-9.716597,0.13090789660644475
1253,CC(C)(C)C=CC(C)(C)C,CCc1c(CC)c(CC)c(CC)c(CC)c1CC,2,6,0.001972783,0.002662484,19.89754719,-7.98,0.000773,235.8456582,1197.943214,1011.965735,-9.7718005,1249.4279,51.4846424453126,1027.0645,15.098718125000005,-9.641728,0.13007209881591741
1254,CC(C)(C)C=CC(C)(C)C,CCc1c(CC)c(CC)c(C(C)C)c(CC)c1CC,2,6,0.063497281,0.211700416,18.1518793,-3.6,0.0459,69.7207238,69.7207238,20.07840627,-5.33202375,1248.0222,1178.301492996875,1029.2573,1009.17891794875,-9.629402,-4.297378410644531
1261,CC1=CC(C)=C(C)C1,CC1=C(C)C(C)C(C)=C1C,5,5,3.6e-06,3.96e-06,19.98923348,-18.2,1.26e-06,610.7755654,1847.768913,1880.954214,-11.1568155,1747.368,-100.40087100781261,1799.192,-81.76219739843759,-10.945691,0.21112439129638716
1262,CC1=CC(C)=C(C)C1C,CC1=C(C)C(C)C(C)=C1C,5,5,4.22e-06,4.68e-06,19.96705936,-18.0,1.48e-06,570.7901928,1789.566884,1797.980333,-11.1001955,1776.1643,-13.402577359375073,1798.325,0.34461817187502675,-10.917369,0.1828266111450194
1263,CCC1=C(C)C(C)=C(C)C1C,CC1=C(C)C(C)C(C)=C1C,5,5,3.12e-06,3.51e-06,19.98133892,-18.0,1.1e-06,605.421997,1800.68756,1802.83682,-11.1248895,1827.2556,26.568055234374924,1793.7188,-9.118069999999989,-10.904001,0.22088826403808604
1264,CCC1=C(C)C(C)=C(CC)C1C,CC1=C(C)C(C)C(C)=C1C,5,5,8.97e-07,1.16e-06,19.99086841,-18.3,3.46e-07,603.9994797,1845.241544,1882.939275,-10.997315,1849.5923,4.350741156250024,1801.3838,-81.55548593749995,-10.902362,0.09495313018798868
1265,CCC1=C(CC)C(C)C(CC)=C1C,CC1=C(C)C(C)C(C)=C1C,5,5,1.86e-06,2.04e-06,19.99182402,-18.2,6.52e-07,623.0579908,1821.239137,1883.889538,-10.901589,1859.5311,38.29199092968747,1802.8331,-81.0564081171874,-10.900396,0.0011926529541010922
1266,CCC1=C(CC)C(CC)C(CC)=C1C,CC1=C(C)C(C)C(C)=C1C,5,5,1.19e-06,1.29e-06,19.98888344,-18.1,4.16e-07,621.9930784,1835.802403,1887.807106,-10.9558655,1891.4749,55.67245051562509,1812.6366,-75.17050932031248,-10.889273,0.06659281018066388
1267,CCC1=C(CC)C(CC)C(CC)=C1CC,CC1=C(C)C(C)C(C)=C1C,5,5,1.37e-06,1.41e-06,19.98850161,-18.1,4.57e-07,623.4235074,1839.353412,1887.807106,-10.9183555,1902.6943,63.340923937500065,1814.5623,-73.24485014062498,-10.883848,0.03450730969238336
1268,CCC1=C(CC)C(CC)C(CC)=C1CC,CCC1=C(C)C(C)=C(C)C1C,5,5,1.28e-06,1.33e-06,19.98831522,-18.2,4.36e-07,623.203722,1839.94288,1887.807106,-10.9183015,1911.3401,71.39720789062494,1817.4543,-70.35276029687498,-10.88227,0.03603164068603526
1269,CCC1=C(CC)C(CC)C(CC)=C1CC,CCC1=C(C)C(C)=C(C)C1CC,5,5,1.18e-06,1.21e-06,19.98885562,-18.2,3.94e-07,626.2800222,1847.496211,1887.23415,-10.9336675,1918.0361,70.5399218125001,1818.8485,-68.3856392578125,-10.881439,0.05222829101562532
1270,CCC1=C(CC)C(CC)C(CC)=C1CC,CCC1=C(C)C(C)=C(CC)C1CC,5,5,2.19e-07,2.44e-07,19.99061602,-18.4,1.82e-08,630.7199997,1864.378587,1802.829107,-10.992835,1922.7152,58.336622960937575,1823.8569,21.027826593749978,-10.882593,0.1102418450927729
1271,CCC1=C(CC)C(CC)C(CC)=C1CC,CCC1=C(CC)C(CC)C(CC)=C1C,5,5,9.19e-07,9.9e-07,19.99039865,-18.4,3.15e-07,635.1531773,1869.181173,1881.814094,-10.89698,1928.5493,59.368143406250056,1826.8347,-54.97937720312507,-10.884128,0.012852383117675004
1272,CCC1=C(CC)C(CC)C(CC)=C1CC,CCC1=C(CC)C(CC)C(CC)=C1CC,5,5,1.04e-06,1.15e-06,19.98976025,-18.5,3.72e-07,635.6145573,1876.314023,1890.846311,-10.9172305,1933.8931,57.57904340625009,1829.4904,-61.355954554687514,-10.8854065,0.031824005859375504
1273,CCC1=C(CC)C(CC)C(C(C)C)=C1CC,CCC1=C(CC)C(CC)C(CC)=C1CC,5,5,3.96e-07,5.85e-07,19.99478575,-18.9,1.81e-07,679.7101254,1938.805855,1861.934222,-10.819318,1959.3188,20.512992656249935,1822.7542,-39.18007160937509,-10.834736,-0.015417870361327246
1274,CCC1=C(CC)C(C(C)C)C(CC)=C1C(C)C,CCC1=C(CC)C(CC)C(CC)=C1CC,5,5,3.26e-07,4.28e-07,20.00907668,-20.0,9.91e-08,797.9790944,2127.101469,2122.882249,-11.127932,1962.2542,-164.84731860937518,1800.1594,-322.7228251718748,-10.77496,0.3529724357910151
1275,CCC1=C(C(C)C)C(C(C)C)C(CC)=C1C(C)C,CCC1=C(CC)C(CC)C(CC)=C1CC,5,5,0.0,2.36e-07,20.00494517,-19.4,3.74e-08,731.6105957,2029.258927,1659.134085,-10.7233345,1970.8701,-58.388809812500085,1780.9559,121.82184761718759,-10.704196,0.019138523742675773
1276,CCC1=C(C(C)C)C(C(C)C)=C(C(C)C)C1C(C)C,CCC1=C(CC)C(CC)C(CC)=C1CC,5,5,5.17e-07,5.4e-07,20.00230793,-19.2,1.94e-07,708.6802568,1993.121777,1664.296201,-10.7281165,1967.2252,-25.896557273437566,1765.1924,100.89618181249989,-10.665582,0.06253479681396534
1277,CCC1=C(C(C)C)C(C(C)C)=C(C(C)C)C1C(C)(C)C,CCC1=C(CC)C(CC)C(CC)=C1CC,5,5,1.28e-06,1.44e-06,20.00507032,-19.1,4.52e-07,711.0003125,1988.62214,1701.445341,-10.5532215,1950.8903,-37.731881210937445,1760.4774,59.0320759921874,-10.6760845,-0.12286301843261782
1278,CC(C)C1=C(C(C)C)C(C(C)C)C(C(C)(C)C)=C1C(C)C,CCC1=C(CC)C(CC)C(CC)=C1CC,5,5,4.53e-07,4.93e-07,20.00750373,-19.1,1.61e-07,731.8850834,2000.954634,1614.51616,-10.7202645,1933.6501,-67.30448751562494,1758.937,144.4208517187501,-10.703087,0.017177646972657
1279,CC(C)C1=C(C(C)C)C(C(C)C)C(C(C)(C)C)=C1C(C)C,CCC1=C(CC)C(CC)C(C(C)C)=C1CC,5,5,1.75e-06,1.92e-06,20.00333242,-18.8,6.1e-07,683.7478649,1945.853153,1725.893703,-10.513027,1938.4016,-7.45154167187502,1749.9867,24.09299133593754,-10.664649,-0.1516220097045906
1280,CC(C)C1=C(C(C)C)C(C(C)C)C(C(C)(C)C)=C1C(C)C,CCC1=C(CC)C(CC)C(C(C)C)=C1C(C)C,5,5,5.53e-07,6.12e-07,20.00660674,-18.8,1.91e-07,687.9631205,1947.629256,1651.510676,-10.683536,1936.7058,-10.923445453124941,1738.7139,87.2031911874999,-10.651087,0.03244919274902358
1281,CC(C)C1=C(C(C)C)C(C(C)C)C(C(C)(C)C)=C1C(C)C,CCC1=C(CC)C(C(C)C)C(C(C)C)=C1C(C)C,5,5,9.63e-07,9.85e-07,20.00590207,-18.8,3.29e-07,684.0164561,1943.70373,1725.662442,-10.589075,1935.7148,-7.9888862499999505,1732.8586,7.1962005781249445,-10.657998,-0.06892308502197331
1282,CC(C)C1=C(C(C)C)C(C(C)C)C(C(C)(C)C)=C1C(C)C,CCC1=C(C(C)C)C(C(C)C)=C(C(C)C)C1C(C)C,5,5,3.22e-07,4.09e-07,20.00746965,-18.8,1.16e-07,694.5236525,1847.580851,1620.573392,-10.608921,1930.8658,83.28499372656256,1726.3833,105.80990878124999,-10.669943,-0.06102185583496045
1283,CC(C)C1=C(C(C)C)C(C(C)C)C(C(C)(C)C)=C1C(C)C,CC(C)C1=C(C(C)C)C(C(C)C)C(C(C)C)=C1C(C)C,5,5,6.18e-07,6.35e-07,20.01029854,-18.9,1.98e-07,707.9551777,1979.236385,1628.860373,-10.571381,1928.2416,-50.99480785156243,1722.4774,93.61704399218752,-10.68248,-0.11109885839843692
1284,CCC1=C(CC)C(CC)C(CC)=C1CC,CC1=C(C)C(C)C(C)=C1C,5,5,0.0,2.47e-07,20.00896435,-20.2,5.33e-08,818.2263058,2151.750138,2132.484352,-11.141143,1902.6943,-249.05580206249988,1814.5623,-317.92209614062494,-10.883848,0.2572948096923824
1285,CCC1=C(CC)C(CC)C(C(C)C)=C1CC,CC1=C(C)C(C)C(C)=C1C,5,5,3.62e-06,4.07e-06,19.97868719,-18.3,1.28e-06,622.3547088,1795.402256,1801.732227,-10.9985085,1915.007,119.60470200781242,1797.7942,-3.938037546874966,-10.828164,0.17034439935302714
1286,CCC1=C(CC)C(CC)C(C(C)C)=C1C(C)C,CC1=C(C)C(C)C(C)=C1C,5,5,8e-08,3.37e-07,19.97836325,-17.9,3.76e-08,599.8738047,1706.623047,1705.142289,-10.991857,1920.7739,214.15087878124996,1776.8813,71.73905865625011,-10.777568,0.21428913653564408
1287,CCC1=C(C(C)C)C(C(C)C)C(CC)=C1C(C)C,CC1=C(C)C(C)C(C)=C1C,5,5,1.69e-06,1.86e-06,19.99136322,-18.6,5.92e-07,650.395676,1804.886719,1810.252089,-10.6189755,1928.5446,123.65783666406242,1765.1345,-45.11756751562507,-10.754483,-0.13550772296142632
1288,CCC1=C(C(C)C)C(C(C)C)=C(C(C)C)C1C(C)C,CC1=C(C)C(C)C(C)=C1C,5,5,6.22e-07,7.17e-07,19.99472633,-18.4,2.25e-07,647.8955381,1790.343866,1726.041555,-10.756041,1926.2106,135.86670528906257,1755.6726,29.631052421874983,-10.746777,0.009264419189452866
1289,CC(C)C1=C(C(C)C)C(C(C)C)C(C(C)C)=C1C(C)C,CC1=C(C)C(C)C(C)=C1C,5,5,0.0,0.0,20.00278716,-19.0,3.43e-08,714.8738937,2041.6,1619.722499,-10.7162395,1924.5793,-117.02065429687491,1750.7594,131.03690041406253,-10.756541,-0.04030175213623011
1290,CC(C)C1=C(C(C)C)C(C(C)C)C(C(C)C)=C1C(C)C,CCC1=C(C)C(C)=C(C)C1C,5,5,1.12e-06,1.21e-06,20.00601729,-19.1,3.86e-07,715.5948456,1994.330111,1703.355129,-10.597078,1937.0902,-57.23990103906249,1749.866,46.510837796874966,-10.72417,-0.12709173114013694
1291,CC(C)C1=C(C(C)C)C(C(C)C)C(C(C)C)=C1C(C)C,CCC1=C(C)C(C)=C(C)C1CC,5,5,0.0,2.47e-07,20.00648828,-19.1,7.22e-08,718.062371,1997.154352,1619.987701,-10.6935425,1945.4016,-51.75274067187502,1748.3289,128.34115642187498,-10.700433,-0.00689027740478565
1292,CC(C)C1=C(C(C)C)C(C(C)C)C(C(C)C)=C1C(C)C,CCC1=C(CC)C(C)C(CC)=C1C,5,5,0.0,2.4e-07,20.00675275,-19.2,6.98e-08,721.0428193,2002.577889,1664.561403,-10.7011395,1950.5444,-52.033455406249914,1750.9995,86.43810871875007,-10.689453,0.011686375000000027
1293,CC(C)C1=C(C(C)C)C(C(C)C)C(C(C)C)=C1C(C)C,CCC1=C(CC)C(CC)C(CC)=C1C,5,5,0.0,8.5e-08,20.00509282,-19.3,7.2e-08,730.1530554,2020.990646,1659.089862,-10.7219545,1956.2031,-64.78752099999997,1755.2424,96.15256964062496,-10.677266,0.04468837908935619
1294,CC(C)C1=C(C(C)C)C(C(C)C)C(C(C)C)=C1C(C)C,CCC1=C(CC)C(CC)C(CC)=C1CC,5,5,0.0,8.8e-08,20.00414652,-19.5,1.36e-08,742.6488131,2044.227275,1611.423239,-10.801255,1961.5549,-82.67234335937496,1758.8054,147.38218092187503,-10.665376,0.13587929046630798
1295,CC(C)C1=C(C(C)C)C(C(C)C)C(C(C)C)=C1C(C)C,CCC1=C(CC)C(CC)C(C(C)C)=C1CC,5,5,9.97e-07,1.11e-06,20.00251219,-19.3,3.56e-07,710.004994,2004.339037,1743.439772,-10.643062,1965.7152,-38.62382703906246,1750.0089,6.569139132812552,-10.644637,-0.0015751078491206272
1296,CC(C)C1=C(C(C)C)C(C(C)C)C(C(C)C)=C1C(C)C,CCC1=C(CC)C(CC)C(C(C)C)=C1C(C)C,5,5,6.5e-08,2.39e-07,20.00038363,-18.9,4.49e-08,681.6319341,1951.512748,1857.784544,-10.811036,1964.7295,13.216744187499899,1739.3949,-118.3896465390626,-10.643839,0.16719711755371058
1297,CC(C)C1=C(C(C)C)C(C(C)C)C(C(C)C)=C1C(C)C,CCC1=C(C(C)C)C(C(C)C)C(CC)=C1C(C)C,5,5,0.0,2.39e-07,20.00531299,-19.2,3.99e-08,712.8327031,2005.721165,1664.561403,-10.6970255,1962.7032,-43.01791792968743,1733.7446,69.18322590625007,-10.649793,0.04723282879638724
1298,CC(C)C1=C(C(C)C)C(C(C)C)C(C(C)C)=C1C(C)C,CCC1=C(C(C)C)C(C(C)C)=C(C(C)C)C1C(C)C,5,5,0.0,2.39e-07,20.00484136,-18.9,4.11e-08,689.1814184,1963.274964,1647.360997,-10.676644,1959.8943,-3.3806768906249545,1726.482,79.1210586640625,-10.65809,0.018554362243651923
1299,CC(C)C1=C(C(C)C)C(C(C)C)C(C(C)C)=C1C(C)C,CC(C)C1=C(C(C)C)C(C(C)C)C(C(C)C)=C1C(C)C,5,5,2.39e-07,4.13e-07,20.00981475,-18.9,1.05e-07,725.5069224,2224.146949,1632.537688,-10.68648,1954.4736,-269.67331618749995,1723.2244,90.68667723437511,-10.674882,0.011598064880370629
1300,CCC1=C(CC)C(C)C(CC)=C1C,CC1=C(C)C(C)C(C)=C1C,5,5,0.0,4.06e-07,20.00981475,-18.9,1.05e-07,725.5069515,2185.051369,1632.537688,-10.68648,1859.5311,-325.5202410703123,1802.8331,170.2954418828126,-10.900396,-0.2139163470458989
1301,CCC1=C(C(C)C)C(C)C(CC)=C1C,CC1=C(C)C(C)C(C)=C1C,5,5,2.76e-06,3.03e-06,19.9826549,-18.2,9.66e-07,609.7544008,1684.013236,1786.228828,-11.1189935,1874.7808,190.76752571875,1808.1787,21.94988293749998,-10.887784,0.23120949578857442
1302,CCC1=C(C)C(C(C)C)=C(C(C)C)C1C,CC1=C(C)C(C)C(C)=C1C,5,5,3.26e-06,3.72e-06,19.98464584,-17.8,1.16e-06,590.3478882,1657.875946,1762.090886,-11.1730635,1878.5475,220.6715393515624,1806.3146,44.223689195312545,-10.873856,0.2992079091796871
1303,CC1=C(C(C)C)C(C)C(C(C)C)=C1C(C)C,CC1=C(C)C(C)C(C)=C1C,5,5,2.51e-06,2.86e-06,19.98611526,-18.1,8.92e-07,621.9676176,1693.599127,1786.39278,-11.1136135,1894.7405,201.14135151562505,1790.667,4.274212187500098,-10.825875,0.28773821771240193
1304,CC1=C(C(C)C)C(C(C)C)C(C)=C1C(C)(C)C,CC1=C(C)C(C)C(C)=C1C,5,5,1.3e-06,1.41e-06,19.99517085,-18.3,4.51e-07,647.821119,1739.828219,1805.731545,-10.7852635,1897.5442,157.715970453125,1770.4884,-35.2431416796876,-10.793032,-0.0077681925048835865
1305,CC1=C(C(C)C)C(C(C)(C)C)C(C)=C1C(C)(C)C,CC1=C(C)C(C)C(C)=C1C,5,5,5.33e-07,5.84e-07,19.99894384,-18.4,1.83e-07,655.0681397,1845.428327,1814.723504,-10.918762,1891.2205,45.79213198437492,1758.832,-55.89147275000005,-10.785408,0.13335397998046794
1306,CC1=C(C(C)(C)C)C(C(C)(C)C)C(C)=C1C(C)(C)C,CC1=C(C)C(C)C(C)=C1C,5,5,5e-06,6.07e-06,19.98996123,-18.2,1.84e-06,644.2424122,1690.85321,1728.513521,-10.9579785,1863.0634,172.2101444921875,1754.1512,25.637724117187418,-10.827795,0.13018347131347596
1307,CCC1=C(C(C)(C)C)C(C)=C(C(C)(C)C)C1C(C)(C)C,CC1=C(C)C(C)C(C)=C1C,5,5,2.23e-06,2.41e-06,19.9998602,-18.1,7.71e-07,644.1304062,1817.292107,1886.648198,-10.875852,1864.718,47.42591057812501,1751.7194,-134.9288376484376,-10.836147,0.0397046916503907
1308,CCC1=C(C(C)(C)C)C(C(C)(C)C)C(CC)=C1C(C)(C)C,CC1=C(C)C(C)C(C)=C1C,5,5,1.12e-06,1.25e-06,19.99483251,-17.7,3.93e-07,623.5553565,1657.435833,1777.690161,-10.8989095,1863.8413,206.40547559375,1748.4835,-29.20664049218749,-10.838799,0.060110023376465094
1309,CCC1=C(C(C)(C)C)C(C(C)(C)C)C(CC)=C1C(C)(C)C,CCC1=C(C)C(C)=C(C)C1C,5,5,1.31e-06,1.37e-06,19.99515824,-17.8,4.48e-07,625.9071993,1660.553461,1775.780373,-10.8837575,1874.5051,213.95166595312503,1750.1411,-25.639259718750054,-10.808499,0.07525816375732397
1310,CCC1=C(C(C)(C)C)C(C(C)(C)C)C(CC)=C1C(C)(C)C,CCC1=C(C)C(C)=C(C)C1CC,5,5,2.33e-06,2.62e-06,19.99443126,-17.8,8.25e-07,632.4693942,1668.877899,1768.92748,-10.991826,1885.5615,216.68362443749993,1750.9834,-17.94408156250006,-10.779093,0.2127332113037106
1311,CCC1=C(C(C)(C)C)C(C(C)(C)C)C(CC)=C1C(C)(C)C,CCC1=C(CC)C(C)C(CC)=C1C,5,5,0.001756345,0.002682766,19.907716,-4.27,0.00074,140.7855849,140.7855849,707.4108142,-8.67181725,1884.4167,1743.631163146875,1752.4446,1045.033765878125,-10.774617,-2.1027999451293944
1312,CCC1=C(C(C)(C)C)C(C(C)(C)C)C(CC)=C1C(C)(C)C,CCC1=C(C)C(C(C)C)=C(C)C1CC,5,5,1.65e-06,1.88e-06,19.99876167,-18.5,5.84e-07,679.6044616,1724.56489,1812.713542,-10.5404205,1892.1135,167.5486353906249,1746.4303,-66.28324414843746,-10.736343,-0.19592288378906275
1313,CCC1=C(C(C)(C)C)C(C(C)(C)C)C(CC)=C1C(C)(C)C,CCC1=C(C)C(C(C)(C)C)=C(C)C1CC,5,5,1.01e-06,1.09e-06,19.99884701,-18.7,3.5e-07,670.0847511,1746.501562,1827.575067,-10.637029,1896.0691,149.56752979687508,1733.8909,-93.68419785937499,-10.698471,-0.06144206933593743
1314,CCC1=C(C(C)(C)C)C(C(C)(C)C)C(CC)=C1C(C)(C)C,CCC1=C(C)C(C(C)(C)C)=C(C)C1C(C)C,5,5,6.31e-06,7.04e-06,19.99910093,-17.6,2.23e-06,635.1792839,1640.357019,1711.048222,-11.0558995,1898.0773,257.72025150781246,1723.9619,12.913692062500104,-10.675486,0.3804138890380866
1315,CCC1=C(C(C)(C)C)C(C(C)(C)C)C(CC)=C1C(C)(C)C,CCC1=C(C)C(C(C)(C)C)=C(C)C1C(C)(C)C,5,5,1.15e-06,1.34e-06,20.00070887,-18.9,4.06e-07,656.472696,1935.498197,1910.090776,-10.8494205,1893.764,-41.73415891406239,1710.3915,-199.6992965078125,-10.660334,0.18908686657714924
1316,CCC1=C(C(C)(C)C)C(C(C)(C)C)C(CC)=C1C(C)(C)C,CC1=C(C(C)C)C(C(C)(C)C)C(C)=C1C(C)(C)C,5,5,6.83e-07,8.1e-07,20.00115791,-18.2,2.48e-07,668.4820138,1697.744012,1727.969631,-10.5627005,1889.2334,191.4893864374999,1705.3667,-22.602931781249936,-10.657591,-0.09489036608886714
1317,CCC1=C(C(C)(C)C)C(C(C)(C)C)C(CC)=C1C(C)(C)C,CC1=C(C(C)(C)C)C(C(C)(C)C)C(C)=C1C(C)(C)C,5,5,6.36e-07,7.58e-07,20.00560288,-19.3,2.27e-07,708.0868668,1797.637418,1537.420834,-10.322893,1861.0929,63.455477507812475,1714.824,177.403140609375,-10.730894,-0.40800108874511665
1318,CCC1=C(C(C)(C)C)C(C(C)(C)C)C(CC)=C1C(C)(C)C,CCC1=C(C(C)(C)C)C(C)=C(C(C)(C)C)C1C(C)(C)C,5,5,1.14e-06,1.37e-06,20.00716786,-18.9,4.14e-07,717.0725934,1977.253739,1717.162952,-10.589149,1859.5486,-117.705155015625,1724.4656,7.302624171875095,-10.761777,-0.17262792413329997
m4_1,CC=CC(C)(C)C,CC=CC(C)(C)C,2,2,2.22e-06,2.58e-06,19.9937726,-16.4,8.02e-07,542.7197453,1531.475152,1770.886554,-11.2674335,1626.3773,94.90216733593752,1760.3416,-10.545001265624933,-11.150763,0.11667094201660078
m4_2,C=CC,CC=CC(C)(C)C,2,2,0.000215625,0.000279118,19.95058489,-21.3,8.25e-05,553.357397,1599.869705,1615.010508,-10.8028385,1700.2788,100.40910359374993,1876.5385,261.5279441484374,-11.067186,-0.2643478555908203
m4_6,CC=CCC,CC=CC(C)(C)C,2,2,2.39e-07,4.13e-07,20.00981475,-20.9,1.05e-08,725.5069224,2433.07958,1998.985825,-10.9310815,1929.2584,-503.8211571484376,2018.2866,19.300796093750023,-11.104149,-0.1730673647460943
m4_1a,CCC1=C(C)C=C1,CCCC1=CC(CCC)=C1CC,4,4,2.35e-06,4.03e-06,20.0014312,-17.9,1.06e-06,526.7780183,1377.132572,1664.657154,-11.311355,1506.4094,129.27685182812502,1706.8519,42.19477471093751,-11.007125,0.3042300991821296
m4_3a,CCCC1=C(C)C(CC)=C1,CCCC1=CC(CCC)=C1CC,4,4,2.38e-05,2.84e-05,19.9798771,-23.6,8.7e-06,577.4559153,1764.693167,2002.234561,-11.471037,1649.9894,-114.7037871171874,1919.2146,-83.01996139062499,-11.020757,0.4502802785034188
1,C1=CCP=C1,C1=CCC=C1,5,5,4.19e-07,5.91e-07,19.95273848,-15.10472601,1.52e-07,470.1854735,1402.661594,1525.431087,-11.043627,1330.0989,-72.56271704687492,1524.7621,-0.669002039062434,-11.197566,-0.15393903240966722
2,CC1=PC(C)C(C)=C1C,C1=CCC=C1,5,5,3e-05,3.4e-05,19.95204463,-15.63297941,1.07e-05,486.9464474,1279.258493,1514.87885,-11.357187,1516.8286,237.57012028124996,1659.9889,145.11004160156244,-11.196961,0.1602255971069333
3,CC1=PC(C)C(C)=C1C,CC1=C(C)C(C)C(C)=C1C,5,5,1.52e-06,1.69e-06,19.97872149,-17.14851491,5.33e-07,574.9303273,1604.948844,1767.493696,-10.910318,1633.4778,28.52893920312499,1811.0242,43.530473921875,-11.009503,-0.0991853645629881
4,CCC1=C(CC)C(C)P=C1C,CC1=C(C)C(C)C(C)=C1C,5,5,1.28e-06,1.43e-06,19.97997219,-17.24320915,4.51e-07,582.5102186,1614.336844,1768.598289,-10.9793365,1656.3094,41.97260424218757,1822.4863,53.88803912499998,-11.013369,-0.034032106567382314
5,CCC1=PC(CC)C(CC)=C1CC,CC1=C(C)C(C)C(C)=C1C,5,5,1.08e-06,1.23e-06,19.97995817,-17.3571422,3.93e-07,586.2076688,1625.785117,1769.935121,-10.9982095,1635.5527,9.7676173750001,1823.1752,53.24004989843752,-11.041486,-0.04327628643798853
6,CCC1=PC(CC)C(CC)=C1CC,CCC1=C(C)C(C)C(CC)=C1C,5,5,3.44e-06,3.85e-06,19.97956183,-17.10054389,1.22e-06,573.2162689,1404.638886,1767.513037,-11.367169,1630.0476,225.40872142187504,1839.6055,72.09243175000006,-11.026911,0.34025821813964896
7,CCC1=PC(CC)C(CC)=C1CC,CCC1=C(C)C(C)C(CC)=C1CC,5,5,8.05e-06,9.08e-06,19.97478527,-16.85833902,2.86e-06,567.8363168,1384.841586,1719.260138,-11.415101,1622.2572,237.4156161484375,1843.6008,124.3406920781249,-11.024272,0.3908290349731445
8,CCC1=PC(CC)C(CC)=C1CC,CCC1=C(CC)C(CC)C(CC)=C1CC,5,5,6.45e-07,7.87e-07,20.00285602,-17.48209905,2.45e-07,663.6800406,1450.310965,1696.022051,-10.897036,1636.1388,185.8278289453126,1863.9817,167.95963845312508,-11.01683,-0.11979444433593756
9,CCC1=PC(CC)C(CC)=C1C(C)C,CCC1=C(CC)C(CC)C(CC)=C1CC,5,5,1.54e-06,1.8e-06,20.00237623,-17.03141566,5.57e-07,622.9838681,1411.576522,1777.630444,-11.0372405,1616.754,205.17750632031243,1860.6927,83.0623050234376,-11.034814,0.0024266190795891873
10,CCC1=PC(CC)C(C(C)C)=C1C(C)C,CCC1=C(CC)C(CC)C(CC)=C1CC,5,5,2.87e-06,3e-06,19.99535439,-16.84462964,9.78e-07,618.5255895,1591.003803,1768.642156,-11.1768605,1616.7422,25.73838449999994,1847.0923,78.45012915624989,-11.045019,0.13184135021972665
11,CC(C)C1=PC(C(C)C)C(C(C)C)=C1C(C)C,CCC1=C(CC)C(CC)C(CC)=C1CC,5,5,2.35e-06,2.4e-06,20.00016082,-16.60265706,7.94e-07,614.2408678,1567.293216,1769.143994,-11.075714,1611.2444,43.95116876562497,1826.1687,57.02470717187498,-11.066354,0.009360202087401959
12,CC(C)C1=PC(C(C)C)C(C(C)C)=C1C(C)C,CCC1=C(C(C)C)C(C(C)C)=C(CC)C1CC,5,5,2.73e-06,2.81e-06,19.99821141,-16.67631785,9.25e-07,616.067305,1572.791818,1768.642156,-11.1903545,1580.9232,8.131399773437579,1813.6074,44.965265874999886,-11.085642,0.1047126390380857
13,CC(C)C1=PC(C(C)C)C(C(C)C)=C1C(C)C,CCC1C(C(C)C)=C(C(C)C)C(C(C)C)=C1C(C)C,5,5,2.28e-06,2.6e-06,19.99721878,-16.74645192,8.13e-07,616.3989387,1381.162586,1775.196958,-11.2300055,1565.9636,184.80103704687508,1788.0371,12.840151375000005,-11.077626,0.15237927166748122
14,CC(C)C1=PC(C(C)C)C(C(C)C)=C1C(C)C,CC(C)C1=C(C(C)C)C(C(C)C)C(C(C)C)=C1C(C)C,5,5,2.35e-06,2.71e-06,19.99547479,-16.72874386,8.42e-07,613.0424446,1381.782163,1774.69512,-11.3020205,1554.2793,172.49713387499992,1776.8613,2.166208124999912,-11.076748,0.22527260571288998
15,CC(C)C1=C(C(C)C)C(C(C)C)P=C1C(C)(C)C,CC(C)C1=C(C(C)C)C(C(C)C)C(C(C)C)=C1C(C)C,5,5,2.06e-06,2.38e-06,19.99861516,-16.73581024,7.38e-07,612.3494264,1378.226439,1777.630444,-11.1626635,1493.7228,115.49633932031247,1756.1486,-21.481884429687398,-11.121657,0.041006128479004644
16,CC(C)C1=C(C(C)(C)C)P=C(C(C)(C)C)C1C(C)C,CC(C)C1=C(C(C)C)C(C(C)C)C(C(C)C)=C1C(C)C,5,5,1.41e-06,1.43e-06,20.00186063,-17.2657272,4.82e-07,637.2998759,1625.398525,1775.780373,-10.816259,1625.441,0.0425150390624367,1724.3994,-51.380958937500054,-10.956174,-0.13991489678955027
17,C1=CCP=C1,CC1=C(C)C(C)C(C)=C1C,5,5,1.97e-06,2.25e-06,19.96470261,-16.23532014,7.05e-07,514.0807719,1512.920179,1675.843953,-11.1323825,1494.0498,-18.870374312499962,1672.857,-2.986897335937556,-11.222352,-0.08996952789306611
18,C1=CCP=C1,CCC1=C(C)C(C)C(C)=C1CC,5,5,1.42e-05,1.61e-05,19.97795886,-15.47172724,5.05e-06,505.2451092,1308.946516,1624.348598,-11.417465,1461.942,152.99550060156253,1650.9395,26.590855124999962,-11.179135,0.2383296774291992
19,C1=CCP=C1,CCC1=C(CC)C(CC)C(CC)=C1CC,5,5,7.67e-07,8.18e-07,19.98760392,-16.4086779,2.67e-07,582.6056505,1547.364211,1684.315804,-11.135869,1452.6416,-94.72260943750007,1678.3594,-5.956429000000071,-11.1575775,-0.021708514648437927
20,CC1=CCP=C1C,CCC1=C(CC)C(CC)C(CC)=C1CC,5,5,8.24e-07,9e-07,20.00049901,-16.67592451,2.94e-07,596.5360082,1588.631041,1768.569422,-10.969908,1504.3514,-84.2796005703126,1708.1571,-60.41231750781253,-11.076652,-0.10674357318115213
21,CC1=PC(C)C(C)=C1C,CCC1=C(CC)C(CC)C(CC)=C1CC,5,5,1.21e-06,1.24e-06,20.00424744,-17.33144003,4.03e-07,658.8202452,1649.549068,1776.145454,-10.7249765,1631.7783,-17.770747687500034,1845.4884,69.34294932031253,-10.95581,-0.23083309320068324
22,CC1=PC(C)C(C)=C1C,CCC1=C(C(C)C)C(C(C)C)=C(CC)C1CC,5,5,7.45e-07,9.55e-07,20.00097421,-17.14270159,2.68e-07,649.2709433,1424.881541,1701.112625,-10.919113,1569.0963,144.21477247656253,1807.0946,105.98197949218752,-10.936171,-0.017057578002930285
23,CC1=PC(C)C(C)=C1C,CCC1=C(C(C)C)C(C(C)C)=C(C(C)C)C1CC,5,5,1.14e-06,1.24e-06,20.00261869,-17.33871548,3.92e-07,656.6290532,1440.062959,1783.4578,-10.9718685,1549.607,109.54409666406241,1798.1577,14.699914843750093,-10.9537525,0.018115982299804045
24,CC1=PC(C)C(C)=C1C,CCC1C(C(C)C)=C(C(C)C)C(C(C)C)=C1C(C)C,5,5,1.64e-06,1.7e-06,20.00304154,-17.42411883,5.54e-07,666.2546584,1657.870536,1793.756841,-10.5721165,1532.4928,-125.3777381484374,1775.5076,-18.249272640624895,-10.962252,-0.3901351632080079
25,CC1=PC(C)C(C)=C1C,CC(C)C1=C(C(C)C)C(C(C)C)C(C(C)C)=C1C(C)C,5,5,1.14e-06,1.23e-06,20.00348999,-17.42608021,4.02e-07,664.0381143,1660.877997,1777.690161,-10.7650145,1514.7361,-146.14191301562505,1756.9564,-20.73374010156249,-10.987264,-0.22224917950439504
26,CCC1=C(CC)C(C)P=C1C,CC(C)C1=C(C(C)C)C(C(C)C)C(C(C)C)=C1C(C)C,5,5,1.07e-06,1.17e-06,20.00255442,-17.57220468,3.62e-07,670.0836387,1462.125847,1801.434268,-10.842707,1533.5007,71.37488542187498,1768.6125,-32.821719171874975,-11.019322,-0.17661539532470627
27,CCC1=PC(C)C(CC)=C1CC,CC(C)C1=C(C(C)C)C(C(C)C)C(C(C)C)=C1C(C)C,5,5,1.17e-06,1.24e-06,20.00230034,-17.58797965,3.95e-07,670.4220939,1463.552196,1799.52448,-10.821943,1542.0851,78.5328870078124,1771.781,-27.74347414062504,-11.021527,-0.19958429034423908
28,CCC1=PC(CC)C(CC)=C1CC,CC(C)C1=C(C(C)C)C(C(C)C)C(C(C)C)=C1C(C)C,5,5,1.07e-06,1.22e-06,20.00211454,-17.60273686,3.84e-07,670.6947464,1465.14045,1801.434268,-10.841277,1521.1982,56.0577921874999,1766.2982,-35.136050226562475,-11.036725,-0.19544804425048845
29,CCC1=C(CC)C(CC)P=C1C(C)C,CC(C)C1=C(C(C)C)C(C(C)C)C(C(C)C)=C1C(C)C,5,5,6.83e-07,8.46e-07,20.00432157,-17.38430112,2.52e-07,647.8908147,1441.429371,1696.387132,-10.895276,1512.0629,70.63349521093755,1768.3121,71.92500178906243,-11.04016,-0.14488417913818274
30,CCC1=C(C(C)C)P=C(C(C)C)C1CC,CC(C)C1=C(C(C)C)C(C(C)C)C(C(C)C)=C1C(C)C,5,5,3.96e-07,5.35e-07,20.0008188,-17.57194235,1.4e-07,650.4056971,1655.298928,1691.944256,-10.861846,1690.1768,34.87782981250007,1738.6804,46.736163921875004,-10.926769,-0.06492325659179699
31,CCC1=C(C(C)(C)C)P=C(C(C)(C)C)C1CC,CC(C)C1=C(C(C)C)C(C(C)C)C(C(C)C)=C1C(C)C,5,5,7.51e-07,8.28e-07,20.00525404,-17.57856853,2.49e-07,668.5399528,1658.420288,1708.59596,-10.5492575,1626.3811,-32.03918448437503,1747.4674,38.871447226562395,-10.94908,-0.3998229672241216
32,CC(C)C1=PC(C(C)C)C(C(C)C)=C1C(C)C,C1=CCC=C1,5,5,9.48e-07,1.04e-06,19.99375079,-15.67786207,3.23e-07,552.6722759,1497.587729,1772.880371,-11.178745,1519.9863,22.39859912499992,1662.368,-110.51232900781247,-11.261984,-0.08323887145996167
33,CC(C)C1=PC(C(C)C)C(C(C)C)=C1C(C)C,CC1=C(C)C(C)C(C)=C1C,5,5,1.16e-06,1.35e-06,19.9998427,-17.24225341,4.17e-07,638.7004471,1642.350046,1775.780373,-10.8306635,1591.9176,-50.43244346093752,1780.8419,5.061545945312446,-11.112939,-0.28227538092041016
34,CC(C)C1=PC(C(C)C)C(C(C)C)=C1C(C)C,CCC1=C(C)C(C)C(CC)=C1CC,5,5,1.91e-06,2.04e-06,19.99803428,-16.79683203,6.62e-07,598.0669379,1583.984924,1773.924486,-10.970768,1589.1929,5.207947093749908,1808.927,35.00251595312511,-11.095586,-0.1248178230590824
35,CC(C)C1=PC(C(C)C)C(C(C)C)=C1C(C)C,CCC1=C(CC)C(CC)C(CC)=C1CC,5,5,1.32e-06,1.44e-06,20.00137583,-16.79545652,4.63e-07,623.2455858,1582.577604,1775.495048,-10.9160705,1611.2444,28.666780765624935,1826.1687,50.673653171875,-11.066354,-0.15028329791259765
36,CC(C)C1=PC(C(C)C)C(C(C)C)=C1C(C)C,CCC1=C(C(C)C)C(C(C)C)=C(CC)C1CC,5,5,1.07e-06,1.15e-06,20.0010191,-17.05050353,3.74e-07,631.2745379,1604.119225,1777.690161,-10.8874175,1580.9232,-23.196007226562415,1813.6074,35.91726087500001,-11.085642,-0.19822436096191431
37,CC(C)C1=PC(C(C)C)C(C(C)C)=C1C(C)C,CCC1C(C(C)C)=C(C(C)C)C(C(C)C)=C1C(C)C,5,5,5.71e-07,6.86e-07,20.00195357,-17.12395334,2.16e-07,638.5884671,1615.577847,1693.141131,-10.919522,1565.9636,-49.61422395312502,1788.0371,94.89597837499991,-11.077626,-0.15810422833251891
38,CC(C)C1=PC(C(C)C)C(C(C)C)=C1C(C)C,CC(C)C1=C(C(C)C)C(C(C)C)C(C(C)C)=C1C(C)C,5,5,4.7e-06,5.36e-06,20.00109889,-17.14051817,1.68e-06,642.6087648,1406.760113,1716.815861,-11.182417,1554.2793,147.51918387499995,1776.8613,60.04546712499996,-11.076748,0.10566910571288979
40,C1=C(C2CCCCC2)CC(C2CCCCC2)=C1C1CCCCC1,C1=CCC=C1,6,5,4.05e-05,5.16e-05,19.94002774,-14.98980019,1.53e-05,473.4078867,1082.57563,1424.909356,-11.274544,1306.2246,223.64897937499995,1545.8777,120.96832954687511,-11.263071,0.011472939819336503
41,C1=C(C2CCCCC2)CC(C2CCCCC2)=C1C1CCCCC1,C1=CCC(C2CCCCC2)=C1,5,5,5.27e-05,6.88e-05,19.89880921,-15.19395869,2.02e-05,493.4403676,1276.605725,1325.997917,-11.0785305,1302.5168,25.911120703125107,1561.1295,235.13159960156258,-11.238265,-0.1597345375366217
42,C1=C(C2CCCCC2)CC(C2CCCCC2)=C1C1CCCCC1,C1=C(C2CCCCC2)C=C(C2CCCCC2)C1,5,5,1.78e-05,2.13e-05,19.92361023,-15.56204342,6.51e-06,504.24848,1303.509753,1530.852787,-11.398754,1341.8325,38.322766531249954,1605.539,74.68615342968747,-11.223016,0.17573821478271512
43,C1=C(C2CCCCC2)CC(C2CCCCC2)=C1C1CCCCC1,C1=C(C2CCCCC2)CC(C2CCCCC2)=C1C1CCCCC1,5,5,3.54e-06,4.79e-06,19.91192071,-14.91940397,1.39e-06,470.9246829,1280.108022,1563.032686,-11.0556135,1359.8793,79.77125046093761,1626.2666,63.23391556249999,-11.2247305,-0.16911699163818383
45,C1CCC(C2=C(C3CCCCC3)C(C3CCCCC3)C(C3CCCCC3)=C2C2CCCCC2)CC1,C1=C(C2CCCCC2)CC(C2CCCCC2)=C1C1CCCCC1,5,5,6e-06,6.85e-06,19.96351303,-16.75379609,2.14e-06,592.2567376,1411.000156,1708.529184,-11.398279,1373.4213,-37.57889135156256,1647.0352,-61.49402774999999,-11.237779,0.1605003363647466
51,CB1C=CC=C1,CB1C=CC=C1,5,5,5.69e-06,7.12e-06,19.96805651,-19.21254107,2.14e-06,486.2784394,1232.437166,1541.973669,-11.1222965,1415.492,183.05477735937507,1690.8077,148.83407025781253,-11.257941,-0.1356447460327157
52,CB1C(C)=C(C)C(C)=C1C,CB1C=CC=C1,5,5,1.46e-05,1.79e-05,19.97111568,-19.77097443,5.43e-06,526.8447669,1290.946882,1816.325156,-11.350031,1469.0714,178.12452913281254,1825.69,9.364785406249894,-11.313519,0.03651247583007766
53,CB1C(C)=C(C)C(C)=C1C,CB1C(C)=C(C)C(C)=C1C,5,5,8.57e-06,9.8e-06,19.98869595,-21.44289674,3.06e-06,585.1882238,1750.120738,2073.944776,-11.451947,1795.3821,45.261342078124926,1976.041,-97.90376037499982,-11.069424,0.38252332446289117
54,CCB1C(C)=C(C)C(C)=C1C,CB1C(C)=C(C)C(C)=C1C,5,5,8.44e-06,9.67e-06,19.98716705,-21.45590418,3.02e-06,584.7803108,1749.685074,2073.944776,-11.451947,1769.0935,19.408431859375014,1960.2993,-113.64545959374982,-11.126658,0.3252885603637701
55,CCB1C(C)=C(CC)C(CC)=C1C,CB1C(C)=C(C)C(C)=C1C,5,5,8.28e-06,9.57e-06,19.98587404,-21.48768473,2.97e-06,584.0245118,1750.171423,2073.944776,-11.443556,1749.6624,-0.5090694843750043,1943.0862,-130.85859435937482,-11.164843,0.27871339440917886
56,CCB1C(C)=C(CC)C(CC)=C1C,CCB1C(C)=C(C)C(C)=C1C,5,5,9.47e-06,1.09e-05,19.98566888,-21.48829507,3.4e-06,584.0524993,1751.623811,2073.944776,-11.45028,1789.7585,38.13473392187507,1948.6494,-125.29536193749982,-11.06943,0.38084964874267513
57,CCB1C(C)=C(CC)C(CC)=C1C,CCB1C(C)=C(CC)C(CC)=C1C,5,5,0.000127336,0.000132004,15.96035481,-46.60798182,4.32e-05,1330.797209,2753.820002,1593.550355,-9.935848,1784.37,-969.4500068828124,1938.4194,344.8690785937499,-11.040746,-1.104897735168457
62,CCC1=C(CC)C(CC)=C(CC)B1C(C)(C)C,CCC1=C(C(C)C)C(C(C)C)=C(CC)B1C(C)C,5,5,4.06e-06,4.63e-06,19.99299839,-21.09197925,1.45e-06,595.0422989,1732.487249,2111.38657,-11.236477,1691.8901,-40.59711228125002,1908.4712,-202.91537859375012,-11.11784,0.11863718676757884
64,CB1C(C)=C(C)C(C)=C1C,CC1=C(C)C(C)=C(C)B1C(C)(C)C,5,5,0.0001312,0.000136038,15.95911911,-43.49200336,4.45e-05,1334.554427,2759.573511,1593.550355,-9.933928,1751.1821,-1008.39138209375,1910.894,317.3436879687499,-11.032439,-1.0985112318725587
65,CC1=C(C)C(C)=C(C)B1C(C)(C)C,CC1=C(C)C(C)=C(C)B1C(C)(C)C,5,5,0.00012477,0.000129309,15.9607497,-42.29772062,4.23e-05,1335.632299,2762.109903,1593.550355,-9.935808,1766.3333,-995.776651046875,1893.7844,300.2340688281249,-11.0459,-1.110092344848633
71,C1=C[PH2]=CC1,B1=CC=CC1,5,5,4.96e-05,7.67e-05,19.94407542,-9.8109552,2.11e-05,238.7272152,554.3582819,1167.308666,-10.27400125,952.9337,398.57543392031255,1285.3921,118.0834238437501,-10.941406,-0.6674050000000005
72,C[PH]1=CCC=C1,B1=CC=CC1,5,5,3.66e-05,4.25e-05,19.97488992,-12.7959181,1.32e-05,376.8975851,1040.777882,1365.184399,-11.253743,1042.9343,2.1564441718749094,1390.2086,25.024219164062515,-11.068087,0.18565637585449224
73,CC1=C(C)C[PH](C)=C1,B1=CC=CC1,5,5,3.66e-05,4.28e-05,19.97531836,-12.88034934,1.32e-05,375.5131642,1050.166885,1365.184399,-11.253183,1055.7158,5.548935312499907,1349.1758,-16.008617749999985,-11.206697,0.04648553601074212
74,CC1=C(C)C[PH](C)=C1,CC1=BCC=C1,5,5,4.07e-05,4.92e-05,19.97948018,-13.37532837,1.5e-05,377.8786254,1121.389251,1364.992077,-11.288313,1062.554,-58.83529592187506,1338.4287,-26.56336606250011,-11.138161,0.15015229443359424
75,CC1=C(C)C[PH](C)=C1,CC1=BC(C)=CC1,5,5,9.85e-05,0.000122921,19.93149155,-10.25711947,3.69e-05,278.4746148,579.6211238,1067.510796,-10.61065075,974.13464,394.51351975468754,1230.2765,162.76569325781247,-10.887191,-0.2765400687866215
76,CC1=C(C)C[PH](C)=C1,CC1=BC(C)C(C)=C1C,5,5,1.86e-05,2.23e-05,19.98869874,-13.60701571,6.83e-06,394.2725508,1118.155549,1367.171473,-11.286402,1079.1118,-39.043732593750065,1359.7991,-7.3724007343751055,-11.118759,0.1676428447265632
77,CC1=C(C)[PH](C)=C(C)C1C,CC1=BC(C)C(C)=C1C,5,5,1.02e-05,1.21e-05,19.99315983,-14.21206917,3.71e-06,421.2982594,1173.405662,1521.971565,-11.357742,1246.2854,72.8797383906251,1532.228,10.256462343749945,-11.374426,-0.016683888061523433
78,CC1=C(C)[PH](C)=C(C)C1C,CCC1=BC(C)C(C)=C1C,5,5,8.64e-06,9.87e-06,19.99552117,-14.54114075,3.09e-06,441.9609407,1189.336522,1517.37179,-11.337011,1249.0278,59.69131003124994,1540.0011,22.62930863281258,-11.370245,-0.033233979858398044
79,CC1=C(C)[PH](C)=C(C)C1C,CCC1=BC(CC)=C(C)C1C,5,5,7.49e-06,8.4e-06,19.99605878,-14.54214867,2.65e-06,445.6849034,1188.467644,1508.562221,-11.254335,1266.4785,78.01087162499994,1562.4775,53.91531806250009,-11.357894,-0.10355894378662178
80,CCC1=C(C)C(C)C(CC)=[PH]1C,CCC1=BC(CC)=C(C)C1C,5,5,8.79e-06,9.92e-06,19.99527346,-14.56663824,3.12e-06,446.1733871,1190.999748,1517.37179,-11.339411,1259.6796,68.67981742968755,1563.9349,46.56314652343758,-11.364354,-0.024943133605956902
81,CCC1=C(C)C(C)C(CC)=[PH]1C,CCC1=BC(CC)C(CC)=C1CC,5,5,1.4e-05,1.66e-05,19.99024164,-13.86309396,5.11e-06,432.1776071,1157.513439,1452.2486,-11.304706,1175.6322,18.118763148437438,1510.4304,58.1818199218751,-11.355655,-0.05094871649169974
82,CCC1=C(CC)[PH](CC)=C(CC)C1C,CCC1=BC(CC)C(CC)=C1CC,5,5,2.17e-05,2.56e-05,19.98782298,-14.20096215,7.89e-06,448.5603715,1189.494645,1419.873632,-11.350063,1185.0458,-4.448868632812491,1522.5931,102.71950764843746,-11.375599,-0.025535907470702668
83,CCC1=C(CC)[PH](CC)=C(CC)C1CC,CCC1=BC(CC)C(CC)=C1CC,5,5,1.65e-05,1.92e-05,19.98309343,-14.30459389,5.95e-06,463.6184637,1190.356885,1419.920901,-11.318346,1188.3427,-2.01423363281242,1525.9489,106.02795153906254,-11.378981,-0.06063463659667967
84,CCC1=C(CC)[PH](CC)=C(CC)C1CC,CCC1=C(C(C)C)C(C(C)C)=BC1CC,5,5,1.45e-05,1.7e-05,19.97958409,-14.48980065,5.24e-06,467.3639832,1201.199436,1499.540002,-11.329784,1174.7941,-26.405368617187605,1527.8693,28.32926069531254,-11.34168,-0.011895573059081954
85,CCC1=C(CC)[PH](CC)=C(CC)C1CC,CC(C)C1=BC(C(C)C)C(C(C)C)=C1C(C)C,5,5,1.55e-05,1.87e-05,19.98300551,-14.28726806,5.71e-06,474.1431839,1185.412371,1462.715864,-11.311564,1154.8162,-30.596208890624894,1518.5475,55.83162135156249,-11.305716,0.005848439086914681
86,CCC1=C(CC)[PH](CC)=C(CC)C1CC,CC(C)C1=BC(C(C)C)C(C(C)C)=C1C(C)(C)C,5,5,9.76e-06,1.26e-05,19.9741511,-14.14958227,3.73e-06,458.5891055,997.5842101,1381.132416,-11.184602,1142.3018,144.71754771250005,1507.5527,126.42031837500008,-11.2696,-0.08499791455078132
87,CCC1=C(CC)[PH](C(C)C)=C(CC)C1CC,CC(C)C1=BC(C(C)C)C(C(C)C)=C1C(C)(C)C,5,5,2.62e-05,3.22e-05,19.97750211,-14.38419332,9.74e-06,472.685479,1018.332103,1425.233353,-11.257386,1168.5492,150.21709133593754,1530.6027,105.36930813281242,-11.284555,-0.027169435180663726
88,CCC1=C(C(C)C)[PH](C(C)C)=C(CC)C1CC,CC(C)C1=BC(C(C)C)C(C(C)C)=C1C(C)(C)C,5,5,1.09e-05,1.35e-05,19.97336107,-14.16767249,4.07e-06,473.3775037,1160.145745,1486.06935,-11.279151,1151.613,-8.532707890625034,1515.5475,29.478135351562514,-11.27986,-0.0007085428466790944
89,CCC1=[PH](C(C)C)C(C(C)C)=C(C(C)C)C1CC,CC(C)C1=BC(C(C)C)C(C(C)C)=C1C(C)(C)C,5,5,3.42e-05,4.39e-05,19.95928935,-13.93746088,1.3e-05,441.0130851,977.2972964,1249.010384,-11.145008,1159.263,181.96564305312495,1519.8994,270.88903006250007,-11.285059,-0.14005097521972587
92,C1=C[PH2]=CC1,CC(C)(C)C1=BC(C(C)(C)C)=CC1,5,5,2.12e-05,3.02e-05,19.98576288,-12.28884205,8.56e-06,429.560735,1025.740923,1366.169313,-11.276387,998.5105,-27.230424953125066,1404.0039,37.8345932499999,-11.174677,0.10171010485839815
93,C1=C[PH2]=CC1,CC1=C(C(C)(C)C)B=C(C(C)(C)C)C1C,5,5,1.36e-05,1.62e-05,19.99766943,-13.88567397,4.95e-06,448.6633331,1129.590292,1465.703932,-11.28537,1023.43805,-106.15224268359384,1399.0669,-66.6370374687499,-11.122678,0.16269219696044956
94,CC(C)(C)[PH]1=CCC=C1,CC1=C(C(C)(C)C)B=C(C(C)(C)C)C1C,5,5,2.39e-05,2.83e-05,19.97414508,-14.19501724,8.71e-06,447.8979042,1323.140255,1426.506795,-11.314944,1151.2748,-171.86547472656252,1525.2079,98.70109074218749,-11.331559,-0.01661518121337835
103,CC(C)C1=[PH](C(C)(C)C)C(C(C)C)C(C(C)(C)C)=C1C(C)(C)C,CC(C)C1=C(C(C)(C)C)B=C(C(C)(C)C)C1C(C)C,5,5,2.3e-05,6.2e-05,19.98241396,-10.17337491,1.42e-05,352.2681408,642.8927961,1193.098278,-11.0903245,964.64764,321.7548479429687,1262.4529,69.35460285937506,-10.762978,0.3273468999023432
131,CCC1=BC(C)=C1CC,CCC1=BC(CC)=C1CC,4,4,1.84e-06,2.14e-06,19.99194481,-16.37659299,6.67e-07,430.2756587,1468.376138,1667.965503,-11.1403975,965.3091,-503.0670559687501,1219.8577,-448.1078369843749,-10.607696,0.532701920471192
132,CCC1=BC(CC)=C1CC,CCC1=BC(CC)=C1CC,4,4,0.000122843,0.000164873,19.92626007,-10.64605267,4.8e-05,287.7039006,523.7366534,1037.640026,-10.375303,953.13184,429.3951825375,1226.6921,189.05211267187497,-10.611936,-0.23663261553955017
135,CC1=C(C)[PH](C)=C1C,CC1=C(C)[PH](C)=C1C,4,4,1.92e-05,1.97e-05,15.98016456,-37.97483843,6.48e-06,1354.803254,2806.379705,1721.59281,-10.10141286,1011.8815,-1794.4982352734373,1272.1921,-449.4006713281251,-10.485159,-0.383746060288086
136,CCC1=C(CC)[PH](C)=C1CC,CCC1=C(CC)[PH](C)=C1CC,4,4,0.001215421,0.001813023,19.85878692,-13.97006351,0.000504741,380.2145859,635.1824947,797.692805,-10.667339,741.0221,105.8396000265625,928.906,131.21320085937498,-9.5217285,1.1456104843750001
142,CC1=BC(C)=C1C,CC1=BC(C)=C1C,4,4,4.76e-06,4.84e-06,16.00146242,-65.21314337,1.6e-06,1376.763817,2843.524777,1773.120548,-9.939620857,1139.9874,-1703.5373502421876,1367.4493,-405.6712071796876,-11.027831,-1.088210220575684
144,CC(C)C1=BC(C(C)C)=C1C(C)C,CCC1=C(C(C)C)C(C(C)C)=B1,4,4,3.21e-06,3.68e-06,19.99488018,-19.18674683,1.15e-06,526.2165966,1746.552372,1717.593719,-11.0386735,683.73035,-1062.8220253203126,975.03143,-742.5622858945312,-9.814892,1.223781684814453
146,C1=C[PH2]=C1,B1=CC=C1,4,4,0.554885685,1.831344222,17.12076637,-8.550277146,0.397704985,240.5139086,1e-06,134.5962792,-6.3330195,89.96216,89.962157203125,20.78479,-113.8114891609375,-6.3456573,-0.012637848632812698
147,CC1=C(C)[PH](C)=C1C,B1=CC=C1,4,4,0.021733621,0.036532965,18.91885973,-12.59268761,0.009711098,473.3256906,951.9062759,540.5070661,-8.5024875,452.29736,-499.60891261874997,410.09375,-130.41331609999997,-7.609036,0.8934515312194833
148,CC1=C(C)[PH](C)=C1C,CC1=BC(C)=C1C,4,4,0.246163948,0.557937861,18.2935089,-8.96968268,0.134016968,409.2643393,0.0,173.8487453,-7.0240135,126.114624,126.1146240234375,236.96008,63.11133770781251,-7.2751756,-0.2511620714416507
149,CCC1=C(CC)[PH](CC)=C1CC,CC1=BC(C)=C1C,4,4,0.102909859,0.207303455,18.78426159,-11.8201831,0.051702219,460.6462758,460.6462758,251.9394338,-7.64113125,149.00513,-311.641148846875,187.45068,-64.48875020624999,-7.1131425,0.527988759613037
150,CC(C)C1=C(C(C)C)[PH](C(C)C)=C1C(C)C,CC1=BC(C)=C1C,4,4,0.123679794,0.261074049,18.67319958,-11.12229514,0.064125641,452.377908,452.377908,252.042596,-7.60610625,248.04114,-204.3367703046875,294.99084,42.9482487265625,-7.4383335,0.16777273864746078
155,C1=C[PH2]=C1,CC1=BC(C)=C1C,4,4,0.535404276,1.627684462,17.21415131,-8.573154748,0.36051479,289.6059036,5.72e-07,173.1739648,-6.74123325,-136.88159,-136.881592368875,-43.10742,-216.281386675,-6.2508464,0.4903868640441891
156,C1=C[PH2]=C1,CCC1=BC(CC)=C1CC,4,4,0.515130598,1.627375436,17.32661437,-9.318021398,0.357084339,267.1683014,5.72e-07,143.6452278,-6.4615065,-159.3783,-159.3782964704375,-61.74353,-205.3887580734375,-6.193334,0.26817239736938436
157,CC1=C(C)[PH](C)=C1C,CCC1=BC(CC)=C1CC,4,4,0.00054171,0.000565885,15.91999632,-81.5156849,0.000184599,1387.705457,2794.626941,1395.34123,-9.933791,144.42761,-2650.1993286953125,302.34924,-1092.9919868359375,-7.4847794,2.449011642089843
158,CC1=C(C)[PH](C)=C1C,CC(C)C1=BC(C(C)C)=C1C(C)C,4,4,0.21151209,0.501544045,18.34482087,-10.31557137,0.118842689,393.1365866,2.86e-07,173.8487453,-7.07921575,56.617188,56.617187214,207.60303,33.75428204375001,-7.0866933,-0.007477536895751591
159,CC1=C(C)[PH](C)=C1C,CC(C)(C)C1=BC(C(C)(C)C)=C1C(C)(C)C,4,4,0.174387657,0.41207264,18.51995277,-11.68526514,0.097743383,403.3884909,0.0,173.3528241,-7.0975045,118.52551,118.5255126953125,249.09253,75.73970519687501,-7.0196733,0.0778311525268558
162,CC1=C(C)[PH](C(C)C)=C1C,CC1=BC(C)=C1C,4,4,0.263273128,0.607776965,18.20996697,-8.649288707,0.145175016,395.0904029,0.0,173.3783819,-7.0007785,119.74756,119.74755859375,166.80408,-6.574304751562494,-6.970327,0.03045159951782228
163,CC1=C(C)[PH](C(C)C)=C1C,CCC1=BC(CC)=C1CC,4,4,0.483644,1.182813578,17.86393239,-6.122629353,0.27774293,305.5416212,0.0,102.2207504,-6.0732255,108.73901,108.739013671875,182.43811,80.2173599515625,-6.991062,-0.9178366643066402
184,CC1=C(C)C(C)=C1C,CC(C)(C)c1[pH]c(C(C)(C)C)c(C(C)(C)C)c1C(C)(C)C,4,5,3.52e-05,4e-05,19.99484041,-15.98421377,1.25e-05,508.0107166,1069.036313,1509.869194,-11.442189,1245.2078,176.17145067187494,1601.3749,91.5056839296874,-11.335392,0.1067970017089852
185,CCC1=C(CC)C(CC)=C1CC,CC(C)(C)c1[pH]c(C(C)(C)C)c(C(C)(C)C)c1C(C)(C)C,4,5,2.58e-05,2.73e-05,19.99258524,-17.99397936,8.86e-06,637.9494484,1476.612007,1602.221732,-11.379699,1377.9567,-98.65534196093745,1706.7467,104.52497210156253,-11.243908,0.13579107153320358
186,CC(C)C1=C(C(C)C)C(C(C)C)=C1C(C)C,CC(C)(C)c1[pH]c(C(C)(C)C)c(C(C)(C)C)c1C(C)(C)C,4,5,7.75e-06,8.42e-06,19.99884993,-18.29373651,2.7e-06,656.1243171,1470.312261,1688.294036,-11.108752,1419.3842,-50.928105726562535,1752.4822,64.188141734375,-11.196127,-0.08737493786621009
187,CC(C)(C)C1=C(C(C)(C)C)C(C(C)(C)C)=C1C(C)(C)C,CC(C)(C)c1[pH]c(C(C)(C)C)c(C(C)(C)C)c1C(C)(C)C,4,5,4.24e-06,4.78e-06,19.99861422,-18.53678055,1.5e-06,622.9489576,1493.548948,1735.380836,-11.250292,1386.7706,-106.77831811718761,1602.0963,-133.28452252343754,-10.8257675,0.4245244829101562
188,CCC1=PC(CC)C(CC)=C1CC,CCC1=C(CC)C(CC)=C1CC,5,4,3.29e-05,3.76e-05,19.98319644,-17.03291774,1.17e-05,569.6960286,1407.893327,1628.836948,-11.502569,1538.4921,130.5987384296875,1755.304,126.4670070781251,-11.161494,0.3410747449340814
190,CCC1=PC(CC)C(CC)=C1CC,CC(C)(C)C1=C(C(C)(C)C)C(C(C)(C)C)=C1C(C)(C)C,5,4,1.46e-06,1.8e-06,20.00135755,-18.32592281,5.4e-07,610.666515,1483.316499,1747.187234,-11.0493925,1454.7129,-28.60360837500002,1724.2177,-22.96958263281249,-11.146961,-0.0975687121582034
191,CC(C)C1=PC(C(C)C)C(C(C)C)=C1C(C)C,CC(C)(C)C1=C(C(C)(C)C)C(C(C)(C)C)=C1C(C)(C)C,5,4,1.18e-06,1.25e-06,20.00191966,-18.20400043,4.09e-07,632.3915172,1713.519502,1798.654642,-10.8473665,1520.4401,-193.0794385234376,1760.8152,-37.83945645312497,-11.133767,-0.28640062799072297
192,CC1=BC(C)C(C)=C1C,CC1=C(C)C(C)=C1C,5,4,4.71e-05,5.18e-05,19.98057723,-17.65690464,1.65e-05,571.0846639,1480.529992,1628.836948,-11.475747,1530.4052,49.87515936718751,1701.3754,72.5384182109376,-11.26732,0.20842732073974624
193,CCC1=BC(CC)C(CC)=C1CC,CC1=C(C)C(C)=C1C,5,4,3.61e-05,3.83e-05,19.98054587,-17.66846919,1.24e-05,565.3498177,1481.070286,1628.836948,-11.504766,1540.4193,59.349025523437604,1755.9336,127.0966457500001,-11.28526,0.21950579949951177
194,CC(C)C1=BC(C(C)C)C(C(C)C)=C1C(C)C,CC1=C(C)C(C)=C1C,5,4,1.56e-05,1.8e-05,19.99443638,-18.47596032,5.59e-06,619.1323282,1526.286532,1644.926599,-11.411211,1534.5059,8.21932737499992,1716.1564,71.2297730703126,-11.22066,0.19055079034423805
195,CC1=C(C)C(C)=C1C,CC(C)(C)c1[pH]c(C(C)(C)C)c(C(C)(C)C)c1C(C)(C)C,4,5,4.39e-06,4.81e-06,20.00159576,-17.37010113,1.53e-06,550.5718751,1139.398352,1730.502991,-11.335837,1245.2078,105.80941167187507,1601.3749,-129.12811307031257,-11.335392,0.0004450017089840941
196,CCC1=C(CC)C(CC)=C1CC,CC(C)(C)c1[pH]c(C(C)(C)C)c(C(C)(C)C)c1C(C)(C)C,4,5,1.61e-05,1.75e-05,19.98879351,-18.68544595,5.6e-06,655.8747771,1549.550036,1640.681269,-11.094206,1377.9567,-171.5933709609376,1706.7467,66.06543510156257,-11.243908,-0.14970192846679709
197,CC(C)C1=C(C(C)C)C(C(C)C)=C1C(C)C,CC(C)(C)c1[pH]c(C(C)(C)C)c(C(C)(C)C)c1C(C)(C)C,4,5,2.83e-06,3.28e-06,20.0047398,-18.42795982,1.01e-06,640.0448436,1484.049383,1740.014007,-11.172139,1419.3842,-64.66522772656253,1752.4822,12.468170734375008,-11.196127,-0.02398793786621134
198,CC(C)(C)C1=C(C(C)(C)C)C(C(C)(C)C)=C1C(C)(C)C,CC(C)(C)c1[pH]c(C(C)(C)C)c(C(C)(C)C)c1C(C)(C)C,4,5,1.8e-06,2.1e-06,19.99305622,-18.150963,6.48e-07,592.7954758,1501.617812,1737.46786,-11.1174235,1386.7706,-114.84718211718746,1602.0963,-135.37154652343747,-10.8257675,0.2916559829101555
199,CCC1=BC(CC)C(CC)=C1CC,CCC1=C(CC)C(CC)=C1CC,5,4,0.000259231,0.000310729,19.94513585,-15.71913823,9.5e-05,342.0963472,999.2212346,1131.430462,-10.662107,1548.9548,549.733599384375,1786.6241,655.1936835078125,-11.169829,-0.5077223685913079
200,CCC1=BC(CC)C(CC)=C1CC,CC(C)C1=C(C(C)C)C(C(C)C)=C1C(C)C,5,4,2.72e-05,3.34e-05,19.94364438,-16.25809718,1.01e-05,454.6961568,1334.499006,1524.840404,-11.405725,1419.7128,85.21376255468749,1702.2067,177.36626103906246,-11.140132,0.26559304962158237
201,CCC1=BC(CC)C(CC)=C1CC,CC(C)(C)C1=C(C(C)(C)C)C(C(C)(C)C)=C1C(C)(C)C,5,4,2.17e-05,2.51e-05,19.95682043,-16.53680669,7.8e-06,444.7803017,1112.58073,1487.917191,-11.368929,1350.4427,237.8620190234376,1634.4966,146.57939103125,-11.159806,0.2091227484741207
202,CC(C)C1=BC(C(C)C)C(C(C)C)=C1C(C)C,CC(C)(C)C1=C(C(C)(C)C)C(C(C)(C)C)=C1C(C)(C)C,5,4,1.06e-06,1.15e-06,20.00518249,-19.3084156,3.75e-07,665.3634126,1573.715711,1776.258008,-10.6008545,1374.3519,-199.36378228906256,1692.1732,-84.08479022656252,-11.199361,-0.598506347473144
203,CC1=BC(C)B=C1C,CC1=BC(C)B=C1C,5,5,2.75e-05,3.31e-05,19.9830782,-13.17681258,1.01e-05,355.5843516,1087.960359,1365.534913,-11.290972,875.1172,-212.84317149999993,1180.7582,-184.77673428906246,-10.607529,0.6834433134765625
204,CC1=BC(C)B=C1C,CCC1=BC(CC)B=C1CC,5,5,2.61e-05,3.18e-05,19.97579488,-13.55337354,9.65e-06,369.5255979,883.8177068,1241.077273,-11.160625,779.6148,-104.20289967109375,1096.5786,-144.4986597187501,-10.375374,0.7852511596679683
205,CC1=BC(C)B=C1C,CC(C)C1=BC(C(C)C)B=C1C(C)C,5,5,0.000515404,0.00073096,19.89816355,-11.72498598,0.000207727,267.2336889,501.2366935,860.2290973,-9.97383975,563.6317,62.3950203671875,855.70465,-4.524446421093785,-9.7755995,0.1982402703247068
206,CC1=BC(C)B=C1C,CC(C)(C)C1=BC(C(C)(C)C)B=C1C(C)(C)C,5,5,0.00019376,0.00026597,19.9202837,-13.70081508,7.66e-05,445.2997272,717.6073459,989.4899895,-10.534198,447.66602,-269.94133027500004,699.2535,-290.23651049609373,-9.23633,1.2978679676513671
207,CCC1=BC(CC)B=C1CC,CC(C)(C)C1=BC(C(C)(C)C)B=C1C(C)(C)C,5,5,0.00105369,0.001556385,19.91071327,-11.87244178,0.000435012,346.404526,555.7208607,918.8069319,-10.81639175,394.2694,-161.4514515203125,643.80786,-274.999070571875,-8.9349785,1.8814132648925774
208,CC(C)C1=BC(C(C)C)B=C1C(C)C,CC(C)(C)C1=BC(C(C)(C)C)B=C1C(C)(C)C,5,5,0.10783946,0.257562622,19.24361829,-8.222011466,0.060900347,129.8774385,129.8774385,46.85859802,-5.89331325,292.92114,163.043704078125,545.7277,498.86912414796876,-8.436863,-2.5435496955566403
209,CC(C)(C)C1=BC(C(C)(C)C)B=C1C(C)(C)C,CC(C)(C)C1=BC(C(C)(C)C)B=C1C(C)(C)C,5,5,0.004385096,0.007303424,19.6686592,-9.43856192,0.001948087,195.6068028,195.6068028,490.5126616,-8.4832055,169.09277,-26.514029362499997,357.687,-132.82564988125,-7.743599,0.7396065620117191
210,CCC1=BC(CC)B=C1CC,CCC1=BC(CC)B=C1CC,5,5,0.000320061,0.000422236,19.94982171,-12.23943363,0.000123716,352.9806476,780.7552726,990.2725871,-10.77528025,715.18036,-65.57491371328126,1044.0382,53.76562090781249,-10.180523,0.5947573312988279
211,CC(C)C1=BC(C(C)C)B=C1C(C)C,CCC1=BC(CC)B=C1CC,5,5,1.8e-05,3.07e-05,19.93354103,-18.12500425,8.12e-06,558.5551436,924.2989197,1460.392234,-11.2812395,580.9039,-343.3950500710938,938.0319,-522.3603126132812,-9.760169,1.52107047076416
212,CC(C)(C)C1=BC(C(C)(C)C)B=C1C(C)(C)C,CCC1=BC(CC)B=C1CC,5,5,0.000772264,0.001113403,19.88769743,-11.48785214,0.000314278,256.4057043,486.3786688,770.0859007,-10.09619625,371.46295,-114.91571713984376,661.3729,-108.71297589531252,-8.877335,1.2188616552734377
213,CC(C)C1=BC(C(C)C)B=C1C(C)C,CC(C)C1=BC(C(C)C)B=C1C(C)C,5,5,0.001213312,0.001937638,19.85441781,-10.89259695,0.000525158,241.5952046,458.1480404,631.8664495,-9.71698975,408.4829,-49.66513024375001,723.7265,91.8600519648437,-9.012782,0.7042076531372068
215,CC1=PC(C)P=C1C,CCC1=PC(CC)P=C1CC,5,5,2.46e-06,2.83e-06,19.97334186,-13.01719211,8.79e-07,422.2027181,1207.858744,1495.125372,-11.176281,1219.8065,11.947774554687612,1554.3094,59.18407624218753,-11.2699175,-0.09363648809814507
216,CC1=PC(C)P=C1C,CC(C)C1=PC(C(C)C)P=C1C(C)C,5,5,1.21e-06,1.31e-06,19.99872969,-12.84685026,4.3e-07,434.4417713,1071.131272,1518.923524,-11.0210645,1216.3203,145.18904049999992,1549.6779,30.754332445312457,-11.217703,-0.19663836560058634
218,CCC1=PC(CC)P=C1CC,CC(C)(C)C1=PC(C(C)(C)C)P=C1C(C)(C)C,5,5,2.41e-06,2.64e-06,19.99114601,-13.56294079,8.44e-07,478.1422256,1106.725145,1502.718691,-11.1164355,1229.0994,122.37422023437489,1597.6383,94.91961466406246,-11.268814,-0.1523785869140628
219,CC(C)C1=PC(C(C)C)P=C1C(C)C,CC(C)(C)C1=PC(C(C)(C)C)P=C1C(C)(C)C,5,5,4.55e-07,5.42e-07,20.00180187,-13.34795283,1.63e-07,471.9987888,1261.713583,1428.89884,-11.01356,1214.0897,-47.62386132031247,1591.8827,162.98385042968744,-11.287654,-0.27409392303466795
220,CC(C)(C)C1=PC(C(C)(C)C)P=C1C(C)(C)C,CC(C)(C)C1=PC(C(C)(C)C)P=C1C(C)(C)C,5,5,3.2e-06,3.95e-06,20.00431887,-12.95250597,1.19e-06,462.8042938,1070.209626,1512.108275,-11.170369,1145.1555,74.94589157812493,1537.5948,25.48657363281245,-11.219038,-0.04866900964355381
221,CCC1=PC(CC)P=C1CC,CCC1=PC(CC)P=C1CC,5,5,2.95e-06,3.28e-06,19.98058445,-12.90539477,1.04e-06,422.5293651,1046.42173,1504.595969,-11.189158,1258.414,211.99221042968747,1592.7616,88.16562767968753,-11.345842,-0.1566843614501945
222,CC(C)C1=PC(C(C)C)P=C1C(C)C,CCC1=PC(CC)P=C1CC,5,5,2.2e-07,4.1e-07,20.00283468,-13.20809034,1.18e-07,459.9730966,1263.497898,1429.751374,-11.022962,1239.5513,-23.946628468750077,1581.3599,151.60848928125006,-11.355954,-0.3329921702270511
223,CC(C)(C)C1=PC(C(C)(C)C)P=C1C(C)(C)C,CCC1=PC(CC)P=C1CC,5,5,1.98e-06,2.3e-06,20.00345014,-12.96197596,7.18e-07,467.5839355,1084.560022,1513.662766,-11.0249475,1163.747,79.18692624218761,1516.0648,2.4020533359375804,-11.226437,-0.2014891149902347
224,CC(C)C1=PC(C(C)C)P=C1C(C)C,CC(C)C1=PC(C(C)C)P=C1C(C)C,5,5,1.01e-05,1.18e-05,19.9885163,-13.33745867,3.65e-06,456.1273308,1101.346826,1468.211843,-11.262211,1228.8522,127.50534685156254,1580.9951,112.78327418749996,-11.312828,-0.05061706396484311
227,CC1=PC(C)C(C)=C1C,CC(C)=C(C)C,5,2,1.2e-05,1.38e-05,19.98861902,-21.9997369,4.3e-06,606.3721328,1835.964054,2164.6909,-11.5385095,1723.0096,-112.95441044531253,2022.0464,-142.64451328125006,-11.238806,0.29970372912597654
228,CCC1=PC(CC)C(CC)=C1CC,CC(C)=C(C)C,5,2,8.13e-06,9.3e-06,19.99117232,-22.07809514,2.9e-06,609.6205515,1852.433243,2170.914602,-11.4712785,1730.6932,-121.74000569531245,2065.1638,-105.75078364062483,-11.310983,0.16029579583740272
233,CCC1=PC(CC)C(CC)=C1CC,CC(C)C(=C(C(C)C)C(C)C)C(C)C,5,2,4.18e-05,4.99e-05,19.97069399,-21.8678658,1.53e-05,590.7526978,1478.550985,1924.271982,-11.433395,1364.0043,-114.54671253906258,1608.2089,-316.0631196953125,-11.098385,0.3350101428222665
236,C1=CCP=C1,CC(C)C(=C(C(C)C)C(C)C)C(C)C,5,2,0.15798442,0.499957961,19.16941363,-5.032850836,0.109657064,50.56680743,1.43e-07,17.22994248,-5.22132375,726.49854,726.49853501325,782.3297,765.0997694340625,-9.524878,-4.303553798217774
241,B1=CC=CC1,C=C,5,2,1.26e-06,1.31e-06,20.00770653,-17.23586154,4.36e-07,532.6662726,1622.754392,1776.438033,-10.9439885,1517.1846,-105.56982168750005,1676.7449,-99.6931599531249,-10.945361,-0.0013726373901370437
242,CC1=BC(C)C(C)=C1C,C=C,5,2,1.82e-06,1.85e-06,20.00650159,-18.12659592,6.18e-07,549.7499406,1699.446114,1795.394734,-10.897239,1522.6633,-176.78278392187508,1687.9796,-107.41511974218747,-10.971455,-0.07421562036132734
243,CC1=BC(C)C(C)=C1C,CC(C)=C(C)C,5,2,4.91e-07,5.79e-07,20.00343982,-17.76665575,1.68e-07,531.3988075,1674.536036,1701.211691,-11.055897,1525.8782,-148.65786217187497,1758.6119,57.40024747656253,-11.207052,-0.15115523083496107
244,CCC1=BC(CC)C(CC)=C1CC,CC(C)=C(C)C,5,2,1.79e-06,1.94e-06,20.00356501,-18.39835451,6.23e-07,555.9945678,1731.687422,1795.029653,-10.93612,1435.1597,-296.52775403124997,1691.3728,-103.65685026562505,-11.195794,-0.2596741055297844
245,CC(C)C1=BC(C(C)C)C(C(C)C)=C1C(C)C,CC(C)=C(C)C,5,2,0.001121686,0.001599043,19.91690724,-13.91970926,0.000453455,413.5551613,671.7562434,973.5911737,-10.959013,1284.2931,612.5368474203125,1573.2303,599.6391729796875,-11.034778,-0.07576464129638616
246,CC(C)C1C(C(C)(C)C)=BC(C(C)(C)C)=C1C(C)(C)C,CC(C)=C(C)C,5,2,2.89e-06,3.25e-06,19.99506963,-23.38672236,1.03e-06,690.9328578,1919.149408,2063.833726,-10.888855,1295.4362,-623.7132507734375,1667.5288,-396.30491740624984,-10.926287,-0.037431697387695806
247,CC(C)C1C(C(C)(C)C)=BC(C(C)(C)C)=C1C(C)(C)C,CCC(CC)=C(CC)CC,5,2,3.36e-05,4.08e-05,19.96418168,-19.76658858,1.24e-05,550.3273919,1296.387048,1860.865345,-11.40053,1042.3777,-254.00936245312505,1326.8899,-533.9754524218749,-10.722977,0.6775533154296873
248,CC(C)C1C(C(C)(C)C)=BC(C(C)(C)C)=C1C(C)(C)C,CC(C)C(=C(C(C)C)C(C)C)C(C)C,5,2,0.009029095,0.015126219,19.81585844,-11.4304684,0.004025886,284.2725773,284.2725773,535.3598903,-8.75564775,860.1484,575.8757991648438,939.99426,404.63437239531254,-10.111251,-1.3556031273803715
249,CCC1=BC(CC)C(CC)=C1CC,CCC(CC)=C(CC)CC,5,2,3.96e-06,5.15e-06,20.00032437,-18.41340014,1.52e-06,540.3010388,1545.478813,1730.273577,-11.288433,1223.5797,-321.89910108593745,1431.9094,-298.36415317187493,-11.040941,0.24749176159667918
250,CC(C)C1=BC(C(C)C)C(C(C)C)=C1C(C)C,CCC(CC)=C(CC)CC,5,2,0.002492846,0.003744666,19.87729437,-13.05933702,0.001039585,376.2086116,606.6905814,766.9668724,-10.678837,1050.5221,443.83151332656246,1252.6128,485.64592056874994,-10.770446,-0.0916088236694339
251,CC(C)(C)C1=BC(C(C)(C)C)C(C(C)(C)C)=C1C(C)(C)C,CCC(CC)=C(CC)CC,5,2,0.000889003,0.001244159,19.93165048,-11.30378152,0.000355527,369.6224884,567.76579,937.8987257,-10.88006875,953.6653,385.89949320312496,1172.0654,234.1667039875,-10.632945,0.24712368927001904
252,B1=CC=CC1,CC(C)C(=C(C(C)C)C(C)C)C(C)C,5,2,2.63e-05,3.1e-05,19.99873989,-14.89884587,9.54e-06,480.3789741,1265.37757,1423.088494,-11.302025,1068.9819,-196.3956364062501,1155.6283,-267.4601981015626,-10.228954,1.0730706848144536
257,C1=PCP=C1,C=C,5,2,0.007868979,0.013238782,19.73024805,-17.7133233,0.00351796,331.9325797,689.7370629,720.3639798,-9.27168825,598.5239,-91.21313711874996,752.4862,32.12222625468746,-9.25364,0.018048075134277752
258,CC1=PC(C)P=C1C,C=C,5,2,0.006174605,0.010259865,19.74045182,-17.71378345,0.002739078,334.4707323,678.5901602,748.8838575,-9.61850325,875.6636,197.07341401875,929.59467,180.71080802734377,-9.422532,0.19597116839599593
259,CC1=PC(C)P=C1C,CC(C)=C(C)C,5,2,0.000276467,0.000363622,19.96590361,-16.32474827,0.000106681,386.4773395,722.182295,1106.730613,-10.714966,1317.7631,595.5807665234375,1770.0867,663.356056921875,-11.0817795,-0.3668134799804683
260,CCC1=PC(CC)P=C1CC,CC(C)=C(C)C,5,2,8.55e-06,9.77e-06,19.98620926,-21.50071538,3.05e-06,580.0367164,1455.546392,2015.43839,-11.4721925,1431.8141,-23.73230508593747,1911.507,-103.93143199218753,-11.13468,0.3375127056884768
273,B1=CC=BC1,C=C,5,2,0.000191251,0.000252477,19.91876216,-11.81338901,7.4e-05,285.368654,488.0599302,924.119855,-10.0629025,248.61267,-239.4472593015625,713.0682,-211.05167873046878,-9.39698,0.6659222143554686
274,CC1=BC(C)B=C1C,C=C,5,2,1.9e-05,2.58e-05,19.89186891,-11.60811478,7.47e-06,288.3909998,687.9685135,1159.909859,-10.7957415,797.04224,109.07372282812503,943.519,-216.39087706640635,-10.324618,0.4711231604614259
275,CC1=BC(C)B=C1C,CC(C)=C(C)C,5,2,3.31e-06,1.3e-05,19.95516387,-14.46250459,2.71e-06,370.7115977,1141.725715,1530.014484,-11.2643205,1215.8147,74.08898226562496,1485.3585,-44.65596349218754,-11.222747,0.04157365093994159
276,CCC1=BC(CC)B=C1CC,CC(C)=C(C)C,5,2,2.02e-05,2.82e-05,19.93156691,-13.59322824,8.06e-06,316.7374489,1056.876549,1366.553385,-11.10140625,1170.2618,113.38529182031243,1462.2526,95.69917847656257,-11.118798,-0.017392005920410014
277,CC(C)C1=BC(C(C)C)B=C1C(C)C,CC(C)=C(C)C,5,2,0.000103655,0.000142565,19.86801568,-11.501042,4.1e-05,274.7033691,725.3837344,890.608099,-10.4505675,1195.8762,470.492486303125,1472.949,582.340875609375,-11.010697,-0.5601298648071289
281,CC1=BC(C)B=C1C,CCC(CC)=C(CC)CC,5,2,6.4e-05,8.17e-05,19.95046481,-12.89424635,2.43e-05,358.8927115,988.8071204,1189.066385,-11.080245,1075.4104,86.60327999062497,1228.008,38.94167164062492,-10.791339,0.28890607940673796
289,CC1=PC(C)C(C)=C1C,CC1=PC(C)C(C)=C1C,5,5,4.4e-06,4.94e-06,19.98209898,-15.14746734,1.56e-06,506.3679597,1241.767886,1559.218385,-11.26536,1515.4333,273.6654636093749,1714.1677,154.9493396093751,-11.245989,0.01937115417480406
290,CCC1=PC(CC)C(CC)=C1CC,CCC1=PC(CC)C(CC)=C1CC,5,5,4.47e-06,5.08e-06,19.98297077,-15.59347827,1.59e-06,532.4394623,1278.759376,1688.075549,-11.324643,1531.7488,252.98940329687503,1728.4316,40.35609162500009,-11.13772,0.18692289196777345
291,CC(C)C1=PC(C(C)C)C(C(C)C)=C1C(C)C,CC(C)C1=PC(C(C)C)C(C(C)C)=C1C(C)C,5,5,4.31e-06,4.98e-06,19.98942533,-15.20704768,1.55e-06,527.4128032,1413.116706,1613.797274,-11.310668,1501.6584,88.54174126562498,1729.6974,115.90011369531248,-11.123598,0.1870699012451169
292,CC(C)(C)C1=PC(C(C)(C)C)C(C(C)(C)C)=C1C(C)(C)C,CC(C)(C)C1=PC(C(C)(C)C)C(C(C)(C)C)=C1C(C)(C)C,5,5,1.72e-05,1.95e-05,19.98071692,-16.36097731,6.12e-06,544.7114683,1118.292349,1590.148241,-11.472054,1318.5837,200.29139123437494,1715.8497,125.7014904453124,-11.368519,0.10353517065429685
293,C1CCC(c2[pH]c(C3CCCCC3)c(C3CCCCC3)c2C2CCCCC2)CC1,C1CCC(c2[pH]c(C3CCCCC3)c(C3CCCCC3)c2C2CCCCC2)CC1,5,5,1.04e-06,1.14e-06,20.0002991,-14.122689,3.58e-07,482.7195086,1176.591289,1540.131104,-11.0598385,1248.2369,71.64564947656254,1533.6342,-6.49694872656255,-11.155562,-0.09572390081787141
294,B1C(C2CCCCC2)=C(C2CCCCC2)C(C2CCCCC2)=C1C1CCCCC1,C1CCC(c2[pH]c(C3CCCCC3)c(C3CCCCC3)c2C2CCCCC2)CC1,5,5,1.23e-05,1.7e-05,19.91215457,-14.29011119,4.88e-06,464.4582014,1009.319106,1373.706105,-11.072822,1221.4453,212.12620649999997,1532.9519,159.24579929687502,-11.310382,-0.23755988934326133
295,B1C(C2CCCCC2)=C(C2CCCCC2)C(C2CCCCC2)=C1C1CCCCC1,B1C(C2CCCCC2)=C(C2CCCCC2)C(C2CCCCC2)=C1C1CCCCC1,5,5,1.39e-05,1.7e-05,19.96059568,-16.12943416,5.14e-06,534.3830741,1334.680627,1708.817852,-11.478201,1342.7537,8.073035109375041,1609.5092,-99.3086967265624,-11.221779,0.25642213037109407
296,CC1=C(C)C(C)C(C)=C1C,[pH]1[pH][pH][pH][pH]1,5,5,6.67e-07,1.22e-06,19.99968926,-14.98586893,3.21e-07,524.2433047,1246.803233,1507.092056,-11.036919,1517.507,270.7037250078124,1653.0522,145.96019009375004,-11.158394,-0.12147485986328199
297,CCC1=C(CC)C(CC)C(CC)=C1CC,[pH]1[pH][pH][pH][pH]1,5,5,4.42e-07,9.7e-07,20.00045714,-15.42019744,2.37e-07,544.3959708,1282.964808,1696.192099,-11.126058,1532.7366,249.77176426562505,1690.6261,-5.566000367187598,-11.175792,-0.04973374041748002
298,CC(C)C1=C(C(C)C)C(C(C)C)C(C(C)C)=C1C(C)C,[pH]1[pH][pH][pH][pH]1,5,5,6.91e-07,7.73e-07,20.00594177,-15.0001382,2.58e-07,565.2874108,1433.323306,1636.583076,-11.076807,1287.9574,-145.3659085390625,1502.4523,-134.1308054921874,-11.1607065,-0.08389952008056589
299,[pH]1[pH][pH][pH][pH]1,CC(C)(C)C1=C(C(C)(C)C)C(C(C)(C)C)C(C(C)(C)C)=C1C(C)(C)C,5,5,1.84e-05,2.08e-05,20.00041905,-13.94872349,6.53e-06,539.2562644,988.4092853,1384.244652,-11.232353,1029.5232,41.113908059375035,1401.3934,17.148780617187413,-11.173226,0.05912664349365215
300,C1CCC(C2=C(C3CCCCC3)C(C3CCCCC3)C(C3CCCCC3)=C2C2CCCCC2)CC1,[pH]1[pH][pH][pH][pH]1,5,5,4.38e-06,5.02e-06,19.98992521,-12.17831701,1.57e-06,461.7073132,1043.856513,1495.6212,-11.151106,1154.9944,111.13787176562505,1459.152,-36.469222460937544,-11.308747,-0.157641291564941
301,[pH]1[pH][pH][pH][pH]1,[pH]1[pH][pH][pH][pH]1,5,5,2.54e-06,2.98e-06,20.00149408,-10.62536838,9.21e-07,352.4258252,1011.330235,1512.566553,-11.1844585,1192.8597,181.52950621093748,1456.2706,-56.29592311718761,-11.085131,0.09932780847167955
302,CC1=C(C)C(C)=C1C,[pH]1[pH][pH][pH][pH]1,4,5,1.87e-05,1.93e-05,15.99143691,-42.17250265,6.32e-06,1329.846703,2756.497833,1721.59281,-10.10141286,2021.4453,-735.0525204999999,1766.2649,44.6720825781249,-10.199028,-0.09761515513671881
303,CCC1=C(CC)C(CC)=C1CC,[pH]1[pH][pH][pH][pH]1,4,5,6.24e-05,6.48e-05,15.96708687,-47.58702091,2.12e-05,1344.604194,2786.282749,1673.979264,-9.986452,1726.4626,-1059.820102515625,1596.7866,-77.19264290625006,-10.408106,-0.4216538502197267
304,CC(C)C1=C(C(C)C)C(C(C)C)=C1C(C)C,[pH]1[pH][pH][pH][pH]1,4,5,2.25e-05,3.59e-05,19.928242,-12.81621622,9.74e-06,373.1735598,676.9760459,1217.172519,-11.171712,1197.7064,520.7303749984375,1280.83,63.657437054687534,-10.507068,0.6646443196411127
305,CC(C)(C)C1=C(C(C)(C)C)C(C(C)(C)C)=C1C(C)(C)C,[pH]1[pH][pH][pH][pH]1,4,5,0.002080123,0.003147568,19.83950851,-15.76873681,0.000871282,470.7713229,766.534041,888.3329667,-10.39770925,851.7665,85.2324384921875,1012.63916,124.30619345624996,-10.232733,0.1649764771728517
306,C1CCC(C2=C(C3CCCCC3)C(C3CCCCC3)=C2C2CCCCC2)CC1,[pH]1[pH][pH][pH][pH]1,6,5,5.34e-06,5.76e-06,19.99802811,-12.81782654,1.85e-06,442.0348278,1209.502268,1443.286096,-11.16032,1232.9227,23.420461492187542,1500.0999,56.81375751562496,-11.371662,-0.21134213989257766
309,CC1=C(C)C(C)=C1C,CC(C)C1=PC(C(C)C)P=C1C(C)C,4,5,1.13e-05,1.38e-05,19.97685622,-17.01338634,4.18e-06,506.6834348,1133.308202,1585.792674,-11.377933,1204.0026,70.69436147656256,1535.106,-50.686716968750034,-11.332847,0.045086358459473175
310,CC1=C(C)C(C)=C1C,CC(C)(C)C1=PC(C(C)(C)C)P=C1C(C)(C)C,4,5,7.66e-06,9.56e-06,19.97603432,-16.90587483,2.87e-06,517.6437189,1120.35488,1591.647264,-11.333513,1193.872,73.5170682421874,1570.408,-21.23930501562495,-11.400003,-0.06649043322753911
311,CCC1=C(CC)C(CC)=C1CC,CC(C)(C)C1=PC(C(C)(C)C)P=C1C(C)(C)C,4,5,1.56e-05,2.06e-05,19.99859849,-17.82535713,6.02e-06,611.6552461,1470.180163,1639.524836,-11.452635,1355.3737,-114.8065057734375,1735.0052,95.48041302343745,-11.278573,0.17406196380615313
312,CC(C)C1=C(C(C)C)C(C(C)C)=C1C(C)C,CC(C)(C)C1=PC(C(C)(C)C)P=C1C(C)(C)C,4,5,4.36e-07,6.64e-07,20.00109845,-16.58973401,1.72e-07,549.083398,1336.923943,1703.41461,-11.175661,1388.4968,51.57288317187499,1795.2893,91.87469664062496,-11.333408,-0.15774735571289078
313,CC(C)(C)C1=C(C(C)(C)C)C(C(C)(C)C)=C1C(C)(C)C,CC(C)(C)C1=PC(C(C)(C)C)P=C1C(C)(C)C,4,5,1.53e-06,1.8e-06,20.00133696,-17.43162232,5.63e-07,592.3805947,1397.383158,1777.923023,-11.1046775,1383.6531,-13.730081828125094,1757.662,-20.261035695312557,-11.222764,-0.1180865151977546
314,CCC1=C(CC)C(CC)=C1CC,CC1=PC(C)P=C1C,4,5,1.98e-05,2.7e-05,19.98914425,-17.25569011,7.8e-06,557.3725833,1421.431303,1631.016344,-11.515499,1425.636,4.204683328124929,1742.7006,111.68421752343761,-11.268944,0.2465552133789064
315,CC(C)C1=C(C(C)C)C(C(C)C)=C1C(C)C,CC1=PC(C)P=C1C,4,5,7.88e-07,8.67e-07,19.99999382,-16.74026524,2.79e-07,537.9050002,1361.504479,1697.575086,-11.098043,1434.9691,73.46463721093755,1758.5942,61.019152281249944,-11.256869,-0.15882631610107367
316,CC(C)(C)C1=C(C(C)(C)C)C(C(C)(C)C)=C1C(C)(C)C,CC1=PC(C)P=C1C,4,5,1.52e-06,1.79e-06,19.99943941,-17.41744545,5.49e-07,574.3866403,1412.27389,1777.923023,-11.1067045,1348.4463,-63.82760093749994,1637.1342,-140.78886772656256,-11.090654,0.016050126831054
317,CC(C)(C)C1=C(C(C)(C)C)C(C(C)(C)C)=C1C(C)(C)C,CCC1=PC(CC)P=C1CC,4,5,1.73e-06,2.03e-06,19.99920185,-17.53155122,6.27e-07,577.1985758,1422.430276,1777.923023,-11.1314355,1332.3656,-90.06467541406255,1614.808,-163.11503960156256,-11.026353,0.10508261761474635
324,CC1=C(C)C(C)=C1C,CC1=BC(C)B=C1C,4,5,1.88e-05,2.07e-05,19.98431797,-15.91614534,6.58e-06,450.8924101,1277.786632,1481.969471,-11.412477,1253.1344,-24.652232585937554,1526.3395,44.37000653906239,-11.397324,0.01515339160156337
325,CC1=C(C)C(C)=C1C,CCC1=BC(CC)B=C1CC,4,5,2.07e-05,2.34e-05,19.9850635,-16.12118587,7.35e-06,457.9778819,1297.02222,1517.870259,-11.425567,1270.0503,-26.97192703125006,1563.8005,45.93027810937497,-11.38676,0.03880724200439367
326,CC1=C(C)C(C)=C1C,CC(C)C1=BC(C(C)C)B=C1C(C)C,4,5,3.21e-05,3.91e-05,19.98346291,-16.42418858,1.19e-05,478.8204254,1083.652316,1488.416052,-11.390156,1275.9414,192.28909025000007,1589.5061,101.09005151562496,-11.370361,0.01979467187499928
327,CC1=C(C)C(C)=C1C,CC(C)(C)C1=BC(C(C)(C)C)B=C1C(C)(C)C,4,5,6.18e-06,7.26e-06,19.97853657,-15.92275965,2.24e-06,487.1216403,1311.549351,1605.244953,-11.327231,1283.6537,-27.895664476562388,1609.5881,4.343181765625104,-11.372705,-0.04547445959472718
329,CC(C)C1=C(C(C)C)C(C(C)C)=C1C(C)C,CC(C)(C)C1=BC(C(C)(C)C)B=C1C(C)(C)C,4,5,8.11e-06,1.05e-05,19.99470913,-17.90583083,3.1e-06,573.0089461,1242.20814,1653.20505,-11.406813,1461.3632,219.15501917968754,1770.5176,117.31252812499997,-11.288013,0.11879954174804652
330,CC(C)(C)C1=C(C(C)(C)C)C(C(C)(C)C)=C1C(C)(C)C,CC(C)(C)C1=BC(C(C)(C)C)B=C1C(C)(C)C,4,5,5.45e-06,5.9e-06,19.99553107,-19.16471641,1.89e-06,606.1189759,1591.650262,1693.945049,-10.991681,1348.7477,-242.9025813359376,1606.3679,-87.57712907812493,-11.03308,-0.04139910101318378
331,CCC1=C(CC)C(CC)=C1CC,CC1=BC(C)B=C1C,4,5,1.82e-05,2.06e-05,19.98658899,-16.39596818,6.46e-06,465.5622882,1317.587355,1527.23054,-11.428802,1353.1088,35.52140964843761,1606.5364,79.30583695312498,-11.340567,0.0882353648681633
332,CC(C)C1=C(C(C)C)C(C(C)C)=C1C(C)C,CC1=BC(C)B=C1C,4,5,1.03e-05,1.11e-05,19.99919809,-16.20361499,3.57e-06,488.1550241,1356.94777,1635.400012,-11.42571,1366.7384,9.790633320312509,1613.9521,-21.44786356250006,-11.302809,0.12290123840332079
333,CC(C)(C)C1=C(C(C)(C)C)C(C(C)(C)C)=C1C(C)(C)C,CC1=BC(C)B=C1C,4,5,2.06e-06,2.56e-06,19.99797895,-17.8819295,7.76e-07,632.7832954,1469.783262,1777.630444,-11.0637695,1320.7401,-149.04314969531242,1523.7185,-253.9119381406249,-11.146043,-0.08227332379150454
334,CC(C)(C)C1=C(C(C)(C)C)C(C(C)(C)C)=C1C(C)(C)C,CCC1=BC(CC)B=C1CC,4,5,5.7e-06,7.13e-06,19.99855956,-17.87280633,2.14e-06,622.8412067,1466.08153,1716.815861,-11.2893,1307.0015,-159.08006515624993,1540.4907,-176.32513834375004,-11.108906,0.18039420776367265
335,CC(C)(C)C1=C(C(C)(C)C)C(C(C)(C)C)=C1C(C)(C)C,CC(C)C1=BC(C(C)C)B=C1C(C)C,4,5,7.09e-05,7.77e-05,19.96534064,-14.19909642,2.48e-05,456.5753508,1146.690838,1340.506313,-11.220345,1311.3673,164.67647157031251,1584.7878,244.2815287968749,-11.115826,0.10451934692382814
336,CCC1=C(CC)C(CC)=C1CC,CCC1=BC(CC)B=C1CC,4,5,1.49e-05,1.66e-05,19.9879653,-16.6171133,5.24e-06,484.4555856,1331.446212,1610.993295,-11.431405,1380.4652,49.01899796093744,1654.3741,43.38085050781251,-11.316927,0.114478043823242
337,CCC1=C(CC)C(CC)=C1CC,CC(C)C1=BC(C(C)C)B=C1C(C)C,4,5,1.03e-05,1.2e-05,19.98259905,-16.0294149,3.71e-06,487.3918219,1327.47071,1627.925349,-11.423696,1393.3115,65.84081343749995,1693.725,65.7996265859374,-11.300799,0.12289663018798791
338,CC1=C(C)C(C)=C1C,B1=C(C2CCCCC2)BC(C2CCCCC2)=C1C1CCCCC1,4,5,4.71e-06,5.1e-06,19.99877668,-15.92480086,1.64e-06,499.995754,1313.725002,1628.420602,-11.322864,1345.1443,31.419285109375096,1488.5051,-139.91547504687492,-11.131116,0.19174808660888587
339,C1CCC(C2=C(C3CCCCC3)C(C3CCCCC3)=C2C2CCCCC2)CC1,B1=C(C2CCCCC2)BC(C2CCCCC2)=C1C1CCCCC1,4,5,4.24e-06,5.65e-06,19.98586479,-16.15875865,1.65e-06,487.1796756,1164.260673,1585.884428,-11.28124,1268.0872,103.826485203125,1565.3717,-20.51272389843757,-11.285738,-0.004497991333007434
340,C1CCC(C2=C(C3CCCCC3)C(C3CCCCC3)=C2C2CCCCC2)CC1,CC1=BC(C)B=C1C,4,5,6.36e-05,9.03e-05,19.90045898,-12.64080113,2.56e-05,380.6045556,846.7497759,1114.694788,-11.0124635,958.3683,111.61851023281247,1311.7234,197.02860067187498,-11.264877,-0.25241381933593665
341,[pH]1[pH][pH][pH][pH]1,P1=PP=P1,5,4,2.23e-05,2.68e-05,19.95994651,-12.63720277,8.19e-06,382.1019499,911.8686438,1242.51284,-11.184727,1051.4381,139.56946655156253,1363.5137,121.0008318749999,-11.07227,0.1124566066284185
342,CC1=PC(C)=P1,CC1=PC(C)P=C1C,4,5,1.5e-05,1.74e-05,19.98024707,-13.72450874,5.39e-06,412.0001566,1108.690498,1408.945839,-11.276882,1170.7577,62.067192429687566,1516.1564,107.21053307031252,-11.255251,0.021631069213867704
343,CCC1=PC(CC)=P1,CC1=PC(C)P=C1C,4,5,1.52e-05,1.78e-05,19.98100348,-13.83213703,5.5e-06,422.9189251,1123.248993,1417.285052,-11.292832,1209.0469,85.79788200000007,1544.5442,127.25913745312505,-11.304152,-0.01131953503417904
344,CCC1=PC(CC)=P1,CCC1=PC(CC)P=C1CC,4,5,1.48e-05,1.73e-05,19.98161433,-13.90409712,5.35e-06,423.9269913,1127.78455,1417.285052,-11.289462,1193.396,65.61144609374992,1557.1903,139.90525561718755,-11.326412,-0.036950200927734045
345,CCC1=PC(CC)=P1,CC(C)C1=PC(C(C)C)P=C1C(C)C,4,5,1.66e-05,1.97e-05,19.95876468,-14.68636667,6.05e-06,459.1503173,1192.259603,1418.816308,-11.290747,1204.8403,12.58072903125003,1586.2084,167.39206602343756,-11.325354,-0.03460662243652379
346,CCC1=PC(CC)=P1,CC(C)(C)C1=PC(C(C)(C)C)P=C1C(C)(C)C,4,5,5.43e-06,6.2e-06,19.98620505,-14.617023,1.94e-06,462.6060325,1197.858194,1499.904422,-11.235083,1176.0223,-21.835855132812412,1552.2284,52.32397155468743,-11.222372,0.01271094494628855
347,CC(C)C1=PC(C(C)C)=P1,CC(C)(C)C1=PC(C(C)(C)C)P=C1C(C)(C)C,4,5,2.96e-06,4.37e-06,19.99784563,-14.86630346,1.22e-06,467.194979,1215.238264,1558.742368,-11.2321775,1195.163,-20.075300132812572,1591.8269,33.08453629687506,-11.269366,-0.03718876434326113
348,CC(C)(C)C1=PC(C(C)(C)C)=P1,CC(C)(C)C1=PC(C(C)(C)C)P=C1C(C)(C)C,4,5,5.7e-06,6.78e-06,19.98568391,-14.27389722,2.08e-06,450.8949116,1163.4263,1499.511663,-11.287741,1158.8035,-4.622833203125083,1541.0626,41.5509590703125,-11.159414,0.12832670861816453
349,CCC1=PC(CC)=P1,CCC1=PC(CC)P=C1CC,4,5,1.47e-05,1.72e-05,19.98164107,-13.90162795,5.32e-06,423.8995494,1127.635514,1417.285052,-11.289462,1193.396,65.76048209374994,1557.1903,139.90525561718755,-11.326412,-0.036950200927734045
350,CC(C)(C)C1=PC(C(C)(C)C)=P1,CC(C)C1=PC(C(C)C)P=C1C(C)C,4,5,8.81e-06,9.83e-06,19.99129808,-14.44038535,3.11e-06,462.0001149,1179.238861,1511.310483,-11.32981,1188.3773,9.138458335937457,1583.6812,72.37066934375002,-11.252761,0.07704911285400406
351,CC1B2B1C2C,CC1=BC(C)B=C1C,4,5,1.9e-05,2.24e-05,19.97564487,-15.6380149,6.9e-06,458.9624572,1216.984042,1480.684662,-11.327363,1212.593,-4.391024421875045,1518.9797,38.29507432812511,-11.433843,-0.10647965899658196
352,CCC1B2B1C2CC,CC1=BC(C)B=C1C,4,5,1.65e-05,1.94e-05,19.97644112,-15.5749529,5.98e-06,458.4749065,1212.286041,1480.684662,-11.330787,1293.1698,80.88375880468743,1594.461,113.77639757031261,-11.482829,-0.15204209393310464
353,CCC1B2B1C2CC,CCC1=BC(CC)B=C1CC,4,5,1.81e-05,2.12e-05,19.97563474,-15.67587321,6.55e-06,458.8473897,1222.103403,1480.684662,-11.338483,1293.2382,71.13475617968743,1614.2616,133.5769346796876,-11.48023,-0.14174733142089835
354,CCC1B2B1C2CC,CC(C)C1=BC(C(C)C)B=C1C(C)C,4,5,6.76e-07,7.3e-07,19.99018613,-16.27493185,2.38e-07,486.9189278,1282.842721,1576.74039,-11.079903,1233.5295,-49.31317998437498,1572.7092,-4.031161484374934,-11.47894,-0.39903701007080095
355,CCC1B2B1C2CC,CC(C)(C)C1=BC(C(C)(C)C)B=C1C(C)(C)C,4,5,5.17e-06,5.98e-06,19.9807194,-16.34657508,1.86e-06,476.0351941,1276.484053,1561.272244,-11.268967,1166.4697,-110.0143264374999,1505.2522,-56.020046734375,-11.397318,-0.1283508863525391
356,CC(C)C1B2B1C2C(C)C,CC(C)(C)C1=BC(C(C)(C)C)B=C1C(C)(C)C,4,5,5.56e-06,6.49e-06,19.98311005,-16.41888728,2.01e-06,478.8057019,1284.995524,1596.780273,-11.331466,1164.3824,-120.61307771093743,1526.5729,-70.20739702343758,-11.404076,-0.07260962255859305
357,CC(C)(C)C1B2B1C2C(C)(C)C,CC(C)(C)C1=BC(C(C)(C)C)B=C1C(C)(C)C,4,5,1.13e-05,1.33e-05,19.98178815,-16.70023426,4.11e-06,489.8245822,1071.079536,1577.073445,-11.360941,1092.867,21.787407359375038,1450.1099,-126.96358171874999,-11.232383,0.12855822564697306
358,CCC1B2B1C2CC,CCC1=BC(CC)B=C1CC,4,5,5.84e-06,6.43e-06,19.99700892,-16.39552776,2.05e-06,505.4769262,1285.043118,1618.851329,-11.372509,1293.2382,8.19504117968745,1614.2616,-4.589732320312578,-11.48023,-0.10772133142089757
359,CC(C)(C)C1B2B1C2C(C)(C)C,CC(C)C1=BC(C(C)C)B=C1C(C)C,4,5,2e-05,2.36e-05,19.97574512,-16.29248146,7.26e-06,479.1887333,1041.880375,1488.470258,-11.316016,1173.7787,131.89831152343754,1546.8901,58.41987871874994,-11.39987,-0.08385391882324278
360,CC1B2B1C2C,CC1=PC(C)P=C1C,4,5,0.000287069,0.000413363,19.86512654,-14.86206008,0.000116739,374.7241161,893.9677738,884.4324747,-10.550999,879.37195,-14.595825557812532,878.2944,-6.138102141406193,-10.367407,0.1835921549072257
361,CCC1B2B1C2CC,CC1=PC(C)P=C1C,4,5,0.000208503,0.000295652,19.86948846,-14.93406442,8.4e-05,380.8461422,901.7096104,884.2635626,-10.440724,906.704,4.994369092187526,880.724,-3.5395635765625,-10.347407,0.09331665899658148
362,CCC1B2B1C2CC,CCC1=PC(CC)P=C1CC,4,5,0.00022008,0.000313338,19.86571824,-14.94111638,8.89e-05,378.4021025,900.1229554,884.2635626,-10.430034,860.52734,-39.59561165000002,892.0808,7.817247946875,-10.541443,-0.11140887109375086
363,CCC1B2B1C2CC,CC(C)C1=PC(C(C)C)P=C1C(C)C,4,5,9.27e-05,0.000123696,19.88828334,-15.24700403,3.61e-05,394.4906985,919.0490143,1079.515927,-10.989575,848.3329,-70.71612855781245,923.3133,-156.20263354296867,-10.63605,0.3535247756958011
364,CCC1B2B1C2CC,CC(C)(C)C1=PC(C(C)(C)C)P=C1C(C)(C)C,4,5,0.000160109,0.000223195,19.87912718,-15.37134989,6.39e-05,393.2055969,922.8588722,899.160282,-10.625552,851.5808,-71.27806165312495,941.7736,42.6133386054687,-10.624482,0.0010698451538093678
365,CC(C)C1B2B1C2C(C)C,CC(C)(C)C1=PC(C(C)(C)C)P=C1C(C)(C)C,4,5,0.000164238,0.000221526,19.91552544,-15.54404342,6.43e-05,417.045172,938.8162439,1113.982926,-10.628278,900.1354,-38.68086792343752,978.41644,-135.56648312890616,-10.59701,0.03126834118652333
366,CC(C)(C)C1B2B1C2C(C)(C)C,CC(C)(C)C1=PC(C(C)(C)C)P=C1C(C)(C)C,4,5,0.000184138,0.000253414,19.91192583,-15.47069365,7.29e-05,416.6329371,920.1461003,1112.860752,-10.641121,909.5415,-10.604596393749944,990.0268,-122.8339575664063,-10.633867,0.0072537362060547395
367,CCC1B2B1C2CC,CC1=PC(C)P=C1C,4,5,0.000208282,0.000295281,19.86996095,-14.93237336,8.39e-05,380.9072855,901.5749744,884.2635626,-10.440724,906.704,5.129005092187526,880.724,-3.5395635765625,-10.347407,0.09331665899658148
368,CC(C)C1B2B1C2C(C)C,CCC1=PC(CC)P=C1CC,4,5,0.000195087,0.000267018,19.86847327,-14.67087217,7.7e-05,363.6362297,871.5796718,859.8886873,-10.437874,865.31287,-6.266805589062528,896.59094,36.702255082812485,-10.491281,-0.053406555725096894
369,CC(C)(C)C1B2B1C2C(C)(C)C,CCC1=PC(CC)P=C1CC,4,5,0.000195371,0.000268179,19.88110985,-14.82359927,7.73e-05,374.0599098,627.7566867,872.6057289,-10.612096,870.0923,242.33559845624995,901.2308,28.62504502578122,-10.512001,0.10009496240234306
370,CC(C)(C)C1B2B1C2C(C)(C)C,CC(C)C1=PC(C(C)C)P=C1C(C)C,4,5,0.000158342,0.000215483,19.90931754,-15.26473578,6.23e-05,407.12259,918.2645493,1056.540121,-10.6373705,893.04297,-25.22158055,964.6542,-91.8859461953125,-10.61514,0.022230538757323615
371,CC(C)C1B2B1C2C(C)C,CC1=PC(C)P=C1C,4,5,0.000200575,0.000275466,19.86979838,-14.63876803,7.93e-05,364.7134797,871.1533522,859.8886873,-10.437914,908.82544,37.67208725312503,891.85846,31.969772172656235,-10.371862,0.06605158850097581
372,CC(C)C1B2B1C2C(C)C,CCC1=PC(CC)P=C1CC,4,5,0.000195376,0.000267413,19.86828982,-14.66782942,7.71e-05,363.3917081,871.2862924,859.8886873,-10.437874,865.31287,-5.973426189062479,896.59094,36.702255082812485,-10.491281,-0.053406555725096894
373,CC(C)C1B2B1C2C(C)C,CC(C)C1=PC(C(C)C)P=C1C(C)C,4,5,0.000348748,0.000503178,19.87208325,-15.05234228,0.000141988,386.3199976,901.4111927,884.4324747,-10.553558,872.40063,-29.010557934375015,937.25714,52.82466641328131,-10.565702,-0.012144438354491527
374,CC1=BC(C)B=C1C,CC1=PC(C)=P1,5,4,1.08e-05,1.37e-05,19.96957116,-13.24407308,4.07e-06,377.3293977,1025.370199,1465.759709,-11.233398,1098.3925,73.02225705468754,1338.7614,-126.99835646093743,-11.121103,0.11229471325683527
375,CC1=BC(C)B=C1C,CCC1=PC(CC)=P1,5,4,1.29e-05,1.68e-05,19.96057417,-13.38349755,4.94e-06,396.9895941,1037.706851,1445.993129,-11.226987,1049.2683,11.561459546875085,1314.0366,-131.95650790624995,-11.142937,0.08405029345703063
376,CC1=BC(C)B=C1C,CC(C)C1=PC(C(C)C)=P1,5,4,1.57e-05,1.9e-05,19.96967785,-13.20705433,5.78e-06,392.6051677,1030.578326,1366.06643,-11.222266,1040.5745,9.996136890624939,1313.9926,-52.07387628906258,-11.142739,0.07952670404052675
377,CC1=BC(C)B=C1C,CC(C)(C)C1=PC(C(C)(C)C)=P1,5,4,1.04e-05,1.4e-05,19.97195687,-12.94079973,4.07e-06,390.6917718,837.229251,1326.442412,-11.208896,1036.1003,198.87109079687502,1300.3208,-26.121611218750104,-11.090391,0.11850484094238212
378,CCC1=BC(CC)B=C1CC,CC(C)(C)C1=PC(C(C)(C)C)=P1,5,4,1.15e-05,1.42e-05,19.97124418,-12.97980458,4.29e-06,388.3987281,1017.918004,1450.488481,-11.251006,1111.8174,93.8993788125,1364.5112,-85.97725053125009,-11.168614,0.08239161248779325
380,CC(C)(C)C1=BC(C(C)(C)C)B=C1C(C)(C)C,CC(C)(C)C1=PC(C(C)(C)C)=P1,5,4,9.64e-06,1.14e-05,19.977777,-17.11490349,3.51e-06,522.72206,1219.08543,1597.049488,-11.365137,1051.1208,-167.9645803906251,1290.5773,-306.4722174921876,-10.98067,0.384467024719239
382,CCC1=BC(CC)B=C1CC,CCC1=PC(CC)=P1,5,4,1.78e-05,2.08e-05,19.97046693,-13.39006399,6.43e-06,378.8011888,1037.245623,1366.06643,-11.218078,1111.7465,74.50083696093748,1376.5432,10.476782890624918,-11.247768,-0.02969040209960916
383,CCC1=BC(CC)B=C1CC,CC(C)C1=PC(C(C)C)=P1,5,4,2.91e-05,3.49e-05,19.9767322,-13.35835115,1.07e-05,411.9779296,1051.106586,1364.907632,-11.221894,1109.6058,58.49924896093739,1374.4285,9.520834796875079,-11.227911,-0.006016995483397736
385,CC(C)C1=BC(C(C)C)B=C1C(C)C,CC(C)(C)C1=PC(C(C)(C)C)=P1,5,4,3.38e-05,3.96e-05,19.9747417,-17.68702027,1.22e-05,538.9392549,1272.264611,1582.864044,-11.431195,1118.9272,-153.33736490625006,1385.5721,-197.29190044531242,-11.198918,0.23227665740966863
392,CC1=PC(C)=C1C,CCC(CC)=C(CC)CC,4,2,1.05e-05,1.35e-05,19.95350798,-18.48940692,3.99e-06,497.4782045,1178.032288,1570.415642,-11.308733,1179.6885,1.6561885624998922,1480.2499,-90.16576407031243,-11.025289,0.2834444181518556
393,CC1=PC(C)=C1C,CC(C)C(=C(C(C)C)C(C)C)C(C)C,4,2,0.002445069,0.003737268,19.8161454,-18.37683974,0.00103039,432.8025895,779.9550533,861.9906382,-10.41322925,954.83105,174.87600138749997,1128.1501,266.15950828437497,-10.512367,-0.0991379985351557
394,CCC1=PC(CC)=C1CC,CC(C)C(=C(C(C)C)C(C)C)C(C)C,4,2,0.002219995,0.003391679,19.81920032,-18.96156441,0.000935279,453.8915883,817.2208881,847.086222,-10.35462475,1017.63025,200.40936092343748,1268.3625,421.276326828125,-10.812309,-0.4576845151367195
395,CC(C)C1=PC(C(C)C)=C1C(C)C,CC(C)C(=C(C(C)C)C(C)C)C(C)C,4,2,3.28e-05,4.02e-05,19.94981195,-23.6715179,1.22e-05,635.1443656,1517.977391,1922.005849,-11.30183057,963.4332,-554.5441634609374,1228.4822,-693.5236712656249,-10.789913,0.5119173925097655
397,CCC1=PC(CC)=C1CC,CC(C)=C(C)C,4,2,2.95e-06,3.01e-06,20.00507359,-14.73614017,9.93e-07,441.3093044,1351.511778,1607.540202,-11.284,1444.1482,92.63641535937495,1824.9236,217.3833819843751,-11.224503,0.059497436523438196
398,CCC1=PC(CC)=C1CC,CCC(CC)=C(CC)CC,4,2,2.93e-05,3.73e-05,19.95422212,-19.07086509,1.11e-05,514.164814,1219.281879,1451.094214,-11.26254307,1197.8607,-21.42116122656239,1545.4657,94.37148424218753,-11.115704,0.14683948723632767
399,CC(C)C1=PC(C(C)C)=C1C(C)C,CCC(CC)=C(CC)CC,4,2,3.51e-05,4.45e-05,19.94530795,-18.85558607,1.33e-05,496.9513362,1195.294035,1470.447638,-11.2510845,1127.2845,-68.0094891015624,1509.4818,39.0341735234374,-11.030459,0.22062509600830005
400,CC(C)C1=C(C(C)(C)C)P=C1C(C)(C)C,CCC(CC)=C(CC)CC,4,2,0.000662984,0.000941684,19.8719073,-19.29604982,0.000267445,469.4241315,855.4239776,907.0491485,-10.58092264,1073.1057,217.68173529062506,1480.5559,573.506759703125,-10.9639,-0.3829769724267571
401,CC1=PC(C)=P1,CC(C)=C(C)C,4,2,9.01e-06,1.07e-05,19.96723594,-20.49743178,3.28e-06,564.8365386,1685.26078,2067.281349,-11.3485045,1754.438,69.17720828124993,2141.6143,74.33290881250014,-11.246224,0.102280096618653
402,CCC1=PC(CC)=P1,CC(C)=C(C)C,4,2,1.17e-05,1.38e-05,19.96892645,-20.44780599,4.26e-06,569.730717,1690.305923,2061.057647,-11.3998905,1791.717,101.4111180156251,2195.7344,134.6767279999999,-11.259541,0.14034994213867158
403,CCC1=PC(CC)=P1,CCC(CC)=C(CC)CC,4,2,0.0,3.2e-07,19.97722194,-20.69877268,2.08e-08,565.9608236,1404.552642,1987.962759,-11.1255685,1675.9484,271.3957222578124,2105.7903,117.827524203125,-11.219797,-0.09422863439941409
404,CCC1=PC(CC)=P1,CC(C)C(=C(C(C)C)C(C)C)C(C)C,4,2,6.4e-05,7.83e-05,19.94409323,-22.36077993,2.37e-05,656.5211444,1504.154307,1866.001882,-11.124167,1574.107,69.95274866406248,1937.3108,71.30890901562498,-11.062992,0.06117490405273429
405,CC(C)C1=PC(C(C)C)=P1,CC(C)C(=C(C(C)C)C(C)C)C(C)C,4,2,3.87e-05,4.76e-05,19.94747075,-22.51199172,1.44e-05,645.4830588,1488.002773,1923.935679,-11.277948,1655.9249,167.92215375781257,2025.1829,101.24718232812506,-11.147917,0.13003120617675812
406,CC(C)(C)C1=PC(C(C)(C)C)=P1,CC(C)C(=C(C(C)C)C(C)C)C(C)C,4,2,0.000153272,0.000197058,19.9238324,-22.12727312,5.84e-05,627.1107343,1430.32318,1620.24474,-10.9346745,1689.7322,259.4089977343749,2058.64,438.3951525781249,-11.128062,-0.19338774822998062
408,CCC1=PC(CC)=P1,CCC(CC)=C(CC)CC,4,2,7.9e-08,3.41e-07,19.97723432,-20.69958458,2.35e-08,565.9932714,1404.630771,1987.962759,-11.1255685,1675.9484,271.3175932578124,2105.7903,117.827524203125,-11.219797,-0.09422863439941409
409,CC(C)C1=PC(C(C)C)=P1,CC(C)C(=C(C(C)C)C(C)C)C(C)C,4,2,1.15e-06,1.19e-06,19.98630197,-21.00700309,3.96e-07,587.4138525,1748.131921,2131.633471,-11.1079355,1655.9249,-92.20699424218742,2025.1829,-106.4506096718751,-11.147917,-0.039981293823242225
410,CC(C)(C)C1=PC(C(C)(C)C)=P1,CCC(CC)=C(CC)CC,4,2,1.68e-06,1.89e-06,19.98792361,-21.17512368,5.85e-07,589.6670207,1762.465167,2149.497226,-11.0216515,1790.3367,27.871502921874935,2242.2927,92.79549860937504,-11.245654,-0.2240026061401359
411,C1CCC(C(C2CCCCC2)C(C2CCCCC2)C2CCCCC2)CC1,CC1=PC(C)=P1,2,4,8.05e-06,1.01e-05,19.95838527,-16.02224716,3.03e-06,533.2303165,1118.350873,1679.043521,-11.413177,1202.7223,84.37141703906241,1705.1383,26.094784664062445,-11.323796,0.08938072772216721
424,CC1=BC(C)=B1,CC(C)=C(C)C,4,2,6.41e-06,6.98e-06,20.00028705,-22.87541585,2.23e-06,628.3539223,2137.275236,2199.396666,-11.2659405,2492.5376,355.26236165625005,2435.2085,235.8118300937499,-11.209674,0.05626661846923753
425,CCC1=BC(CC)=B1,CC(C)=C(C)C,4,2,5.33e-06,5.69e-06,20.00047912,-22.7365323,1.84e-06,617.4796182,2118.573567,2202.397825,-11.2685845,2441.2954,322.7218431562501,2443.762,241.364137890625,-11.177518,0.09106660906982356
427,CCC1=BC(CC)=B1,CC(C)C(=C(C(C)C)C(C)C)C(C)C,4,2,3.77e-06,4.31e-06,19.9910969,-24.70905734,1.34e-06,708.6715449,2015.214055,2054.417804,-10.8768675,2230.1516,214.93755632812508,2222.0427,167.62492060937484,-10.7756405,0.10122701232910103
428,CC(C)C1=BC(C(C)C)=B1,CC(C)C(=C(C(C)C)C(C)C)C(C)C,4,2,4.12e-06,4.83e-06,19.98941905,-24.73075747,1.49e-06,706.4770596,2014.537451,2054.417804,-10.8768175,2166.0938,151.55629900000008,2200.1367,145.71891474999984,-10.768428,0.10838965118408161
429,CC(C)(C)C1=BC(C(C)(C)C)=B1,CC(C)C(=C(C(C)C)C(C)C)C(C)C,4,2,1.47e-06,1.74e-06,19.98718152,-24.77750706,5.3e-07,704.2917879,2010.202922,2061.621218,-10.76492,2076.6687,66.46577917187506,2155.533,93.91174098437477,-10.729867,0.03505301849365239
431,CCC1=BC(CC)=B1,CCC(CC)=C(CC)CC,4,2,5.73e-07,6.87e-07,20.00342014,-22.94387112,2.21e-07,635.0255121,2157.844848,2191.567875,-11.156584,2358.7715,200.92663637499982,2345.1978,153.62987890624981,-11.072208,0.08437559545898488
432,CC(C)C1=BC(C(C)C)=B1,CCC(CC)=C(CC)CC,4,2,6.8e-07,7.56e-07,20.00323556,-23.02321787,2.32e-07,629.1672091,2159.885679,2186.978782,-11.090582,2291.5671,131.68145967187502,2325.33,138.35129612499986,-11.044029,0.046552764160155746
433,CC(C)(C)C1=BC(C(C)(C)C)=B1,CCC(CC)=C(CC)CC,4,2,7.19e-07,8.28e-07,20.00376362,-24.18102598,2.54e-07,679.2154921,1966.656327,2207.747374,-10.908025,2211.7554,245.09904409375008,2285.5835,77.83612209374996,-10.999396,-0.09137132415771454
434,c1ccc(C(=C(c2ccccc2)c2ccccc2)c2ccccc2)cc1,CC1=BC(C)=B1,2,4,0.000106718,0.00014517,19.9094077,-17.62418875,4.2e-05,475.4037768,828.0708622,1181.719631,-10.9437745,788.5235,-39.547363664843715,1011.5531,-170.16653041406244,-10.222593,0.7211811925048828
4a,CC(C)c1cc(C(C)C)c(-c2cc(-c3c(C(C)C)cc(C(C)C)cc3C(C)C)c(C(C)C)cc2C(C)C)c(C(C)C)c1,c1ccccc1,1,6,0.002840004,0.004261689,19.81527303,-14.03446195,0.001183616,317.1805867,698.2319732,750.0789508,-9.23597125,683.2874,-14.94455864921872,628.3035,-121.77542296796878,-8.943326,0.29264525360107463
a,CC1=C(C)N(C(C)C)CN1C(C)C,CCc1ccc(C2=C(c3ccc(CC)cc3)C(c3ccc(CC)cc3)C(c3ccc(CC)cc3)=C2c2ccc(CC)cc2)cc1,1,5,0.000258656,0.000303107,19.94890197,-16.28584798,9.36e-05,429.9265553,1078.225937,1255.26082,-10.739759,1072.4656,-5.760360828124931,1222.7994,-32.46138152343747,-10.412529,0.32723000830078064
a100,CC(C)C1=PC(C(C)C)C(C(C)C)=C1C(C)C,CCC1=BC(CC)C(CC)=C1CC,5,5,3.98e-05,5.06e-05,19.93431016,-16.08038256,1.51e-05,429.3699702,1331.974504,1524.447645,-11.397516,1435.6995,103.72495889062498,1578.7024,54.254747578125034,-11.203289,0.19422696801757766
a109,CC(C)C1=C(C(C)(C)C)P=C(C(C)(C)C)C1C(C)C,CC(C)(C)C1=BC(C(C)(C)C)C(C(C)(C)C)=C1C(C)(C)C,5,5,2.56e-06,2.75e-06,20.00164059,-15.91775285,8.84e-07,546.3594216,1301.516554,1765.627418,-11.3421225,1419.8563,118.33976924218746,1664.7417,-100.88571878125003,-11.321425,0.020697062072754235
a110,CCC1=PC(CC)=C(C)C1C,CCC1=BC(CC)=C(C)C1C,5,5,1.15e-05,1.4e-05,19.95634745,-16.25439088,4.26e-06,480.7817955,1620.319491,1604.940279,-11.249215,1433.8418,-186.47769412499997,1527.8186,-77.12167548437492,-11.229859,0.019355647888183114
a111,CC1=C(C(C)C)P=C(C(C)C)C1C,CCC1=BC(CC)=C(C)C1C,5,5,2.02e-05,2.45e-05,19.96195622,-15.81122547,7.44e-06,465.8246602,1295.688674,1516.420176,-11.369553,1456.8896,161.2009744375,1528.1401,11.719960718749917,-11.201903,0.1676496567993162
a112,CC1=C(C(C)(C)C)P=C(C(C)(C)C)C1C,CCC1=BC(CC)=C(C)C1C,5,5,2.65e-05,3.19e-05,19.95921997,-16.05289377,9.73e-06,441.0148433,1348.320772,1524.2289,-11.410934,1453.1288,104.80801217968747,1540.3466,16.117657617187433,-11.184977,0.22595742224121018
a113,CC1=C(C(C)(C)C)P=C(C(C)(C)C)C1C,CC1=C(C(C)C)B=C(C(C)C)C1C,5,5,7.52e-07,8.63e-07,19.99583556,-17.03832123,2.54e-07,599.6623437,1593.423118,1692.316092,-10.940651,1437.2437,-156.17946565624993,1569.4362,-122.87993477343753,-11.2451515,-0.30450051977538983
a114,CC1=C(C(C)(C)C)P=C(C(C)(C)C)C1C,CCC1=C(C(C)C)B=C(C(C)C)C1CC,5,5,7.5e-07,7.91e-07,19.99729829,-17.52420719,2.37e-07,627.0200711,1644.537147,1690.254411,-10.853109,1425.6967,-218.8404917265625,1581.2369,-109.01747252343739,-11.253357,-0.4002479335937501
a115,CCC1=C(C(C)(C)C)P=C(C(C)(C)C)C1CC,CCC1=C(C(C)C)B=C(C(C)C)C1CC,5,5,1.65e-06,1.91e-06,20.00074173,-17.07405513,5.86e-07,618.060256,1399.034905,1777.630444,-11.0964175,1434.7018,35.66687722656252,1588.3099,-189.3205074765624,-11.244874,-0.14845650054931703
a116,CCC1=C(C(C)(C)C)P=C(C(C)(C)C)C1CC,CCC1=C(C(C)(C)C)B=C(C(C)(C)C)C1CC,5,5,0.0,1.07e-07,20.00076724,-17.11377876,2.38e-08,628.1851073,1605.327501,1691.944256,-10.987075,1423.2961,-182.03135842187498,1628.7339,-63.210369281249996,-11.30351,-0.31643471221923747
a117,CCC1=C(C(C)(C)C)B=C(C(C)(C)C)C1CC,CC(C)c1c(C(C)(C)C)[pH]c(C(C)(C)C)c1C(C)C,5,5,4e-06,4.57e-06,19.99201157,-15.96732834,1.43e-06,564.2181844,1290.37791,1754.905262,-11.402572,1348.391,58.01308121093757,1710.5802,-44.32506180468749,-11.464347,-0.06177488568115308
a118,CC1=C(C(C)C)P=C(C(C)C)C1C,CCC1=C(CC)C(C)B=C1C,5,5,2.19e-05,2.66e-05,19.95875055,-15.93507102,8.09e-06,467.7549198,1306.154892,1516.420176,-11.378931,1419.5309,113.37599178906248,1518.1976,1.7774558359374169,-11.209483,0.16944785333251922
a119,CC1=C(C(C)C)P=C(C(C)C)C1C,CC1=BC(C)C(C(C)C)=C1C(C)C,5,5,8.36e-06,1.03e-05,19.95331721,-16.23271107,3.1e-06,472.2114285,1501.110767,1612.711165,-11.394606,1410.2244,-90.8864017656249,1554.5135,-58.19761519531244,-11.269957,0.12464941125488238
a120,CC1=C(C(C)C)P=C(C(C)C)C1C,CCC1=BC(CC)C(C(C)C)=C1C(C)C,5,5,1.18e-05,1.44e-05,19.95619068,-16.53821776,4.36e-06,487.3822787,1532.422497,1606.104935,-11.3774205,1417.351,-115.07154485156252,1579.5157,-26.58918792968757,-11.274139,0.10328109570312449
a121,CCC1=C(C(C)C)P=C(C(C)C)C1CC,CCC1=BC(CC)C(C(C)C)=C1C(C)C,5,5,1.9e-05,2.3e-05,19.95881382,-16.41257298,7e-06,481.1180749,1339.982146,1525.39793,-11.367771,1440.173,100.19082763281244,1592.9316,67.53371062499991,-11.288619,0.07915195855712831
a122,CCC1=C(C(C)C)P=C(C(C)C)C1CC,CCC1=BC(CC)C(C(C)(C)C)=C1C(C)(C)C,5,5,3.51e-05,4.36e-05,19.94696373,-15.97545665,1.31e-05,467.476446,1315.56059,1524.830651,-11.381757,1440.4806,124.92000082031245,1626.6946,101.86392907812501,-11.319172,0.06258509448242222
a123,CCC1=C(C(C)(C)C)P=C(C(C)(C)C)C1CC,CCC1=BC(CC)C(C(C)(C)C)=C1C(C)(C)C,5,5,2.94e-05,3.62e-05,19.94945822,-16.46992668,1.09e-05,499.8532958,1344.75965,1538.835524,-11.417642,1404.4124,59.652703515625035,1625.5197,86.68412932031242,-11.3289175,0.08872449664306714
a124,CCC1=C(C(C)(C)C)P=C(C(C)(C)C)C1CC,CC(C)C1=BC(C(C)C)C(C(C)(C)C)=C1C(C)(C)C,5,5,1.5e-06,1.74e-06,19.97057175,-16.25109176,5.41e-07,540.8911431,1318.838459,1769.343767,-11.1016695,1411.1729,92.33439256249994,1641.8209,-127.52284414843757,-11.330053,-0.22838382946777358
a125,CC(C)C1=BC(C(C)C)C(C(C)(C)C)=C1C(C)(C)C,CC(C)c1c(C(C)(C)C)[pH]c(C(C)(C)C)c1C(C)C,5,5,1.55e-06,1.88e-06,20.00409525,-16.7812744,5.74e-07,615.3083043,1367.645404,1777.630444,-11.1001855,1373.8108,6.165387015624901,1737.5048,-40.1256832578124,-11.450718,-0.35053242602539036
a126,CC1=PC(C)C(C(C)C)=C1C(C)C,CC1=C(C(C)C)B=C(C(C)C)C1C,5,5,4.47e-06,5.27e-06,19.98284951,-16.38781539,1.62e-06,538.6273957,1350.150406,1732.94386,-11.367263,1414.5687,64.41831958593752,1630.6605,-102.28333753906259,-11.311017,0.05624596356201117
a127,CCC1=PC(CC)C(C(C)C)=C1C(C)C,CC1=C(C(C)C)B=C(C(C)C)C1C,5,5,5.14e-06,5.94e-06,19.98198712,-16.35489755,1.85e-06,542.5925049,1348.85167,1709.633778,-11.371083,1433.086,84.23438957031249,1621.3292,-88.3045543671874,-11.241902,0.12918064862060596
a128,CCC1=PC(CC)C(C(C)C)=C1C(C)C,CCC1=C(C(C)C)B=C(C(C)C)C1CC,5,5,5.68e-06,6.67e-06,19.98404812,-15.9379942,2.06e-06,516.6347209,1317.547229,1620.736947,-11.400928,1448.9369,131.38966064843748,1666.9697,46.2327795624999,-11.257565,0.14336345532226602
a129,CCC1=C(C(C)C)B=C(C(C)C)C1CC,CCc1[pH]c(CC)c(C(C)C)c1C(C)C,5,5,7.14e-06,7.9e-06,19.98225713,-15.98282848,2.51e-06,513.368973,1317.469912,1620.736947,-11.342141,1341.196,23.726132921874978,1700.8142,80.0772619843749,-11.488745,-0.14660373571777363
a130,CCC1=C(C(C)(C)C)B=C(C(C)(C)C)C1CC,CCc1[pH]c(CC)c(C(C)C)c1C(C)C,5,5,2.04e-05,2.33e-05,19.98476634,-15.82917553,7.27e-06,530.552291,1304.243933,1620.980955,-11.508325,1369.0857,64.84176035937503,1737.9501,116.9691182421875,-11.505708,0.0026172592163078434
a131,C1=CP=C1,C1=CP=C1,4,4,1.66e-06,1.99e-06,19.99483617,-16.46471566,6.09e-07,528.1584823,1317.570465,1697.48869,-11.1200535,1255.6958,-61.87466421875001,1608.5831,-88.9055601171874,-11.427069,-0.3070152103271493
a132,CC1=PC(C)=C1C,CC1=PC(C)=C1C,4,4,8.88e-06,9.85e-06,19.967035,-15.47818699,3.12e-06,485.6686746,1197.150261,1571.855217,-11.325216,1333.4349,136.2846755234375,1568.433,-3.4222336015625388,-11.213164,0.11205167047119069
a133,CCC1=PC(CC)=C1CC,CCC1=PC(CC)=C1CC,4,4,6.36e-06,6.8e-06,19.97455265,-16.05044033,2.19e-06,509.7293782,1256.416856,1574.536559,-11.355161,1306.332,49.91517524999995,1609.0181,34.4815074062501,-11.236085,0.11907606195068432
a134,CC(C)C1=PC(C(C)C)=C1C(C)C,CC(C)C1=PC(C(C)C)=C1C(C)C,4,4,2.14e-06,2.4e-06,19.98504386,-15.51769031,7.59e-07,507.4801126,1185.26365,1637.985322,-11.1613695,1354.6764,169.4127416015624,1702.198,64.212676046875,-11.240482,-0.07911283032226635
a135,CC(C)(C)C1=PC(C(C)(C)C)=C1C(C)(C)C,CC(C)(C)C1=PC(C(C)(C)C)=C1C(C)(C)C,4,4,2.56e-06,2.95e-06,19.99850373,-18.07077389,9.2e-07,601.8268539,1693.791012,1794.148756,-11.1334375,1290.1465,-403.6445276249999,1681.7313,-112.41743275781255,-11.298756,-0.1653181457519537
a136,CCC1=C(C)P=C1C,CC1=PC(C)=C1C,4,4,1.12e-05,1.3e-05,19.95982213,-15.12066516,4.03e-06,469.9128184,943.965842,1398.144404,-11.19314,1328.0868,384.12094999218755,1590.3917,192.2473196328126,-11.24056,-0.047419577941894886
a137,CCC1=C(C)P=C1C,CCC1=PC(CC)=C1CC,4,4,1.89e-05,2.2e-05,19.96348534,-15.48360951,6.82e-06,485.530714,1196.884592,1481.486232,-11.324171,1324.3796,127.49504667187489,1594.8003,113.31406096875003,-11.2001915,0.12397950219726539
a138,CCC1=C(C)P=C1C,CC(C)C1=PC(C(C)C)=C1C(C)C,4,4,5.17e-06,6.13e-06,19.97196476,-15.5096045,1.88e-06,484.2758787,970.4504105,1453.372115,-11.141239,1337.8529,367.4024947734375,1630.5789,177.2067424218751,-11.207712,-0.0664731734619135
a139,CCC1=C(C)P=C1C,CC(C)(C)C1=PC(C(C)(C)C)=C1C(C)(C)C,4,4,2.68e-06,3.04e-06,19.98158442,-16.03115732,9.56e-07,506.3575098,1242.646698,1633.520411,-11.338091,1315.1782,72.53152465624999,1638.4983,4.977880015625033,-11.249817,0.08827410546875036
a140,CC1=PC(C)=C1C(C)C,CC(C)(C)C1=PC(C(C)(C)C)=C1C(C)(C)C,4,4,1.8e-06,2.02e-06,19.98317796,-16.09574289,6.34e-07,509.7769956,1246.089206,1636.455735,-11.1156575,1318.5399,72.4507109921874,1650.0956,13.639846054687496,-11.260086,-0.1444285595703132
a141,CC1=PC(C)=C1C(C)(C)C,CC(C)(C)C1=PC(C(C)(C)C)=C1C(C)(C)C,4,4,1.81e-06,2.04e-06,19.9868093,-16.2363321,6.39e-07,518.1187916,1488.754955,1677.294036,-11.1619095,1307.9526,-180.8023182812501,1634.6079,-42.686125843750006,-11.224891,-0.0629812089233397
a142,CCC1=PC(CC)=C1C(C)(C)C,CC(C)(C)C1=PC(C(C)(C)C)=C1C(C)(C)C,4,4,4.4e-06,4.82e-06,19.99957659,-16.62265101,1.54e-06,572.8207196,1290.291138,1761.359328,-11.377383,1345.6945,55.403320007812454,1712.0735,-49.285841671875005,-11.293932,0.08345103894042971
a143,CC(C)C1=PC(C(C)C)=C1C(C)(C)C,CC(C)(C)C1=PC(C(C)(C)C)=C1C(C)(C)C,4,4,6.12e-06,6.62e-06,20.00113518,-16.78805001,2.12e-06,580.4280771,1562.904374,1711.055476,-11.2523065,1339.7466,-223.15779196874996,1722.6226,11.567082593750001,-11.299304,-0.046997508483887174
a145,CC1=PC(C)=C1C(C)C,CCC1=PC(CC)=C1CC,4,4,6.36e-06,7.41e-06,19.9651491,-15.57313244,2.3e-06,488.3340445,1201.722507,1560.816665,-11.255791,1303.4946,101.77212190625005,1593.2958,32.47911136718744,-11.220966,0.0348246608886722
a146,CC1=PC(C)=C1C(C)C,CC(C)C1=PC(C(C)C)=C1C(C)C,4,4,5.84e-07,6.65e-07,19.97622779,-15.31114642,2.07e-07,484.7403288,1172.773238,1479.44073,-11.037409,1335.3989,162.62568778125,1638.4346,158.99384031249997,-11.216078,-0.17866880456542944
a147,CC1=PC(C)=C1C(C)C,CC(C)(C)C1=PC(C(C)(C)C)=C1C(C)(C)C,4,4,1.82e-06,2.04e-06,19.98308884,-16.0990674,6.35e-07,509.5924425,1246.379568,1636.455735,-11.1230545,1318.5399,72.16034899218744,1650.0956,13.639846054687496,-11.260086,-0.1370315595703122
a148,CCC1=PC(CC)=C1C(C)C,CC(C)(C)C1=PC(C(C)(C)C)=C1C(C)(C)C,4,4,1.23e-06,1.39e-06,19.99181385,-16.34038028,4.42e-07,532.3922271,1498.787246,1770.783542,-11.1819385,1348.4098,-150.3774559609376,1710.503,-60.2804902421874,-11.30211,-0.12017121832275457
a149,CCC1=PC(CC)=C1C(C)(C)C,CC(C)(C)C1=PC(C(C)(C)C)=C1C(C)(C)C,4,4,2.64e-06,3.04e-06,19.99235078,-16.6025172,9.49e-07,548.3836347,1294.422476,1759.173352,-11.39054,1345.6945,51.27198200781254,1712.0735,-47.09986567187502,-11.293932,0.09660803894042935
a150,CC1=PC(C)=C1C(C)(C)C,CCC1=PC(CC)=C1CC,4,4,5.55e-06,6.3e-06,19.96796439,-15.68435432,1.98e-06,495.3711138,1215.237052,1574.536559,-11.319804,1274.045,58.80799194531255,1578.0103,3.4736949062501026,-11.243438,0.07636623297119094
a151,B1=CC=C1,C1=CP=C1,4,4,0.002977573,0.003904888,19.77875066,-15.4255022,0.001147077,760.2993122,760.2993122,794.7912584,-10.21571775,532.851,-227.44829901640628,741.3927,-53.39855820468745,-9.754835,0.4608826212158199
a152,CC1=BC(C)=C1C,CC1=PC(C)=C1C,4,4,0.003114251,0.004054688,19.60305783,-12.29751085,0.001194823,655.1739481,921.984026,814.3894476,-9.77012325,856.5858,-65.39821057031247,670.8777,-143.51176205312504,-9.782052,-0.011928790100098396
a153,CCC1=BC(CC)=C1CC,CCC1=PC(CC)=C1CC,4,4,0.035199858,0.043218649,19.28712021,-12.68863529,0.013069751,475.9508225,475.9508225,383.0686616,-10.619431,869.6795,393.72868189453123,663.2502,280.18152150546877,-9.724625,0.894806366210938
a154,CC(C)C1=BC(C(C)C)=C1C(C)C,CC(C)C1=PC(C(C)C)=C1C(C)C,4,4,0.005762891,0.007718192,19.5374227,-15.10151039,0.002246847,728.1507726,728.1507726,699.9573112,-9.67531375,847.0115,118.86070200937502,681.4976,-18.4596915710938,-9.789155,-0.11384125640869058
a155,CC(C)(C)C1=BC(C(C)(C)C)=C1C(C)(C)C,CC(C)(C)C1=PC(C(C)(C)C)=C1C(C)(C)C,4,4,0.0016569,0.001827699,19.61680909,-13.56075399,0.000580767,731.4549732,994.1312069,687.021967,-9.79123275,793.80005,-200.33115807187505,762.895,75.87305253124998,-9.8722,-0.08096726220703054
a156,CCC1=C(C)B=C1C,CC1=PC(C)=C1C,4,4,0.005293291,0.007941966,19.56294664,-12.47007683,0.002205876,465.5117663,838.3715903,650.4592145,-9.70884475,840.3507,1.9791177078125202,627.21295,-23.24626283984378,-9.691447,0.017397492004395332
a157,CCC1=C(C)B=C1C,CCC1=PC(CC)=C1CC,4,4,0.002286328,0.002625729,19.67064566,-15.40172056,0.000818676,804.5728398,1064.739407,882.8894332,-9.92551875,881.77203,-182.96737330859378,676.2723,-206.61715536796873,-9.7607355,0.164783238220215
a158,CCC1=C(C)B=C1C,CC(C)C1=PC(C(C)C)=C1C(C)C,4,4,0.00219045,0.002738567,19.64137768,-12.77148977,0.000821503,641.469433,900.9932998,814.3894476,-9.87026625,883.25397,-17.739332514843795,654.8755,-159.51395931875004,-9.665564,0.2047026666259768
a159,CCC1=C(C)B=C1C,CC(C)(C)C1=PC(C(C)(C)C)=C1C(C)(C)C,4,4,0.001859742,0.002266314,19.7168682,-14.82532249,0.000687676,741.4311372,1041.059837,628.41725,-9.94256725,890.35895,-150.70088924609377,696.4222,68.00493017578128,-9.716367,0.22620048211669896
a160,CC1=BC(C)=C1C(C)C,CC(C)(C)C1=PC(C(C)(C)C)=C1C(C)(C)C,4,4,0.001644247,0.001987583,19.72727229,-15.10161305,0.000605305,736.1653558,1048.301038,629.4073894,-10.05739425,893.4773,-154.82374307812506,711.68726,82.27986645937494,-9.753822,0.3035719233398435
a161,CC1=BC(C)=C1C(C)(C)C,CC(C)(C)C1=PC(C(C)(C)C)=C1C(C)(C)C,4,4,0.001173979,0.001380406,19.75845789,-16.69872305,0.000425731,762.9977662,1144.306185,874.2572011,-10.19095925,848.8485,-295.4576742578124,671.43884,-202.81835832656247,-9.686694,0.5042651047973639
a162,CCC1=BC(CC)=C1C(C)(C)C,CC(C)(C)C1=PC(C(C)(C)C)=C1C(C)(C)C,4,4,0.004660565,0.006638864,19.56608929,-13.24554555,0.001883238,730.2306787,730.2306787,634.9092569,-9.63978675,841.0615,110.8308447375,711.21704,76.30778411562505,-9.756153,-0.11636635668945239
a163,CC(C)C1=BC(C(C)C)=C1C(C)(C)C,CC(C)(C)C1=PC(C(C)(C)C)=C1C(C)(C)C,4,4,0.003286374,0.003926387,19.56973239,-13.69267296,0.001202127,685.4875826,1030.281654,805.0720587,-9.68066525,809.5571,-220.7245250937499,720.1078,-84.96427061406246,-9.807318,-0.12665248376464788
a164,CC1=BC(C)=C1C(C)C,CC1=PC(C)=C1C,4,4,0.005730839,0.008601764,19.55880644,-12.54008637,0.002388767,458.2876756,842.6014327,639.2561164,-9.6078725,807.5228,-35.07860555156253,581.2498,-58.006299505468746,-9.6200905,-0.012217984619141475
a165,CC1=BC(C)=C1C(C)C,CCC1=PC(CC)=C1CC,4,4,0.002137888,0.002515911,19.67530394,-15.65109392,0.000775633,798.9153062,1061.351604,882.8894332,-9.94719525,853.433,-207.91862060156245,620.467,-262.42245321953123,-9.642262,0.3049327911987305
a166,CC1=BC(C)=C1C(C)C,CC(C)C1=PC(C(C)C)=C1C(C)C,4,4,0.001431332,0.001658919,19.75621986,-15.55611162,0.000515042,742.6820161,1065.565562,700.9427289,-10.16224825,867.77026,-197.795298328125,645.4109,-55.53184022812502,-9.676734,0.4855142793579095
a167,CC1=BC(C)=C1C(C)C,CC(C)(C)C1=PC(C(C)(C)C)=C1C(C)(C)C,4,4,0.001646926,0.001991354,19.72746406,-15.10654731,0.00060638,736.2350014,1048.5253,629.4073894,-10.05739425,893.4773,-155.04800507812502,711.68726,82.27986645937494,-9.753822,0.3035719233398435
a168,CCC1=BC(CC)=C1C(C)C,CC(C)(C)C1=PC(C(C)(C)C)=C1C(C)(C)C,4,4,0.000353223,0.001147173,19.49115767,-14.64546202,0.000250066,577.7370701,1017.680316,994.7793868,-10.0014445,885.98676,-131.6935606289062,764.2531,-230.52627400703125,-9.851631,0.1498133354492186
a169,CCC1=BC(CC)=C1C(C)(C)C,CC(C)(C)C1=PC(C(C)(C)C)=C1C(C)(C)C,4,4,0.000708131,0.001255724,19.58448521,-16.54582114,0.000327309,660.1333467,1132.500122,1084.192714,-10.03071225,841.0615,-291.4385985624999,711.21704,-372.975672984375,-9.756153,0.2745591433105474
a170,CC1=BC(C)=C1C(C)(C)C,CCC1=PC(CC)=C1CC,4,4,0.008135101,0.013845267,19.38485692,-11.77432708,0.003663395,352.878401,752.0127036,553.086872,-9.02292075,824.2825,72.26976710312499,579.6509,26.56400690625003,-9.5984745,-0.5755537525634757
a171,CC1=C(C(C)(C)C)P=C(C(C)(C)C)C1C,CC1=C(C)C(C)C(C)=C1C(C)(C)C,5,5,5.32e-06,5.89e-06,19.99325478,-17.38938341,1.87e-06,630.9473193,1639.811234,1704.594156,-11.0366515,1652.3928,12.581588265624987,1731.0818,26.487631109374888,-10.956232,0.08041942907714805
a172,CC1=C(C(C)(C)C)P=C(C(C)(C)C)C1C,CC1=C(C(C)(C)C)P=C(C(C)(C)C)C1C,5,5,6.38e-07,7.15e-07,20.00639057,-15.80116252,2.22e-07,596.5979468,1503.875217,1694.131154,-11.129199,1554.6824,50.80715604687498,1679.9114,-14.219777046874924,-10.976717,0.15248200476074203
a51,B1=CC=CC1,B1=CC=CC1,5,5,8.34e-06,1.02e-05,19.9600512,-15.61503185,3.09e-06,440.8991975,1462.294571,1615.756684,-11.373764,1412.7146,-49.579971390624905,1649.7438,33.98709041406255,-11.3711195,0.0026445007934565723
a52,CC1=BC(C)C(C)=C1C,CC1=BC(C)C(C)=C1C,5,5,1.89e-05,2.2e-05,19.97423775,-16.43081955,6.82e-06,471.4228661,1338.582153,1525.780458,-11.367011,1452.6082,114.02600129687494,1583.464,57.68353125781255,-11.1583395,0.20867149957275366
a53,CCC1=BC(CC)=C(CC)C1C,CC1=BC(C)C(C)=C1C,5,5,2.1e-05,2.46e-05,19.97241777,-16.50375307,7.6e-06,478.5848372,1346.501996,1525.39793,-11.368361,1397.5586,51.05659775000004,1594.4944,69.09645476562491,-11.292141,0.07622003930664079
a54,CCC1C(C(C)C)=BC(C(C)C)=C1C(C)C,CC1=BC(C)C(C)=C1C,5,5,1.48e-05,1.75e-05,19.98795438,-17.3932835,5.39e-06,537.6809384,1430.647085,1673.136199,-11.496379,1356.9176,-73.72948246093756,1556.3431,-116.79305935156253,-11.246391,0.2499877036132805
a58,CC(C)(C)C1=BC(C(C)(C)C)C(C(C)(C)C)=C1C(C)(C)C,CC(C)C1=C(C(C)(C)C)C(C(C)(C)C)=C(C(C)(C)C)B1,5,5,5.36e-06,6.59e-06,19.99177506,-16.3161243,1.99e-06,578.6348708,1111.314374,1670.437757,-11.383835,1283.7319,172.41755959374996,1617.056,-53.38172672656242,-11.2312155,0.1526195230102534
a59,CCC1=BC(CC)=C(C)C1C,CCC1=C(CC)C(C)B=C1C,5,5,2.06e-05,2.42e-05,19.9715628,-16.6798813,7.46e-06,483.6528654,1364.779316,1525.39793,-11.362809,1418.5963,53.81699747656239,1599.0977,73.69972624999991,-11.270093,0.0927160358276371
a60,CCC1=BC(CC)=C(C)C1C,CCC1=BC(CC)C(CC)=C1CC,5,5,1.34e-05,1.48e-05,19.97126623,-16.88488341,4.7e-06,494.3164762,1381.966413,1624.139606,-11.397904,1404.8641,22.897722742187398,1608.1208,-16.018756390624958,-11.277914,0.11998995275878954
a61,CCC1=BC(CC)=C(C)C1C,CCC1=C(C(C)C)B=C(C(C)C)C1CC,5,5,1.51e-05,1.77e-05,19.96902986,-16.40440422,5.47e-06,485.8276166,1355.501587,1568.192893,-11.381485,1353.7972,-1.7043457890624722,1628.4371,60.24424078906259,-11.301098,0.08038713012695275
a62,CCC1=BC(CC)=C(C)C1C,CCC1=C(C(C)(C)C)B=C(C(C)(C)C)C1CC,5,5,1.38e-05,1.65e-05,19.98240683,-17.1654883,5.05e-06,544.7343422,1424.523294,1714.14103,-11.49622,1338.8446,-85.67868950781258,1638.784,-75.3569723828125,-11.340602,0.15561807891845625
a63,CCC1=BC(CC)=C(C)C1C,CC(C)C1=C(C(C)(C)C)B=C(C(C)(C)C)C1C(C)C,5,5,1.67e-05,2.04e-05,19.94973073,-16.9501085,6.18e-06,483.8258396,1420.696486,1525.39793,-11.338321,1334.033,-86.66352701562505,1635.4757,110.07777800781241,-11.315465,0.022856026550293507
a64,CCC1=BC(CC)=C(C)C1C,CC(C)(C)C1=BC(C(C)(C)C)C(C(C)(C)C)=C1C(C)(C)C,5,5,3.81e-05,4.58e-05,19.96509904,-17.0484566,1.4e-05,480.9428001,1432.817109,1524.239131,-11.363524,1302.7589,-130.05819786718757,1619.0424,94.80322739843746,-11.30455,0.05897382910156246
a65,CC1=C(C(C)C)B=C(C(C)C)C1C,CC(C)(C)C1=BC(C(C)(C)C)C(C(C)(C)C)=C1C(C)(C)C,5,5,8.87e-06,1.07e-05,19.9803177,-16.52447943,3.27e-06,537.5094988,1355.026487,1720.364732,-11.482451,1271.2139,-83.81261981250009,1604.7676,-115.597153875,-11.301298,0.1811528585205071
a66,CC1=C(C(C)(C)C)B=C(C(C)(C)C)C1C,CC(C)(C)C1=BC(C(C)(C)C)C(C(C)(C)C)=C1C(C)(C)C,5,5,4.65e-06,6.51e-06,19.97251206,-15.71866605,1.86e-06,531.7841914,1089.263913,1668.889892,-11.334614,1252.7208,163.4569121953125,1598.7976,-70.09228457812492,-11.279417,0.055196962036133
a67,CCC1=C(C(C)(C)C)B=C(C(C)(C)C)C1CC,CC(C)(C)C1=BC(C(C)(C)C)C(C(C)(C)C)=C1C(C)(C)C,5,5,1.34e-05,1.62e-05,19.97874053,-16.43293193,4.92e-06,538.4216184,1342.227734,1713.036436,-11.483341,1318.2063,-24.021435171875055,1672.4055,-40.630918421875094,-11.365749,0.11759164086913998
a68,CC(C)(C)C1=BC(C(C)(C)C)C(C(C)(C)C)=C1C(C)(C)C,CC(C)c1[pH]c(C(C)(C)C)c(C(C)C)c1C(C)C,5,5,2.2e-06,2.44e-06,20.00200685,-17.72889181,7.73e-07,611.5451921,1653.595086,1769.429319,-11.014558,1351.5571,-302.03795709375004,1697.101,-72.32836685156258,-11.358407,-0.3438490205688485
a69,CC(C)(C)C1=BC(C(C)(C)C)C(C(C)(C)C)=C1C(C)(C)C,CC(C)C1=C(C(C)(C)C)C(C(C)(C)C)=C(C(C)(C)C)B1,5,5,9.27e-06,1.15e-05,19.98864229,-16.1642984,3.46e-06,568.3505565,1098.464586,1692.799877,-11.482261,1283.7319,185.26734759374995,1617.056,-75.74384672656242,-11.2312155,0.2510455230102533
a70,CCC1=C(CC)C(C)B=C1C,CC1=BC(C)C(C)=C1C,5,5,1.64e-05,1.9e-05,19.972168,-16.68075499,5.9e-06,481.8385196,1361.5965,1525.39793,-11.363894,1475.166,113.5695156249999,1628.7833,103.38539519531241,-11.204518,0.15937568182373063
a71,CCC1=C(CC)C(C)B=C1C,CCC1=BC(CC)=C(C)C1C,5,5,1.79e-05,2.08e-05,19.97092829,-16.68490698,6.46e-06,481.7320684,1361.947882,1525.39793,-11.36778,1448.3799,86.43200081250006,1635.5607,110.16273894531241,-11.180882,0.18689754608154274
a72,CCC1=C(CC)C(C)B=C1C,CC1=C(C(C)C)B=C(C(C)C)C1C,5,5,1.29e-05,1.45e-05,19.97473774,-16.76111717,4.56e-06,504.3243597,1368.807017,1624.139606,-11.415354,1422.9531,54.14610799999991,1645.3306,21.190960406250042,-11.248007,0.16734717932128973
a73,CCC1=C(CC)C(C)B=C1C,CC1=C(C(C)(C)C)B=C(C(C)(C)C)C1C,5,5,1.28e-05,1.45e-05,19.97473249,-16.82991623,4.55e-06,507.5671797,1376.069182,1624.139606,-11.410244,1366.752,-9.317228874999955,1649.3206,25.180950640625042,-11.362026,0.04821778540039112
a74,CCC1=C(CC)C(C)B=C1C,CCC1=C(C(C)(C)C)B=C(C(C)(C)C)C1CC,5,5,1.5e-05,1.81e-05,19.98056106,-17.28056913,5.51e-06,545.4189116,1435.639475,1672.79071,-11.48906,1373.4752,-62.16425527343745,1670.899,-1.89166214843749,-11.385027,0.10403306823730496
a75,CCC1=C(CC)C(C)B=C1C,CC(C)C1=C(C(C)(C)C)B=C(C(C)(C)C)C1C(C)C,5,5,2.28e-06,2.58e-06,19.99676608,-17.75636731,8.08e-07,593.8338768,1451.730659,1775.489537,-11.2387925,1365.5917,-86.13898419531256,1674.29,-101.19949793749993,-11.387397,-0.14860431243896421
a76,CCC1=C(CC)C(C)B=C1C,CC(C)(C)C1=BC(C(C)(C)C)C(C(C)(C)C)=C1C(C)(C)C,5,5,3.74e-05,4.52e-05,19.96213044,-17.10018043,1.38e-05,480.5927183,1437.483535,1524.239131,-11.360493,1348.4073,-89.07618636718757,1666.1075,141.86841294531246,-11.370958,-0.01046532824707036
a77,CC1=BC(C)C(C(C)C)=C1C(C)C,CC(C)(C)C1=BC(C(C)(C)C)C(C(C)(C)C)=C1C(C)(C)C,5,5,4.91e-05,5.95e-05,19.96067531,-16.76066412,1.81e-05,463.0475289,1404.471588,1499.638275,-11.333157,1357.6971,-46.77444444531261,1692.4281,192.78982558593748,-11.401707,-0.0685496955566407
a78,CC(C)(C)C1=BC(C(C)(C)C)C(C(C)(C)C)=C1C(C)(C)C,CC1=BC(C)C(C(C)(C)C)=C1C(C)(C)C,5,5,7.37e-05,9.11e-05,19.94682378,-16.46662988,2.75e-05,448.5353364,1380.540868,1466.513187,-11.31146,1282.7976,-97.74326057812505,1619.106,152.59277003124998,-11.305841,0.00561855407714873
a80,CC(C)(C)C1=BC(C(C)(C)C)C(C(C)(C)C)=C1C(C)(C)C,CC(C)C1=BC(C(C)C)C(C(C)(C)C)=C1C(C)(C)C,5,5,1.12e-05,1.33e-05,19.98128731,-16.02360092,4.08e-06,536.0201116,1307.910189,1707.976019,-11.497702,1326.5459,18.635709437500054,1675.1138,-32.86224946874995,-11.346456,0.15124642596435578
a91,C1=CCP=C1,B1=CC=CC1,5,5,5.2e-06,6.35e-06,19.94133548,-14.94101663,1.93e-06,418.2915234,1379.368939,1540.610377,-11.266474,1194.2982,-185.07072122656245,1455.8005,-84.80983989062497,-11.167574,0.09890007116699273
a92,CC1=PC(C)C(C)=C1C,CC1=BC(C)C(C)=C1C,5,5,1.33e-05,1.63e-05,19.95448076,-16.09179486,4.93e-06,472.6470926,1487.396725,1606.487463,-11.420625,1432.8965,-54.50024062500006,1594.9567,-11.530797960937434,-11.336698,0.08392742156982358
a93,CCC1=PC(CC)C(CC)=C1CC,CC1=BC(C)C(C)=C1C,5,5,2.46e-05,3.01e-05,19.95808512,-16.1506902,9.12e-06,475.0294372,1322.109154,1524.329534,-11.382651,1447.9519,125.84275029687501,1611.2863,86.95672088281253,-11.368224,0.014426856018065592
a94,CC(C)C1=PC(C(C)C)C(C(C)C)=C1C(C)C,CC1=BC(C)C(C)=C1C,5,5,4.14e-05,5.3e-05,19.93534043,-15.79190195,1.57e-05,418.0570272,1305.125832,1515.087364,-11.391506,1462.3375,157.21169241406255,1563.5449,48.45755787500002,-11.221191,0.1703145937499997
a95,CC1=BC(C)C(C)=C1C,CC(C)c1[pH]c(C(C)(C)C)c(C(C)(C)C)c1C(C)(C)C,5,5,1.06e-05,1.31e-05,19.99283298,-15.78155227,3.95e-06,582.7912063,1289.08636,1723.078888,-11.524981,1293.611,4.524601914062487,1658.2738,-64.8050842890625,-11.461996,0.06298492150878943
a96,CCC1=BC(CC)C(CC)=C1CC,CC(C)c1[pH]c(C(C)(C)C)c(C(C)(C)C)c1C(C)(C)C,5,5,1.26e-05,1.52e-05,19.99411538,-16.17359763,4.62e-06,602.3252139,1323.021509,1723.670119,-11.518376,1324.7377,1.7161618984375764,1672.8242,-50.84590025000011,-11.445422,0.07295382745361323
a97,CC(C)C1=BC(C(C)C)C(C(C)C)=C1C(C)C,CC(C)c1[pH]c(C(C)(C)C)c(C(C)(C)C)c1C(C)(C)C,5,5,3.44e-05,3.82e-05,19.99603511,-15.03722573,1.21e-05,554.4919321,1028.62066,1534.255822,-11.423314,1372.0112,343.39057046874996,1733.9202,199.66434401562492,-11.454977,-0.031663035522461414
a98,CC(C)(C)C1=BC(C(C)(C)C)C(C(C)(C)C)=C1C(C)(C)C,CC(C)c1[pH]c(C(C)(C)C)c(C(C)(C)C)c1C(C)(C)C,5,5,1.66e-05,2.23e-05,20.00281666,-15.56220647,6.48e-06,591.1446899,1063.950487,1601.463149,-11.4687,1330.1873,266.23676885937493,1678.6791,77.21592814843757,-11.355653,0.11304719085693371
a99,CC(C)C1=PC(C(C)C)C(C(C)C)=C1C(C)C,CC1=BC(C)C(C)=C1C,5,5,4.14e-05,5.31e-05,19.93521043,-15.79250329,1.57e-05,418.0154589,1305.219888,1515.087364,-11.391506,1462.3375,157.11763641406242,1563.5449,48.45755787500002,-11.221191,0.1703145937499997
sci,C[Si](C)(Oc1cccc2ccccc12)C([Si](C)(C)Oc1cccc2ccccc12)[Si](C)(C)Oc1cccc2ccccc12,C[Si](C)(Oc1cccc2ccccc12)C([Si](C)(C)Oc1cccc2ccccc12)[Si](C)(C)Oc1cccc2ccccc12,1,1,0.024728685,0.044523306,19.53849662,-5.896993176,0.011541999,193.5553298,193.5553298,292.6359194,-6.393991,108.725586,-84.82974386250001,184.15259,-108.48333150937498,-6.096976,0.2970151966247556
B10,C[Si](C)(C)N[Si](C)(C)C,CC1=C(C)C(C)=C1C,1,4,1.58e-06,1.9e-06,19.98430942,-18.36723888,5.82e-07,515.7192289,1467.477354,1653.721011,-11.0493055,1551.2163,83.7389545937499,1880.8608,227.1398288437499,-11.127165,-0.07785934069824307
B11,C[Si](C)(C)N[Si](C)(C)C,CC1=C(C(C)(C)C)C(C)=C1C(C)(C)C,1,4,1.43e-06,1.45e-06,19.98467162,-21.33806195,4.91e-07,647.3699365,1783.334906,2146.112974,-10.868712,1792.7443,9.409356695312454,2092.9902,-53.12273962500012,-10.90968,-0.04096836651611291
B12,C[Si](C)(C)N[Si](C)(C)C,CC(C)(C)C1=C(C(C)(C)C)C(C(C)(C)C)=C1C(C)(C)C,1,4,3.64e-06,4.19e-06,19.99244264,-22.21609424,1.31e-06,686.4858392,1863.386052,2046.721598,-10.8022005,1830.4735,-32.91254125781256,2132.9805,86.25887074999991,-10.913109,-0.1109083256835941
B13,C[Si](C)(C)N[Si](C)(C)C,CC(C)(C)C1=CC(C(C)(C)C)=C1,1,4,4.15e-06,4.57e-06,19.98846711,-21.41203894,1.45e-06,662.1694176,1823.333315,2222.322285,-11.0507975,1788.9269,-34.406435117187584,2083.1792,-139.1430857812502,-10.885878,0.16491989074707014
B14,C[Si](C)(C)N[Si](C)(C)C,CC1=C(C(C)(C)C)C(C)=C1C(C)(C)C,1,4,1.87e-06,2.03e-06,19.99123879,-21.07230494,6.51e-07,630.3439155,1758.604446,2125.374308,-10.9821375,1792.7443,34.13981669531245,2092.9902,-32.38407362499993,-10.90968,0.07245713348388705
B15,C[Si](C)(C)N[Si](C)(C)C,CCC1=C(C(C)(C)C)C(CC)=C1C(C)(C)C,1,4,1.01e-06,1.07e-06,19.99666145,-21.60296669,3.41e-07,659.527127,1808.828464,2152.307231,-10.920424,1800.5353,-8.29318567968744,2102.0571,-50.250102093749774,-10.908396,0.012028232788086513
B16,C[Si](C)(C)N[Si](C)(C)C,CC(C)C1=C(C(C)(C)C)C(C(C)C)=C1C(C)(C)C,1,4,8.86e-07,9.86e-07,19.98958861,-22.05603593,3.11e-07,679.4865427,1857.867504,2241.274151,-10.89559,1812.7605,-45.107005953125054,2115.868,-125.40623107812507,-10.9052105,-0.009620494995116857
B17,C[Si](C)(C)N[Si](C)(C)C,CC(C)=C(C)C,1,2,2.41e-05,2.85e-05,19.9647871,-23.0362057,8.77e-06,633.5923139,1587.582732,1924.741901,-11.25315,1612.922,25.339265070312422,2115.1797,190.4377864999999,-11.46279,-0.20963953552246117
B19,C[Si](C)(C)N[Si](C)(C)C,CC(C)C(=C(C(C)C)C(C)C)C(C)C,1,2,2.41e-05,2.84e-05,19.97039144,-23.92457841,8.75e-06,669.9554426,1614.665272,1949.970779,-10.994339,1642.3055,27.64026999218754,1986.5322,36.56144756250001,-11.148325,-0.15398596643066398
B20,C[Si](C)(C)N[Si](C)(C)C,C/C(=C(/C)C(C)(C)C)C(C)(C)C,1,2,7.1e-05,9.05e-05,19.94057314,-22.52603648,2.69e-05,610.8924274,1515.729103,1866.438711,-11.28734,1670.3821,154.6529770781251,2002.6436,136.2048436875,-11.11285,0.174489810791016
B21,c1ccc([Si](N[Si](c2ccccc2)(c2ccccc2)c2ccccc2)(c2ccccc2)c2ccccc2)cc1,CC1=C(C)C(C(C)(C)C)C(C)=C1C(C)(C)C,1,5,1.92e-06,2.11e-06,20.00091801,-23.83151775,6.69e-07,780.5378459,2121.202801,2171.970921,-10.8871975,2371.7856,250.5828435312501,2341.2864,169.3154559531249,-10.994294,-0.10709666656494221
B22,C[Si](N[Si](C)(C1CCCCC1)C1CCCCC1)(C1CCCCC1)C1CCCCC1,CC1=C(C)C(C(C)(C)C)C(C)=C1C(C)(C)C,1,5,0.0,1.13e-07,20.00198364,-24.39971858,3.81e-08,771.4867227,2228.587074,2103.905464,-11.106363,2036.9216,-191.66544314062503,2159.6855,55.78008287500006,-11.08101,0.02535313519287108
B23,C[Si](N[Si](C)(C1CCCCC1)C1CCCCC1)(C1CCCCC1)C1CCCCC1,CC1=C(C)C(C)=C1C,1,4,4.69e-06,5.37e-06,19.98305637,-21.19286674,1.68e-06,644.1161687,1753.287559,2064.395774,-11.047877,1974.8264,221.5388570156249,2011.7238,-52.672019117187574,-10.947362,0.1005150538940427
B24,C[Si](N[Si](C)(C1CCCCC1)C1CCCCC1)(C1CCCCC1)C1CCCCC1,CC1=C(C(C)(C)C)C(C)=C1C(C)(C)C,1,4,5.72e-07,6.36e-07,20.00052661,-23.90138397,1.8e-07,749.4105966,2050.337409,1909.450819,-11.038239,2012.8806,-37.45679376562521,2083.0996,173.6487903750001,-11.028666,0.009573457397461738
B25,C[Si](N[Si](C)(C1CCCCC1)C1CCCCC1)(C1CCCCC1)C1CCCCC1,CC1=C(C(C)(C)C)C(C)=C1C(C)(C)C,1,4,7.46e-07,8.97e-07,20.00677641,-25.23014591,2.68e-07,782.2621112,2172.37208,2111.067971,-10.946903,2012.8806,-159.4914647656251,2083.0996,-27.968361624999943,-11.028666,-0.08176254260253835
B27,C[Si](N[Si](C)(C1CCCCC1)C1CCCCC1)(C1CCCCC1)C1CCCCC1,CC(C)(C)C1=BC(C(C)(C)C)C(C(C)(C)C)=C1C(C)(C)C,1,5,1.67e-05,2.05e-05,19.98174177,-22.34830218,6.21e-06,640.9440003,1986.455627,2112.84857,-11.4518685,1885.5974,-100.85821489062505,2099.175,-13.673521171875109,-11.157169,0.29469915795898416
B28,C[Si](N[Si](C)(C1CCCCC1)C1CCCCC1)(C1CCCCC1)C1CCCCC1,CC(C)(C)C1=PC(C(C)(C)C)C(C(C)(C)C)=C1C(C)(C)C,1,5,1.38e-05,1.64e-05,19.97778322,-21.99016359,5.03e-06,669.5388799,1677.46612,2038.290298,-11.026927,1859.3412,181.87506652343745,2143.2275,104.9372410625001,-11.226719,-0.19979190258789004
