SN,L1,L2,CN1,CN2,gx,gy,gz,B20,QTM,KD,Ucal,Ueff,tio
2,CC1=CC=CC1,CC1=CC=CC1,5,5,1.12e-05,1.27e-05,19.96603776,-16.4,3.99e-06,515.0481028,1517.094517,1622.731893,-11.427472
3,CC1=CC=CC1C,CC1=CC=CC1C,5,5,8.16e-06,9.12e-06,19.97200881,-16.9,2.88e-06,540.7115676,1568.422751,1713.207174,-11.2787485
4,CC1=CC=C(C)C1C,CC1=CC=C(C)C1C,5,5,7.6e-06,8.22e-06,19.95974094,-17.1,2.64e-06,534.7643487,1580.448293,1702.47622,-11.1600615
5,CC1=CC(C)=C(C)C1C,CC1=CC(C)=C(C)C1C,5,5,3.99e-06,5.59e-06,19.96740407,-17.6,1.6e-06,559.759384,1634.935494,1726.071627,-11.1305745
6,CC1=C(C)C(C)C(C)=C1C,CC1=C(C)C(C)C(C)=C1C,5,5,3.07e-06,3.23e-06,19.9873444,-18.6,1.05e-06,622.7781791,1736.272451,1789.0064,-11.018025
7,CCC1=C(C)C(C)=C(C)C1C,CCC1=C(C)C(C)=C(C)C1C,5,5,3.61e-06,4.01e-06,19.97706054,-18.1,1.27e-06,606.4768805,1678.154341,1744.672997,-11.0574005
8,CCC1=C(C)C(C)=C(CC)C1C,CCC1=C(C)C(C)=C(CC)C1C,5,5,3.43e-06,3.79e-06,19.97769771,-18.2,1.2e-06,610.911985,1685.243015,1785.124235,-11.0718865
9,CCC1=C(C)C(C)=C(CC)C1CC,CCC1=C(C)C(C)=C(CC)C1CC,5,5,3.13e-06,3.44e-06,19.97699447,-18.3,1.1e-06,617.7795674,1697.871518,1785.124235,-11.0883775
10,CCC1=C(CC)C(CC)C(CC)=C1C,CCC1=C(CC)C(CC)C(CC)=C1C,5,5,2.66e-06,2.92e-06,19.98032966,-18.4,9.29e-07,627.0254536,1715.044087,1786.228828,-11.0588255
11,CCC1=C(CC)C(CC)C(CC)=C1CC,CCC1=C(CC)C(CC)C(CC)=C1CC,5,5,2.3e-06,2.52e-06,19.9830035,-18.8,8.07e-07,643.4445258,1745.00362,1796.42119,-10.8107205
12,CC1=C(C)C(C)C(C)=C1C,CC1=C(C)C(C)C(C)=C1C,5,5,5.95e-06,6.79e-06,19.98088487,-18.2,2.13e-06,621.6286065,1692.784939,1728.34957,-11.1335005
13,CC1=C(C)C(C)C(C)=C1C,CC1=C(C)C(C)C(C)=C1C,5,5,2.07e-06,2.29e-06,19.97853155,-18.1,7.2e-07,605.1785461,1677.868604,1747.608321,-10.879419
14,CC1=C(C)C(C)C(C)=C1C,CC1=C(C)C(C)C(C)=C1C,5,5,0.0,2.1e-08,19.9770164,-17.9,1.65e-08,593.8745159,1666.60474,1657.196841,-10.968023
15,CC1=C(C)C(C)C(C)=C1C,CC1=C(C)C(C)C(C)=C1C,5,5,1.15e-06,1.17e-06,19.97919689,-17.9,3.9e-07,593.732771,1667.514317,1746.455061,-10.9157195
16,CC1=C(C)C(C)C(C)=C1C,CC1=C(C)C(C)C(C)=C1C,5,5,7.43e-07,8e-07,19.99015429,-18.2,2.38e-07,631.2794977,1700.497809,1703.057067,-10.828334
17,CC(C)C1=C(C(C)C)C(C(C)C)C(C(C)C)=C1C(C)C,CC(C)C1=C(C(C)C)C(C(C)C)C(C(C)C)=C1C(C)C,5,5,2.14e-07,2.48e-07,20.00522194,-19.0,6.67e-08,718.161962,1985.436557,1619.987701,-10.6810405
18,CC(C)C1=C(C(C)C)C(C(C)C)C(C(C)C)=C1C(C)C,CC(C)C1=C(C(C)C)C(C(C)C)C(C(C)C)=C1C(C)C,5,5,2.14e-07,2.48e-07,20.00522194,-19.0,6.67e-08,718.161962,1990.10992,1619.987701,-10.6810405
19,CCC1=C(C)C(C)=C(C)C1CC,CCC1=C(C)C(C)=C(C)C1CC,5,5,0.0,2.45e-07,20.00484045,-19.0,7.99e-08,716.031623,1784.444137,1496.524448,-10.495258
20,CCC1=C(C)C(C)=C(CC)C1CC,CCC1=C(C)C(C)=C(CC)C1CC,5,5,0.0,1.92e-07,20.00533947,-19.2,5.79e-08,723.4793216,1805.423409,1541.09815,-10.52318
21,CC(C)C1=C(C(C)C)C(C(C)C)C(C(C)C)=C1C(C)C,CC(C)C1=C(C(C)C)C(C(C)C)C(C(C)C)=C1C(C)C,5,5,0.0,2.2e-07,20.00539013,-19.3,4.1e-08,729.1464825,1815.808956,1522.435254,-10.555458
22,CCC1=C(CC)C(CC)C(CC)=C1CC,CCC1=C(CC)C(CC)C(CC)=C1CC,5,5,8.9e-08,1.27e-07,20.00521409,-19.5,3.34e-08,734.8896152,1833.733125,1582.476861,-10.747674
23,CC(C)C1=C(C(C)C)C(C(C)C)C(C(C)C)=C1C(C)C,CC(C)C1=C(C(C)C)C(C(C)C)C(C(C)C)=C1C(C)C,5,5,0.0,2.24e-07,20.00983182,-19.0,1.08e-08,726.8697871,1996.194073,1614.51616,-10.7087635
24,CC1=C(C)C(C)C(C)=C1C,CC1=C(C)C(C)C(C)=C1C,5,5,5.41e-06,6.13e-06,19.98176036,-17.7,1.92e-06,620.0062014,1648.206804,1703.573559,-11.1098145
25,CC1=C(C(C)(C)C)C(C(C)(C)C)=C(C)C1C(C)(C)C,CC1=C(C(C)(C)C)C(C(C)(C)C)=C(C)C1C(C)(C)C,5,5,2.27e-06,2.83e-06,19.99436676,-17.9,8.51e-07,653.6882855,1672.192059,1751.350512,-10.9426545
26,CC1=CC=CC1,CC1=CC=CC1,5,5,7.64e-06,8.76e-06,19.96137804,-16.6,2.73e-06,514.599395,1537.199391,1616.950756,-11.325269
27,CC1=CC=CC1,CC1=CC=CC1,5,5,3.91e-06,4.88e-06,19.95911944,-16.8,1.47e-06,522.2309084,1553.164005,1662.518854,-11.182148
28,CC1=CC=CC1,CC1=CC=CC1,5,5,4.25e-06,5.14e-06,19.96220199,-17.1,1.57e-06,528.4735975,1581.098296,1670.253217,-11.1394095
29,CC1=CC=CC1,CC1=CC=CC1,5,5,6.65e-07,1.15e-06,19.96594957,-17.3,3.04e-07,537.5981818,1602.343754,1688.337005,-10.891509
30,CC1=CC=C(C)C1,CC1=CC=C(C)C1,5,5,3.84e-06,4.21e-06,19.98892665,-18.0,1.34e-06,600.1948781,1676.543306,1747.4252,-11.124672
31,CC1=CC=C(C)C1C,CC1=CC=C(C)C1C,5,5,3.46e-06,4.06e-06,19.96491827,-17.5,1.25e-06,546.7445939,1615.846154,1760.640804,-11.1293915
32,CC1=CC(C)=C(C)C1C,CC1=CC(C)=C(C)C1C,5,5,1.84e-06,2.04e-06,19.9833382,-18.5,6.47e-07,612.219515,1718.706139,1789.164152,-10.928583
33,CC1=CC=CC1C,CC1=CC=CC1C,5,5,7.46e-06,8.62e-06,19.97270942,-17.4,2.68e-06,545.5158472,1604.881993,1704.68293,-11.1761115
34,CC1=CC(C)=C(C)C1,CC1=CC(C)=C(C)C1,5,5,1.08e-05,1.24e-05,19.97405066,-17.2,3.87e-06,553.2966015,1600.335073,1724.261015,-11.3133315
35,CCC1=CC=CC1,CCC1=CC=CC1,5,5,3.16e-06,3.95e-06,19.96191006,-16.0,1.18e-06,506.8722009,1480.252214,1677.511613,-11.348018
36,CC1=CC=CC1,CC1=CC=CC1,5,5,5.38e-06,5.97e-06,19.95971114,-16.1,1.89e-06,506.1291633,1490.803943,1615.029371,-11.352381
37,CC1=CC=CC1,CC1=CC=CC1,5,5,1.04e-05,1.22e-05,19.97376379,-16.2,3.76e-06,521.6729622,1505.120982,1637.542299,-11.457482
38,CC1=CC=CC1,CC1=CC=CC1,5,5,1.91e-06,3.09e-06,19.96903366,-16.5,8.33e-07,539.089097,1539.00591,1764.238946,-11.310212
39,CC1=CC=CC1,CC1=CC=CC1,5,5,3.66e-06,4.08e-06,19.97473719,-17.2,1.29e-06,560.3863128,1600.717049,1760.080169,-11.156566
40,CC1=CC=CC1C,CC1=CC=CC1C,5,5,1.57e-06,1.63e-06,19.97754352,-17.3,5.34e-07,570.2428927,1608.3525,1767.493696,-10.91407
41,CCC1=C(CC)C(CC)C(CC)=C1CC,CCC1=C(CC)C(CC)C(CC)=C1CC,5,5,3.37e-06,3.77e-06,19.98929244,-17.8,1.19e-06,604.5617329,1658.033706,1764.820421,-11.1372845
42,CC1=CC=C(C)C1,CC1=CC=C(C)C1,5,5,3.9e-06,4.7e-06,19.96339268,-17.4,1.43e-06,540.9282752,1611.815292,1756.372714,-11.1504495
43,CC(C)C1=CC=CC1,CC(C)C1=CC=CC1,5,5,8.91e-06,1.06e-05,19.97200267,-16.7,3.26e-06,526.7795259,1540.672713,1634.222822,-11.398
44,CC(C)C1=CC=CC1C(C)C,CC(C)C1=CC=CC1C(C)C,5,5,1.51e-05,1.81e-05,19.97045989,-16.8,5.53e-06,544.8945785,1563.16029,1665.633152,-11.3200125
45,CC1=C(C)C(C)C(C)=C1C,CC1=C(C)C(C)C(C)=C1C,5,5,2.62e-06,2.9e-06,19.97410546,-17.4,9.2e-07,560.1452385,1618.211189,1760.640804,-11.1574905
46,CC1=C(C)C(C)C(C)=C1C,CC1=C(C)C(C)C(C)=C1C,5,5,1.73e-06,1.89e-06,19.98764231,-17.9,6.02e-07,624.3103289,1663.368237,1742.176626,-10.826263
47,CC1=C(C)C(C)C(C)=C1C,CC1=C(C)C(C)C(C)=C1C,5,5,3.36e-07,4.78e-07,20.00399106,-18.7,1.45e-07,713.2312531,1755.129156,1499.737864,-10.5519205
48,CC1=CC=CC1,CC1=CC=CC1,5,5,3.85e-06,4.75e-06,19.96459912,-16.9,1.43e-06,531.9980669,1565.047173,1756.087389,-11.1712675
49,CC1=CC=CC1,CC1=CC=CC1,5,5,4.98e-06,5.94e-06,19.96420109,-16.8,1.82e-06,531.8221091,1556.027014,1702.47622,-11.189475
50,CC1=C(C)C(C)C(C)=C1C,CC1=C(C)C(C)C(C)=C1C,5,5,2.36e-06,2.65e-06,19.97720569,-18.0,8.36e-07,606.9344869,1671.628193,1737.972758,-11.009644
51,CC1=C(C)C(C)C(C)=C1C,CC1=C(C)C(C)C(C)=C1C,5,5,4.73e-07,4.88e-07,19.98017908,-17.9,1.54e-07,592.713729,1662.539063,1660.069616,-11.0067
52,CC1=C(C)C(C)C(C)=C1C,CC1=C(C)C(C)C(C)=C1C,5,5,1.72e-06,1.99e-06,19.98624755,-18.3,6.23e-07,627.9904165,1705.009337,1789.328104,-10.859992
53,CC1=C(C)C(C)C(C)=C1C,CC1=C(C)C(C)C(C)=C1C,5,5,2.79e-06,3.02e-06,19.99302382,-18.1,9.69e-07,632.6111974,1691.084808,1786.39278,-11.0334965
54,c1ccccc1,c1ccccc1,6,6,10.69983138,9.817844401,2.029057509,8.86,3.42,44.93376902,0.0,17.22994248,-5.22132375
55,Cc1ccccc1,Cc1ccccc1,6,6,0.258318957,0.275355843,19.51660287,-5.87,0.0889,111.468175,110.6,39.69691773,-5.7186
56,Cc1ccc(C)cc1,Cc1ccc(C)cc1,6,6,0.127607661,0.179802043,19.55375733,-6.03,0.0512,117.6204389,117.6,39.69691773,-5.7186
57,Cc1cc(C)c(C)cc1C,Cc1cc(C)c(C)cc1C,6,6,0.758322175,0.920866815,16.53303181,6.95,0.28,57.74448722,57.4,17.22994248,-5.22132375
58,Cc1c(C)c(C)c(C)c(C)c1C,Cc1c(C)c(C)c(C)c(C)c1C,6,6,10.68037544,9.197004717,2.808389173,7.06,3.31,39.5482563,39.2,17.22994248,-5.22132375
59,Cc1c(C)c(C)c(C)c(C)c1C,Cc1c(C)c(C)c(C)c(C)c1C,6,6,0.857815862,0.913586099,18.19192342,3.6,0.295,74.73064382,74.2,17.22994248,-5.22132375
60,Cc1c(C)c(C)c(C)c(C)c1C,Cc1c(C)c(C)c(C)c(C)c1C,6,6,0.223260165,0.278021361,17.68805883,6.54,0.0835,33.97013116,33.6,17.22994248,-5.22132375
61,Cc1c(C)c(C)c(C)c(C)c1C,Cc1c(C)c(C)c(C)c(C)c1C,6,6,0.056824895,0.508258981,16.90628169,6.34,0.0942,37.18233428,36.4,17.22994248,-5.22132375
62,Cc1c(C)c(C)c(C)c(C)c1C,Cc1c(C)c(C)c(C)c(C)c1C,6,6,0.010196634,0.058858122,19.70106323,5.8,0.0115,30.43671372,33.6,191.8551128,-6.25091625
63,CCc1c(C)c(C)c(C)c(C)c1C,CCc1c(C)c(C)c(C)c(C)c1C,6,6,0.02593299,0.145255954,19.61917085,5.97,0.0285,26.78326504,26.6,148.6080081,-5.735928
64,CCc1c(C)c(C)c(CC)c(C)c1C,CCc1c(C)c(C)c(CC)c(C)c1C,6,6,0.002665337,0.190488523,19.35697844,6.1,0.0322,29.31942076,28.0,158.6826872,-5.8922485
65,CCc1c(C)c(CC)c(CC)c(C)c1CC,CCc1c(C)c(CC)c(CC)c(C)c1CC,6,6,0.673705867,1.071031889,17.387928,5.99,0.291,48.01729646,47.6,17.22994248,-5.22132375
66,CCc1c(CC)c(CC)c(CC)c(CC)c1CC,CCc1c(CC)c(CC)c(CC)c(CC)c1CC,6,6,1.069864551,1.530050162,18.12688425,-3.32,0.433,70.83364036,70.0,17.22994248,-5.22132375
67,Cc1c(C)c(C)c(C)c(C)c1C,Cc1c(C)c(C)c(C)c(C)c1C,6,6,0.09611872,0.240847744,18.55894698,-5.66,0.0562,72.41888402,71.4,17.22994248,-5.22132375
68,Cc1c(C)c(C)c(C)c(C)c1C,Cc1c(C)c(C)c(C)c(C)c1C,6,6,0.138555968,0.263370715,19.33006977,-4.41,0.067,105.4667009,105.0,21.5458846,-5.5111695
69,Cc1c(C)c(C)c(C)c(C)c1C,Cc1c(C)c(C)c(C)c(C)c1C,6,6,0.583137671,0.802847073,18.75952962,-3.39,0.231,89.95884198,89.6,17.22994248,-5.22132375
70,Cc1c(C)c(C)c(C)c(C)c1C,Cc1c(C)c(C)c(C)c(C)c1C,6,6,1.282878886,1.848174121,17.85039102,5.68,0.522,53.75976452,53.2,17.22994248,-5.22132375
74,C1=CC=C1,C1=CC=C1,4,4,0.026214239,0.034122972,15.5868009,49.9,0.0101,865.0521781,1462.234955,655.8989577,-10.719623
75,CC1=CC=C1,CC1=CC=C1,4,4,7.81e-06,9.21e-06,19.98417949,-22.2,2.84e-06,527.8892528,1420.778794,1926.780488,-11.3881185
76,CC1=CC(C)=C1,CC1=CC(C)=C1,4,4,1.99e-05,2.43e-05,19.96387796,-22.1,7.36e-06,517.5825474,1413.524666,1828.474333,-11.384155
77,CC1=CC(C)=C1C,CC1=CC(C)=C1C,4,4,1.99e-05,2.43e-05,19.96387796,-22.1,7.36e-06,517.5825474,1410.12359,1828.474333,-11.384155
78,CC1=C(C)C(C)=C1C,CC1=C(C)C(C)=C1C,4,4,1.91e-06,2.25e-06,20.00835319,-24.1,6.9e-07,702.4932317,1561.065072,1857.552842,-10.51124
79,CCC1=C(C)C(C)=C1C,CCC1=C(C)C(C)=C1C,4,4,1.88e-06,2.24e-06,20.0082858,-24.1,6.84e-07,702.4468436,1561.317713,1857.552842,-10.51124
80,CC1=C(C)C(C)=C1C,CC1=C(C)C(C)=C1C,4,4,2.72e-06,3.19e-06,20.00832386,-24.1,9.88e-07,698.415039,1669.936751,1885.920194,-10.6326605
81,CC1=C(C)C(C)=C1C,CC1=C(C)C(C)=C1C,4,4,6.64e-06,7.3e-06,19.99700265,-24.1,2.32e-06,594.7472756,1683.678238,2064.866392,-11.220369
82,CC1=C(C)C(C)=C1C,CC1=C(C)C(C)=C1C,4,4,2.96e-06,3.35e-06,20.00836891,-24.1,1.05e-06,701.2797747,1674.191091,1877.797124,-10.6362755
83,CC1=C(C)C(C)=C1C,CC1=C(C)C(C)=C1C,4,4,3.4e-06,4.08e-06,20.00815609,-24.2,1.25e-06,709.1034985,1691.026228,1918.248362,-10.6199825
84,CC1=C(C)C(C)=C1C,CC1=C(C)C(C)=C1C,4,4,1.25e-05,1.41e-05,19.9917452,-23.0,4.44e-06,570.294641,1590.839979,2007.922305,-11.4364815
85,CC1=C(C)C(C)=C1C,CC1=C(C)C(C)=C1C,4,4,9.17e-06,1.06e-05,19.98817391,-22.9,3.3e-06,565.7516368,1564.009514,2009.667849,-11.3917875
86,CC1=C(C)C(C)=C1C,CC1=C(C)C(C)=C1C,4,4,4.15e-06,4.72e-06,19.99595289,-23.2,1.48e-06,586.2702895,1609.49948,2071.326084,-11.181996
87,CC1=C(C)C(C)=C1C,CC1=C(C)C(C)=C1C,4,4,4.16e-06,4.53e-06,20.00131433,-23.4,1.45e-06,615.8272399,1631.000879,2074.034663,-11.157876
88,CC1=C(C)C(C)=C1C,CC1=C(C)C(C)=C1C,4,4,8.04e-06,8.79e-06,19.99663748,-22.4,2.81e-06,584.7398568,1542.431454,2016.5268,-11.437573
89,CC1=C(C)C(C)=C1C,CC1=C(C)C(C)=C1C,4,4,5.15e-06,5.46e-06,20.00187287,-22.7,1.77e-06,608.380372,1589.900157,2013.171085,-11.1369025
90,CC1=C(C)C(C)=C1C,CC1=C(C)C(C)=C1C,4,4,5.15e-06,5.46e-06,20.00187287,-22.7,1.77e-06,608.380372,1604.759883,2020.423495,-11.134327
91,CCC1=C(C)C(C)=C1C,CCC1=C(C)C(C)=C1C,4,4,3.41e-06,3.83e-06,20.0048849,-23.3,1.21e-06,632.9722603,1627.069217,2078.667835,-11.0258625
92,CCC1=C(CC)C(C)=C1C,CCC1=C(CC)C(C)=C1C,4,4,0.0,6.12e-07,20.00422759,-23.3,1.19e-07,641.9962139,1631.946648,2008.773393,-10.9705305
93,CCC1=C(C)C(CC)=C1CC,CCC1=C(C)C(CC)=C1CC,4,4,3.57e-06,3.98e-06,20.00452562,-23.1,1.26e-06,640.6158181,1616.378994,2078.667835,-10.9725975
94,CCC1=C(CC)C(CC)=C1CC,CCC1=C(CC)C(CC)=C1CC,4,4,3.99e-06,4.31e-06,20.00487234,-23.3,1.38e-06,650.3518018,1632.612848,2074.399744,-10.94841
95,CCC1=C(CC)C(C(C)C)=C1CC,CCC1=C(CC)C(C(C)C)=C1CC,4,4,4.23e-06,4.59e-06,20.00239719,-23.5,1.47e-06,635.9314111,1635.517366,2074.034663,-11.058248
96,CCC1=C(C(C)C)C(C(C)C)=C1CC,CCC1=C(C(C)C)C(C(C)C)=C1CC,4,4,1.41e-06,1.66e-06,20.00470882,-23.4,5.13e-07,648.3987783,1637.197822,2085.520727,-10.7715075
97,CCC1=C(C(C)C)C(C(C)C)=C1C(C)C,CCC1=C(C(C)C)C(C(C)C)=C1C(C)C,4,4,1.1e-05,1.31e-05,19.97580991,-20.5,4.02e-06,562.8633144,1653.397347,2031.183713,-11.3438255
98,CC(C)C1=C(C(C)C)C(C(C)C)=C1C(C)C,CC(C)C1=C(C(C)C)C(C(C)C)=C1C(C)C,4,4,1.04e-05,1.21e-05,19.98266875,-20.7,3.75e-06,578.374176,1679.073525,2038.988546,-11.41392
99,CC(C)C1=C(C(C)C)C(C(C)(C)C)=C1C(C)C,CC(C)C1=C(C(C)C)C(C(C)(C)C)=C1C(C)C,4,4,4.57e-06,5.35e-06,19.98478584,-18.4,1.65e-06,513.4496394,1468.176839,1616.21651,-11.252461
100,CC(C)C1=C(C(C)(C)C)C(C(C)C)=C1C(C)(C)C,CC(C)C1=C(C(C)(C)C)C(C(C)C)=C1C(C)(C)C,4,4,1.19e-06,1.22e-06,19.99969503,-22.3,3.95e-07,590.7332458,1661.789186,2083.15925,-11.0072245
101,CC(C)C1=C(C(C)(C)C)C(C(C)(C)C)=C1C(C)(C)C,CC(C)C1=C(C(C)(C)C)C(C(C)(C)C)=C1C(C)(C)C,4,4,5.15e-07,6.08e-07,20.00047252,-22.2,1.9e-07,582.8106743,1633.621969,2009.961347,-11.1153255
102,CC(C)(C)C1=C(C(C)(C)C)C(C(C)(C)C)=C1C(C)(C)C,CC(C)(C)C1=C(C(C)(C)C)C(C(C)(C)C)=C1C(C)(C)C,4,4,1.19e-06,1.29e-06,19.99663268,-18.8,4.16e-07,550.2842113,1487.109763,1749.408018,-11.074973
103,C1=CC=C1,C1=CC=C1,4,4,1.75e-06,2.05e-06,20.00582912,-21.7,6.29e-07,664.9182827,1801.4,2168.426247,-10.715171
104,CC1=CC=C1,CC1=CC=C1,4,4,2e-05,2.43e-05,19.96018164,-20.5,7.38e-06,514.0335085,1661.0,1834.43436,-11.3076855
105,CC1=CC(C)=C1,CC1=CC(C)=C1,4,4,3.4e-05,4.15e-05,19.95351405,-21.5,1.26e-05,521.253441,1767.447863,1897.765406,-11.35299407
106,CC1=CC(C)=C1C,CC1=CC(C)=C1C,4,4,4.39e-05,5.41e-05,19.94420233,-20.4,1.63e-05,496.6373236,1624.620517,1831.309223,-11.1627665
107,CCC1=C(C)C(CC)=C1C,CCC1=C(C)C(CC)=C1C,4,4,1.92e-06,2.18e-06,20.00821467,-23.8,6.87e-07,695.1942756,1657.489249,1888.855518,-10.4948195
108,CCC1=C(CC)C(CC)=C1CC,CCC1=C(CC)C(CC)=C1CC,4,4,7.31e-06,8.38e-06,19.98787256,-21.9,2.61e-06,552.1242831,1615.323615,2012.588848,-11.27667
109,CCC1=C(CC)C(CC)=C1CC,CCC1=C(CC)C(CC)=C1CC,4,4,3.85e-06,4.31e-06,19.99915099,-23.3,1.36e-06,597.6333342,1616.825718,2073.380511,-11.165541
110,CCC1=C(CC)C(CC)=C1CC,CCC1=C(CC)C(CC)=C1CC,4,4,3.97e-06,4.65e-06,19.99155519,-22.5,1.44e-06,575.2718153,1673.534999,2072.617353,-11.201665
111,CCC1=C(CC)C(CC)=C1CC,CCC1=C(CC)C(CC)=C1CC,4,4,6.73e-07,7.86e-07,20.0072014,-23.5,2.41e-07,651.910793,1772.724402,2069.327171,-10.818975
112,CCC1=C(CC)C(CC)=C1CC,CCC1=C(CC)C(CC)=C1CC,4,4,1.87e-05,2.21e-05,19.96508667,-18.9,6.81e-06,492.2188858,1505.934079,1496.578802,-11.284383
113,C=C,C=C,2,2,0.00351032,0.003817987,19.60531087,-23.5,0.000122,813.4073228,1983.084423,1386.13277,-9.96994875
114,C=C,C=CC,2,2,0.000236422,0.000317109,19.90618345,-23.6,9.23e-05,570.3306003,1454.054596,1596.033064,-10.75102564
115,C=C,CC=CC,2,2,8.12e-05,0.000109319,19.839054,-20.8,3.18e-05,454.2235233,1461.977338,1484.930108,-10.777294
116,C=C,CC=C(C)C,2,2,2.64e-06,2.82e-06,19.99321509,-24.3,9.14e-07,638.925632,2184.307747,2253.37798,-11.200357
118,C=CC,CC(C)=C(C)C,2,2,4.66e-05,5.69e-05,19.9686429,-22.7,1.72e-05,568.7068132,1366.705333,1924.271982,-11.397064
119,C=C(C)C,CC(C)=C(C)C,2,2,7.09e-06,8.07e-06,19.99411549,-22.5,2.53e-06,582.4095353,1761.801622,2094.091613,-11.266466
120,CC=C(C)C,CC(C)=C(C)C,2,2,4.33e-06,4.81e-06,19.99747193,-22.8,1.53e-06,591.6998826,1908.608321,2231.963928,-11.3036285
121,CC(C)=C(C)C,CC(C)=C(C)C,2,2,4.31e-06,4.54e-06,19.99911421,-23.1,1.48e-06,596.2775377,1939.025774,2255.35484,-11.2927315
122,C=CC,C=CC,2,2,4.25e-06,4.65e-06,19.99098189,-24.2,1.48e-06,622.9620548,1839.948004,2220.619912,-11.2027495
123,C=CC,C=C(C)C,2,2,5.3e-07,6.33e-07,20.00112011,-23.2,2.03e-07,608.3318363,1950.055873,2189.865502,-11.232528
124,C=C(C)C,C=C(C)C,2,2,2.71e-06,2.95e-06,19.99777219,-21.8,9.43e-07,561.8527141,1939.887565,2257.792121,-11.311649
125,C=C(C)C,CC=C(C)C,2,2,3.97e-06,4.43e-06,19.99930523,-22.3,1.4e-06,578.8890967,1998.407652,2253.524031,-11.3076015
126,CC=C(C)C,CC=C(C)C,2,2,2.55e-06,2.74e-06,19.9992471,-22.7,8.84e-07,585.2922117,2031.273971,2257.792121,-11.27166
127,CC=C(C)C,CC(C)=C(C)C,2,2,4.19e-06,4.62e-06,19.99885988,-22.9,1.47e-06,592.7993218,2054.013903,2253.524031,-11.3067415
128,CC=CC,C=C,2,2,0.001599976,0.002388683,19.84294066,-24.2,0.000665,461.0075667,1774.352224,1257.139719,-10.5908345
129,CC=CC,C=CC,2,2,1.07e-05,1.27e-05,19.95721206,-23.7,3.9e-06,590.6521667,1681.42207,2037.883952,-11.3480665
130,CC=CC,CC=CC,2,2,2.01e-07,3.42e-07,19.99886398,-26.2,8.3e-08,687.2633121,2451.241669,2010.542773,-10.9811145
131,CC=CC,CC=C(C)C,2,2,6.18e-07,7.24e-07,20.00287951,-23.6,2.17e-07,620.3066745,1868.636154,2160.191177,-11.096791
132,CC=C(C)C,CC=C(C)C,2,2,2.84e-06,3.12e-06,19.99784312,-22.6,9.91e-07,587.0987517,1969.863886,2257.792121,-11.317589
133,CC(C)=C(C)C,CCC(C)=C(C)C,2,2,2.88e-06,3.03e-06,20.00030225,-23.3,9.84e-07,601.7939026,1986.788976,2259.622931,-11.301835
134,CC(C)=C(C)C,CCC(CC)=C(C)C,2,2,1.16e-06,1.2e-06,20.00246974,-23.8,3.92e-07,609.4588461,2124.083581,2267.842159,-11.152052
135,CC(C)=C(C)C,CCC(C)=C(CC)CC,2,2,1.16e-06,1.2e-06,20.0024,-23.8,3.92e-07,609.45318,2152.015379,2267.842159,-11.152052
136,CC(C)=C(C)C,CCC(CC)=C(CC)CC,2,2,1.16e-06,1.2e-06,20.0024,-23.8,3.92e-07,609.45318,1626.597405,2085.867829,-10.9969905
137,CCC(CC)=C(CC)CC,CCC(C)=C(C)C,2,2,0.00140898,0.002063938,19.85318532,-19.1,0.000579,453.998769,1663.303845,1077.69859,-10.52992264
138,CCC(CC)=C(C)C,CCC(CC)=C(CC)CC,2,2,6.85e-06,7.72e-06,19.99333266,-23.8,2.43e-06,597.4958916,1878.881101,2169.35575,-11.2985505
139,CCC(CC)=C(C)C,CCC(CC)=C(CC)CC,2,2,7.34e-06,8.24e-06,19.9828176,-24.8,2.6e-06,602.1678852,1561.956372,2000.827371,-11.2248515
140,CCC(CC)=C(CC)CC,CCC(CC)=C(CC)CC,2,2,0.000608091,0.000859004,19.89935359,-17.1,0.000245,368.5983281,1396.340368,1224.040071,-11.0317435
141,CCC(CC)=C(CC)CC,CCC(CC)=C(CC)C(C)C,2,2,0.001139412,0.001650987,19.86197681,-17.3,0.000465,356.3642692,1404.106361,1105.017465,-10.803714
142,CCC(CC)=C(CC)CC,CCC(=C(CC)C(C)C)C(C)C,2,2,0.000394309,0.000526675,19.93555005,-20.8,0.000153,449.4534594,1341.292674,1507.233552,-10.8942175
143,CCC(CC)=C(CC)CC,CCC(=C(C(C)C)C(C)C)C(C)C,2,2,0.000393892,0.000526084,19.93553652,-20.8,0.000153,449.8250478,1414.898316,1507.233552,-10.8942975
144,CCC(CC)=C(CC)CC,CC(C)C(=C(C(C)C)C(C)C)C(C)C,2,2,0.000324308,0.000420995,19.95118013,-22.6,0.000124,506.164434,1458.502739,1518.754215,-10.9231295
145,CCC(CC)=C(CC)C(C)C,CC(C)C(=C(C(C)C)C(C)C)C(C)C,2,2,0.000957734,0.001333635,19.91187516,-19.8,0.000382,432.7496999,1527.773793,1421.707517,-10.88493
146,CCC(CC)=C(C(C)C)C(C)C,CC(C)C(=C(C(C)C)C(C)C)C(C)C,2,2,0.000638785,0.000885721,19.90264214,-20.6,0.000254,455.9623884,1571.96748,1461.274656,-10.84684564
147,CCC(=C(C(C)C)C(C)C)C(C)C,CC(C)C(=C(C(C)C)C(C)C)C(C)C,2,2,0.001091991,0.001527437,19.91172003,-19.9,0.000437,430.4175761,1610.797836,1461.702004,-10.8563925
148,CC(C)C(=C(C(C)C)C(C)C)C(C)C,CC(C)C(=C(C(C)C)C(C)C)C(C)C,2,2,0.000522669,0.000693435,19.94269071,-21.9,0.000203,473.2495398,1926.942692,1633.307055,-10.970236
149,CC(C)=C(C)C,CCC(C)=C(C)CC,2,2,1.54e-06,1.55e-06,20.00250384,-23.7,5.15e-07,614.1652794,2154.89507,2267.129976,-11.109849
150,CCC(C)=C(C)C,CCC(C)=C(C)CC,2,2,2.74e-06,2.83e-06,20.00191989,-23.3,9.28e-07,601.1509832,2118.206499,2262.624089,-11.30354
151,CCC(C)=C(C)CC,CCC(CC)=C(C)C,2,2,3.62e-06,3.8e-06,19.9994098,-23.0,1.23e-06,593.8706427,2080.931357,2257.792121,-11.29529
152,CCC(C)=C(C)CC,CCC(C)=C(CC)CC,2,2,1.9e-06,1.97e-06,20.00058121,-23.3,6.47e-07,598.1225778,2109.948082,2265.559413,-11.132269
153,CCC(C)=C(C)CC,CCC(CC)=C(CC)CC,2,2,3.42e-06,3.68e-06,19.9999462,-23.3,1.18e-06,593.2974397,2094.12196,2257.792121,-11.309319
154,CCC(C)=C(CC)CC,CCC(CC)=C(CC)CC,2,2,2.46e-06,2.69e-06,20.0004303,-24.1,8.58e-07,615.6675526,2171.863191,2260.277083,-11.249646
155,CCC(CC)=C(CC)CC,CCC(CC)=C(CC)CC,2,2,2.37e-05,3.18e-05,19.9537249,-19.4,9.25e-06,446.022484,1287.0,1495.799223,-11.25147707
156,CCC(C)=C(C)CC,CCC(C)=C(C)CC,2,2,2.33e-06,2.36e-06,20.00103474,-23.3,7.79e-07,589.3971226,2102.737297,2261.295118,-11.216791
157,CCC(C)=C(C)C(C)C,CCC(C)=C(C)CC,2,2,9.3e-06,1.06e-05,19.99234085,-23.0,3.31e-06,572.646682,1788.014005,2083.38832,-11.4579745
158,CCC(C)=C(C)C(C)C,CCC(C)=C(C)C(C)C,2,2,6.73e-07,8.3e-07,20.00406275,-27.0,2.43e-07,665.0467995,2116.962707,2206.609902,-10.944629
159,CCC(C)=C(C)C(C)C,CC(=C(C)C(C)C)C(C)C,2,2,7.2e-06,7.61e-06,19.99255404,-23.0,2.47e-06,574.7695442,1789.714815,2076.154777,-11.2768035
160,CC(=C(C)C(C)C)C(C)C,CC(=C(C)C(C)C)C(C)C,2,2,1.76e-05,1.99e-05,19.98182417,-23.5,6.24e-06,586.3393336,2066.755767,2109.315387,-11.5939945
161,CCC(=C(C)C(C)C)C(C)C,CC(=C(C)C(C)C)C(C)C,2,2,1.09e-05,1.2e-05,19.99032795,-23.9,3.82e-06,605.399509,1869.634904,2181.968443,-11.5175845
162,CC(=C(C)C(C)C)C(C)C,CCC(=C(CC)C(C)C)C(C)C,2,2,3.17e-06,3.39e-06,19.99971437,-24.0,1.09e-06,585.060608,1891.933,2231.004516,-11.287581
163,CC(=C(C)C(C)C)C(C)C,CCC(=C(C(C)C)C(C)C)C(C)C,2,2,3.76e-06,4.1e-06,20.00068289,-23.9,1.31e-06,576.2232763,1899.374375,2238.957866,-11.2964385
164,CCC(=C(C)C(C)C)C(C)C,CCC(=C(C(C)C)C(C)C)C(C)C,2,2,3.41e-06,3.89e-06,19.9986966,-26.5,1.22e-06,640.9645441,2076.235314,2258.978298,-11.146403
165,CCC(=C(CC)C(C)C)C(C)C,CCC(=C(C(C)C)C(C)C)C(C)C,2,2,1.92e-05,2.39e-05,19.95703424,-23.0,7.18e-06,537.1138846,1435.044386,1925.430781,-11.419245
166,CCC(=C(C(C)C)C(C)C)C(C)C,CCC(=C(C(C)C)C(C)C)C(C)C,2,2,0.000252216,0.000326881,19.95467781,-20.8,9.65e-05,455.7305855,1282.09189,1495.326355,-10.74995
167,CCC(=C(C(C)C)C(C)C)C(C)C,CC(C)C(=C(C(C)C)C(C)C)C(C)C,2,2,6.57e-06,7.8e-06,20.00012865,-27.5,2.39e-06,664.5912547,1897.0,2197.515404,-11.0676515
168,CCC(=C(C(C)C)C(C)C)C(C)C,CC(C)C(=C(C(C)C)C(C)C)C(C)C,2,2,6.97e-05,8.54e-05,19.96545283,-20.2,2.58e-05,435.0109236,1245.0,1690.838326,-11.264173
169,CCC(=C(C(C)C)C(C)C)C(C)C,CC(C)C(=C(C(C)(C)C)C(C)(C)C)C(C)C,2,2,2.85e-05,3.37e-05,19.97132424,-19.6,1.04e-05,419.5169234,1269.801895,1698.621935,-11.292654
170,CC(C)=C(C)C,CC(C)C(=C(C(C)(C)C)C(C)(C)C)C(C)C,2,2,2.38e-05,2.84e-05,19.9798771,-23.6,8.7e-06,577.4559153,1791.174259,1993.034381,-11.4779605
171,C1=CC=C1,C1=CCC=C1,4,5,2.34e-05,2.96e-05,19.96870825,-17.0,8.83e-06,611.9243185,1247.405834,1584.398861,-11.407633
172,C1=CC=C1,CC1=CC=CC1,4,5,7.47e-05,9.68e-05,19.93748942,-16.2,2.86e-05,468.6315379,1313.34073,1467.333683,-11.32478
173,C1=CC=C1,CC1=CC=CC1C,4,5,4.31e-05,5.58e-05,19.94801415,-16.8,1.65e-05,497.4226065,1426.827837,1538.835524,-11.348467
174,C1=CC=C1,CC1=CC=C(C)C1C,4,5,5.14e-05,6.52e-05,19.95373566,-17.2,1.94e-05,507.5171293,1456.631528,1499.975228,-11.341598
175,C1=CC=C1,CC1=CC(C)=C(C)C1C,4,5,4.84e-05,6.12e-05,19.96035394,-18.1,1.83e-05,528.7395179,1418.844204,1494.320167,-11.321112
176,C1=CC=C1,CC1=C(C)C(C)C(C)=C1C,4,5,4.26e-06,4.79e-06,19.96991102,-18.5,1.51e-06,542.4003977,1469.878791,1733.598884,-11.265332
177,CC1=CC=C1,CC1=C(C)C(C)C(C)=C1C,4,5,6.77e-06,7.94e-06,19.97056338,-19.2,2.45e-06,569.2445535,1412.764935,1688.852497,-11.1780585
178,CC1=C(C)C=C1,CC1=C(C)C(C)C(C)=C1C,4,5,1.49e-05,1.87e-05,19.94522865,-17.1,5.6e-06,485.7133523,1536.910116,1564.754615,-11.3445955
179,CC1=CC(C)=C1C,CC1=C(C)C(C)C(C)=C1C,4,5,0.000403265,0.000566466,19.78225753,-16.4,0.000162,442.0309149,1494.25212,1102.284406,-10.384149
180,CC1=C(C)C(C)=C1C,CC1=C(C)C(C)C(C)=C1C,4,5,4.13e-05,5.31e-05,19.95180475,-19.2,1.57e-05,561.0543596,1390.944147,1608.047106,-11.294615
181,CC1=CC=C1,C1=CCC=C1,4,5,3.26e-05,3.96e-05,19.96612405,-10.9,1.2e-05,445.6560882,1321.51674,1398.651779,-11.2602725
182,CC1=C(C)C=C1,C1=CCC=C1,4,5,9.28e-05,0.000109664,19.96708679,-13.3,3.37e-05,449.2400004,1261.830132,1218.870906,-11.02705
183,CC1=CC(C)=C1C,C1=CCC=C1,4,5,0.000379034,0.00049574,19.9277801,-11.7,0.000146,279.8932962,804.6743866,990.7595417,-10.57341175
184,CC1=C(C)C(C)=C1C,C1=CCC=C1,4,5,5.85e-05,7.82e-05,19.90816702,-17.4,2.28e-05,498.8598863,1166.853524,1417.697235,-11.1179625
185,CC1=C(C)C(C)=C1C,CC1=CC=CC1,4,5,3.82e-05,4.94e-05,19.91605734,-17.6,1.46e-05,503.9498743,1175.566787,1482.803032,-11.2548315
186,CC1=C(C)C(C)=C1C,CC1=CC=CC1C,4,5,0.000113557,0.000149985,19.92790148,-17.9,4.39e-05,522.4051585,1204.16118,1329.624552,-11.210813
187,CC1=C(C)C(C)=C1C,CC1=CC=C(C)C1C,4,5,7.73e-05,0.000102095,19.92978064,-18.1,2.99e-05,521.3924134,1205.391769,1410.10019,-11.2554715
188,CC1=C(C)C(C)=C1C,CC1=CC(C)=C(C)C1C,4,5,3.72e-05,4.83e-05,19.95149261,-19.0,1.42e-05,557.7291451,1280.653148,1574.274898,-11.301101
189,CC1=C(C)C(C)=C1C,CC1=C(C)C(C)C(C)=C1C,4,5,4.28e-05,5.5e-05,19.95225157,-19.2,1.63e-05,565.1148891,1295.109494,1598.686825,-11.279275
190,CC1=CC=C1,CC1=CC=CC1,4,5,7.73e-05,0.000102095,19.92978064,-18.1,2.99e-05,521.3924134,1205.391769,1410.10019,-11.2554715
191,CC1=CC=C1,CC1=CC=CC1C,4,5,5.85e-05,7.82e-05,19.90816702,-17.4,2.28e-05,498.8598863,1166.853524,1417.697235,-11.1179625
192,CC1=CC=C1,CC1=CC(C)=C(C)C1,4,5,9.45e-05,0.000122362,19.86584943,-16.5,3.61e-05,461.0960547,1386.448932,1215.088627,-10.854006
193,CC1=CC(C)=C1,CC1=CC(C)=C(C)C1,4,5,9.68e-05,0.000123633,19.86154315,-17.5,3.67e-05,502.389547,1220.988513,1181.726614,-10.849794
194,CC1=CC(C)=C1,CC1=CC(C)=C(C)C1C,4,5,8.74e-05,0.000110344,19.86635769,-17.8,3.3e-05,514.5374616,1273.778991,1181.954099,-10.864847
195,CC1=CC(C)=C1,CC1=C(C)C(C)C(C)=C1C,4,5,1.15e-05,5.55e-05,19.89764,-17.9,4.5e-05,512.4466186,1281.480017,1427.537603,-11.1439205
196,CC1=CC(C)=C1C,CC1=C(C)C(C)C(C)=C1C,4,5,4.79e-05,7.18e-05,19.8791073,-16.7,5.75e-05,454.5172647,1275.482568,1244.392315,-11.012525
197,CC1=CC=C1,CC1=CC=C(C)C1,4,5,1.91e-05,2.58e-05,19.88631724,-15.8,7.48e-05,431.0117099,1214.261199,1342.893297,-11.103229
198,CC1=CC(C)=C1,CC1=CC=C(C)C1,4,5,8.97e-05,0.000178732,19.8931951,-17.4,5.25e-05,501.2115602,1247.676936,1276.128505,-10.9345305
199,CC1=CC(C)=C1,CC1=C(C)C(C)C(C)=C1C,4,5,8.97e-05,0.000114361,19.8796185,-17.9,3.4e-05,511.3443334,1276.954654,1173.889989,-11.024483
200,CC1=CC=C1,CC1=CC=C(C)C1C,4,5,8.74e-05,9.33e-05,19.88674268,-9.2,0.000113,406.9172073,1261.169186,1097.765432,-10.8845995
201,CC1=CC(C)=C1,CC1=CC=C(C)C1C,4,5,8.93e-05,0.000365219,19.95427866,-11.2,0.000109,402.0855942,1229.643514,1141.765739,-10.858901
202,CC1=CC(C)=C1C,CC1=CC=C(C)C1C,4,5,5.76e-05,4.9e-06,19.93813587,-11.7,9.37e-05,269.8531994,836.9167127,1192.289702,-10.49142
203,CC1=C(C)C(C)=C1C,CC1=CC=C(C)C1C,4,5,7.8e-05,0.00010282,19.93179808,-18.3,3.01e-05,529.4422197,1225.068635,1417.686189,-11.246084
204,C1=CC=C1,C1CCC1,4,5,2.23e-05,2.64e-05,19.94283836,-14.8,8.12e-06,450.8889367,1108.733431,1425.132559,-11.31251
205,CC1=CC=C1,CCC1=CC=CC1,4,5,6.38e-05,7.64e-05,19.93526459,-12.6,2.34e-05,410.4502372,1292.589733,1336.923776,-11.193716
206,CC1=C(C)C=C1,CCC1=CC=CC1,4,5,3.95e-05,4.69e-05,19.97006744,-12.6,1.44e-05,416.8206544,1278.565864,1353.484658,-11.249315
207,CC1=CC(C)=C1C,CCC1=CC=CC1,4,5,1.36e-06,1.88e-05,19.93255056,-11.9,0.000213,483.1504777,1250.75292,1384.783429,-10.978871
208,CC1=C(C)C(C)=C1C,CCC1=CC=CC1,4,5,6.06e-05,8.14e-05,19.91884352,-17.7,2.37e-05,507.9946294,1182.478658,1439.083647,-11.282666
209,CC1=C(C)C(C)=C1C,CCC1=CC=CC1C,4,5,6.89e-05,9.47e-05,19.91760146,-17.3,2.73e-05,515.9506923,1328.32788,1483.213428,-11.258716
210,CC1=C(C)C(C)=C1C,CCC1=C(C)C=CC1C,4,5,7.4e-05,9.8e-05,19.92757486,-18.1,2.87e-05,524.7021315,1214.474216,1409.951825,-11.2592215
211,CC1=C(C)C(C)=C1C,CCC1=C(C)C=C(C)C1C,4,5,6.19e-05,8.12e-05,19.94000019,-18.9,2.39e-05,552.1879871,1263.966613,1499.89832,-11.2178525
212,CC1=C(C)C(C)=C1C,CCC1=C(C)C(C)=C(C)C1C,4,5,3.94e-05,5.07e-05,19.95013343,-19.3,1.5e-05,563.5528627,1300.986001,1598.686825,-11.2693
213,CC1=C(C)C(C)=C1C,CCC1=C(C)C(C)=C(C)C1CC,4,5,2.53e-05,3.35e-05,19.95061113,-19.3,9.8e-06,568.8434401,1302.913204,1598.686825,-11.29474807
214,CC1=C(C)C(C)=C1C,CCC1=C(CC)C(C)C(CC)=C1C,4,5,3.67e-05,4.73e-05,19.95201554,-19.4,1.4e-05,567.6274951,1305.460746,1598.497149,-11.316707
215,C1=CC=C1,CCC1=CC=CC1CC,4,5,7.28e-06,8.81e-06,19.99192823,-18.8,2.68e-06,701.4799798,1252.579523,1425.563391,-10.7466265
216,CC1=CC=C1,CCC1=CC=CC1CC,4,5,3.03e-05,3.84e-05,19.95783224,-17.7,1.14e-05,543.1114213,1200.329769,1582.831509,-11.417146
217,CC1=C(C)C=C1,CCC1=CC=CC1CC,4,5,1.31e-05,1.47e-05,19.97595181,-12.8,4.63e-06,422.3035367,1291.001222,1474.296769,-11.261448
218,CC1=CC(C)=C1C,CCC1=CC=CC1CC,4,5,3.48e-05,4.21e-05,19.93628876,-13.2,1.28e-05,467.0619704,1272.056737,1352.560758,-11.190499
219,CC1=C(C)C(C)=C1C,CCC1=CC=CC1CC,4,5,5.03e-05,6.72e-05,19.92655574,-18.2,1.96e-05,529.7242373,1219.249821,1436.470866,-11.2629565
220,CC1=C(C)C(C)=C1C,CCC1=CC(C)=CC1CC,4,5,5.32e-05,7.08e-05,19.93564331,-18.7,2.07e-05,543.8095376,1245.494993,1499.89832,-11.2004425
221,CC1=C(C)C(C)=C1C,CCC1=CC(C)=C(C)C1CC,4,5,5.35e-05,7.03e-05,19.94025193,-18.9,2.06e-05,554.6377194,1267.509331,1499.89832,-11.2113625
222,CC1=C(C)C(C)=C1C,CCC1=C(C)C(C)=C(C)C1CC,4,5,3.8e-05,4.87e-05,19.9514021,-19.4,1.45e-05,566.5469918,1307.702368,1598.497149,-11.28941
223,CCC1=C(C)C(CC)=C1C,CC1=C(C)C(C)C(C(C)C)=C1C,4,5,5.92e-05,7.53e-05,19.94700802,-17.1,2.24e-05,528.6929038,1172.038747,1445.452527,-11.293608
224,CCC1=C(CC)C(CC)=C1CC,CC1=C(C)C(C)C(C(C)C)=C1C,4,5,1.67e-05,2.02e-05,19.98199901,-18.3,6.16e-06,584.1570281,1246.044421,1557.263144,-11.415154
225,CC1=C(C)C(C)=C1C,CCC1=C(CC)C(CC)C(CC)=C1CC,4,5,3.14e-05,4.01e-05,19.95533722,-19.7,1.19e-05,582.9265485,1327.495201,1870.225626,-11.39434757
226,CCC1=C(C)C(C)=C1C,CCC1=C(CC)C(CC)C(CC)=C1CC,4,5,6.95e-06,8.52e-06,19.96596179,-19.6,2.58e-06,595.6285825,1327.470964,1955.00683,-11.259693
227,CCC1=C(C)C(CC)=C1C,CCC1=C(CC)C(CC)C(CC)=C1CC,4,5,1.26e-05,1.64e-05,19.95704592,-18.7,4.83e-06,574.7276567,1275.765488,1643.144938,-11.317434
228,CCC1=C(C)C(CC)=C1CC,CCC1=C(CC)C(CC)C(CC)=C1CC,4,5,3.04e-05,3.88e-05,19.95468514,-18.6,1.15e-05,576.4595171,1273.45284,1557.840857,-11.30429457
229,CCC1=C(CC)C(CC)=C1CC,CCC1=C(CC)C(CC)C(CC)=C1CC,4,5,6.99e-06,9.26e-06,19.95587736,-18.8,2.71e-06,583.6301787,1288.477155,1675.16244,-11.25246957
230,CCC1=C(C)C(C)=C1C,CCC1=C(CC)C(CC)C(C(C)C)=C1CC,4,5,2.07e-05,2.54e-05,19.97907095,-18.3,7.68e-06,615.0975607,1251.819142,1558.212977,-11.350385
231,CCC1=C(CC)C(C)=C1C,CCC1=C(CC)C(CC)C(C(C)C)=C1CC,4,5,7.59e-06,8.88e-06,19.99539326,-15.8,2.74e-06,471.3185497,1280.057187,1615.224307,-11.345747
232,CCC1=C(C)C(CC)=C1CC,CCC1=C(CC)C(CC)C(C(C)C)=C1CC,4,5,1.12e-05,1.26e-05,19.98927269,-16.7,3.96e-06,525.8959696,1366.91926,1630.1882,-11.449993
233,CCC1=C(CC)C(CC)=C1CC,CCC1=C(CC)C(CC)C(C(C)C)=C1CC,4,5,1.79e-05,1.96e-05,19.98900883,-15.5,6.24e-06,438.6482934,1253.543767,1482.417094,-11.394461
234,CCC1=C(CC)C(CC)=C1CC,CCC1=C(C)C(C)=C(C)C1C,4,5,1.43e-05,1.75e-05,19.94144088,-18.7,5.3e-06,561.7161777,1253.03869,1601.785879,-11.28484057
235,CCC1=C(CC)C(CC)=C1CC,CCC1=C(C)C(C)=C(C)C1CC,4,5,3.5e-05,4.76e-05,19.94469781,-18.0,1.38e-05,547.8446774,1227.036698,1554.999752,-11.3577445
236,CCC1=C(CC)C(CC)=C1CC,CCC1=C(C)C(C)=C(CC)C1CC,4,5,3.92e-05,4.88e-05,19.94420142,-18.1,1.47e-05,565.9080375,1253.725505,1554.999752,-11.3512415
237,CCC1=C(CC)C(CC)=C1CC,CCC1=C(CC)C(CC)C(CC)=C1C,4,5,1.9e-05,2.31e-05,19.95638301,-18.1,7.02e-06,575.0539994,1224.342499,1556.15855,-11.364547
238,CCC1=C(CC)C(CC)=C1CC,CCC1=C(CC)C(CC)C(CC)=C1CC,4,5,9.27e-06,1.19e-05,19.97777025,-18.7,3.53e-06,623.7334449,1269.695511,1659.902418,-11.21626
239,CCC1=C(CC)C(CC)=C1CC,CCC1=C(CC)C(CC)C(C(C)C)=C1CC,4,5,2.07e-05,2.51e-05,19.98037813,-18.8,7.63e-06,632.0222436,1142.415983,1566.583094,-11.304433
240,CCC1=C(CC)C(CC)=C1CC,CCC1=C(CC)C(CC)C(C(C)C)=C1C(C)C,4,5,1.92e-05,2.32e-05,19.9810457,-18.7,7.06e-06,633.8761885,1397.447074,1606.122325,-11.277134
241,CCC1=C(CC)C(CC)=C1CC,CCC1=C(CC)C(C(C)C)C(C(C)C)=C1C(C)C,4,5,1.82e-05,2.28e-05,19.97581379,-18.6,6.83e-06,615.5343715,1263.518314,1560.826598,-11.278802
242,CCC1=C(CC)C(CC)=C1CC,CCC1=C(C(C)C)C(C(C)C)=C(C(C)C)C1C(C)C,4,5,1.94e-05,2.45e-05,19.97533108,-18.7,7.31e-06,616.7240394,1270.201895,1560.826598,-11.272096
243,CCC1=C(CC)C(CC)=C1CC,CC(C)C1=C(C(C)C)C(C(C)C)C(C(C)C)=C1C(C)C,4,5,1.75e-05,2.24e-05,19.97704704,-18.8,6.66e-06,623.1316301,1280.222151,1595.65745,-11.299127
244,CCC1=C(CC)C(C(C)C)=C1CC,CC(C)C1=C(C(C)C)C(C(C)C)C(C(C)C)=C1C(C)C,4,5,1.12e-05,1.43e-05,19.98061242,-18.9,4.24e-06,628.7404288,1284.677792,1678.560321,-11.329486
245,CCC1=C(C(C)C)C(C(C)C)=C1CC,CC(C)C1=C(C(C)C)C(C(C)C)C(C(C)C)=C1C(C)C,4,5,1.32e-05,1.58e-05,19.98315408,-18.9,4.83e-06,632.5039007,1282.827333,1678.560321,-11.307771
246,CCC1=C(C(C)C)C(C(C)C)=C1C(C)C,CC(C)C1=C(C(C)C)C(C(C)C)C(C(C)C)=C1C(C)C,4,5,4.4e-06,4.97e-06,19.99693928,-17.4,1.56e-06,571.6927968,1432.804124,1765.319771,-11.342599
247,CC(C)C1=C(C(C)C)C(C(C)C)=C1C(C)C,CC(C)C1=C(C(C)C)C(C(C)C)C(C(C)C)=C1C(C)C,4,5,1.67e-06,1.9e-06,19.99652454,-17.7,5.95e-07,580.2032594,1445.063757,1777.923023,-11.1005615
248,CC(C)C1=C(C(C)C)C(C(C)C)=C1C(C)C,CC(C)C1=C(C(C)C)C(C(C)C)C(C(C)(C)C)=C1C(C)C,4,5,6.52e-06,7.57e-06,19.99748495,-17.3,2.35e-06,577.9031343,1419.113133,1717.10844,-11.345571
249,CC(C)C1=C(C(C)C)C(C(C)C)=C1C(C)C,CC(C)C1=C(C(C)C)C(C(C)C)C(C(C)(C)C)=C1C(C)(C)C,4,5,1.75e-05,2.1e-05,19.99641059,-17.7,6.43e-06,626.3242664,1436.397792,1639.524836,-11.404018
250,CC(C)C1=C(C(C)C)C(C(C)C)=C1C(C)C,CC(C)C1=C(C(C)(C)C)C(C(C)(C)C)C(C(C)C)=C1C(C)(C)C,4,5,2.72e-05,3.22e-05,19.99249473,-17.7,9.91e-06,623.6216032,1430.705903,1631.911972,-11.435799
251,CC(C)C1=C(C(C)C)C(C(C)C)=C1C(C)C,CC(C)C1=C(C(C)(C)C)C(C(C)(C)C)=C(C(C)(C)C)C1C(C)(C)C,4,5,9.13e-05,0.000112653,19.98547258,-17.8,3.4e-05,616.7748688,1176.379731,1447.393662,-11.336147
252,CC(C)C1=C(C(C)C)C(C(C)C)=C1C(C)C,CC(C)(C)C1=C(C(C)(C)C)C(C(C)(C)C)C(C(C)(C)C)=C1C(C)(C)C,4,5,4.85e-05,5.9e-05,19.99343613,-17.1,1.79e-05,631.8163324,1159.927157,1562.335341,-11.363439
253,CC(C)C1=C(C(C)C)C(C(C)(C)C)=C1C(C)C,CC(C)(C)C1=C(C(C)(C)C)C(C(C)(C)C)C(C(C)(C)C)=C1C(C)(C)C,4,5,6.51e-05,7.98e-05,19.99104859,-17.4,2.41e-05,604.5668059,1123.478961,1533.534282,-11.409705
254,CC(C)C1=C(C(C)(C)C)C(C(C)C)=C1C(C)(C)C,CC(C)(C)C1=C(C(C)(C)C)C(C(C)(C)C)C(C(C)(C)C)=C1C(C)(C)C,4,5,5.5e-05,6.33e-05,19.99204025,-17.0,1.97e-05,603.0853535,1112.743176,1533.534282,-11.423308
255,CC(C)C1=C(C(C)(C)C)C(C(C)(C)C)=C1C(C)(C)C,CC(C)(C)C1=C(C(C)(C)C)C(C(C)(C)C)C(C(C)(C)C)=C1C(C)(C)C,4,5,5.4e-05,6.75e-05,19.98909046,-17.7,2.02e-05,610.6045921,1135.14677,1533.534282,-11.410865
256,CC(C)(C)C1=C(C(C)(C)C)C(C(C)(C)C)=C1C(C)(C)C,CC(C)(C)C1=C(C(C)(C)C)C(C(C)(C)C)C(C(C)(C)C)=C1C(C)(C)C,4,5,2.39e-05,2.71e-05,20.00107196,-17.3,8.49e-06,629.9015275,1204.176784,1596.435986,-11.400853
257,C1=CC=C1,CC1=C(C)C(C)C(C(C)(C)C)=C1C,4,5,1.1e-05,1.38e-05,19.94603472,-17.3,4.14e-06,528.6062905,1149.538683,1609.803167,-11.384405
258,CC1=CC=C1,CC1=C(C)C(C)C(C(C)(C)C)=C1C,4,5,3.4e-05,4.25e-05,19.95481101,-18.1,1.28e-05,561.4113211,1223.77278,1554.999752,-11.378318
259,CC1=CC(C)=C1,CC1=C(C)C(C)C(C(C)(C)C)=C1C,4,5,2.74e-05,3.16e-05,19.9688171,-13.1,9.84e-06,395.1808793,1207.287153,1356.172516,-11.246337
260,CC1=CC(C)=C1C,CC1=C(C)C(C)C(C(C)(C)C)=C1C,4,5,0.000235848,0.00033561,19.84627439,-15.9,9.52e-05,443.1624812,1288.375338,1098.327062,-10.359233
261,CC1=C(C)C(C)=C1C,CC1=C(C)C(C)C(C(C)(C)C)=C1C,4,5,4.69e-05,5.99e-05,19.93556376,-18.2,1.78e-05,554.0938162,1210.424665,1530.235113,-11.3269465
262,CC1=C(C)C(C)=C1C,CC1=C(C)C(C)C(C(C)(C)C)=C1C(C)(C)C,4,5,1.39e-05,2.15e-05,19.93970677,-17.6,5.91e-06,539.6711895,1200.953047,1584.209054,-11.401385
263,CC1=C(C)C(C)=C1C,CCC1=C(C)C(C)=C(C(C)(C)C)C1C(C)(C)C,4,5,3.32e-05,4.64e-05,19.93822991,-17.4,1.33e-05,536.0416411,1187.92671,1583.357854,-11.413189
264,CC1=C(C)C(C)=C1C,CC1=C(C(C)C)C(C(C)(C)C)C(C(C)(C)C)=C1C,4,5,0.000100616,0.000125044,19.9329704,-17.4,3.76e-05,532.2190754,1163.042312,1444.107898,-11.274985
265,CC1=C(C)C(C)=C1C,CC1=C(C)C(C(C)(C)C)C(C(C)(C)C)=C1C(C)(C)C,4,5,0.000351337,0.000469361,19.92176365,-16.7,0.000137,516.4094727,1089.927423,1269.580521,-10.97445
266,CCC1=C(C)C(C)=C1C,CC1=C(C)C(C(C)(C)C)C(C(C)(C)C)=C1C(C)(C)C,4,5,0.000336095,0.000448052,19.92119121,-16.8,0.000131,518.277919,997.9857217,1145.750162,-10.869186
267,CC1=C(C)C(C(C)C)=C1C,CC1=C(C)C(C(C)(C)C)C(C(C)(C)C)=C1C(C)(C)C,4,5,0.000341881,0.000457037,19.91854067,-16.8,0.000133,516.6154207,997.7815536,1148.04478,-10.86168
268,CC1=C(C)C(C(C)(C)C)=C1C,CC1=C(C)C(C(C)(C)C)C(C(C)(C)C)=C1C(C)(C)C,4,5,0.000131858,0.000169804,19.95244563,-15.8,5.03e-05,518.620485,1096.540147,1330.980979,-11.02961
269,CCC1=C(C(C)(C)C)C(C)=C1C,CC1=C(C)C(C(C)(C)C)C(C(C)(C)C)=C1C(C)(C)C,4,5,0.000103514,0.00013108,19.95235725,-16.0,3.91e-05,524.2512871,1111.656427,1361.966771,-11.259168
270,CC1=C(C)C(C(C)(C)C)=C1C(C)C,CC1=C(C)C(C(C)(C)C)C(C(C)(C)C)=C1C(C)(C)C,4,5,9.82e-05,0.000123671,19.95135187,-15.9,3.7e-05,517.5700249,1106.209516,1361.238637,-11.241238
271,CC1=C(C(C)(C)C)C(C(C)(C)C)=C1C,CC1=C(C)C(C(C)(C)C)C(C(C)(C)C)=C1C(C)(C)C,4,5,7.32e-05,8.61e-05,19.94042588,-15.7,2.65e-05,505.2077461,1081.748923,1443.574887,-11.314505
272,CC1=C(C(C)(C)C)C(C(C)(C)C)=C1C,CCC1=C(C)C(C(C)(C)C)=C(C(C)(C)C)C1C(C)(C)C,4,5,3.99e-05,4.4e-05,19.94885216,-16.0,1.4e-05,520.6003002,1102.718221,1500.488593,-11.400872
273,CC1=C(C(C)(C)C)C(C(C)(C)C)=C1C,CC1=C(C(C)C)C(C(C)(C)C)C(C(C)(C)C)=C1C(C)(C)C,4,5,1.44e-05,2.59e-05,19.9735095,-16.8,6.71e-06,571.6244303,1144.920342,1589.043648,-11.419038
274,CC1=C(C(C)(C)C)C(C(C)(C)C)=C1C,CC1=C(C(C)(C)C)C(C(C)(C)C)=C(C(C)(C)C)C1C(C)(C)C,4,5,6.8e-05,8.34e-05,19.98340901,-16.5,2.52e-05,580.1023764,1156.185553,1526.309904,-11.435283
275,CCC1=C(C(C)(C)C)C(C(C)(C)C)=C1C,CC1=C(C(C)(C)C)C(C(C)(C)C)=C(C(C)(C)C)C1C(C)(C)C,4,5,7.38e-05,9.07e-05,19.98260513,-16.4,2.74e-05,579.3679384,1150.992635,1531.344469,-11.450538
276,CC1=C(C(C)(C)C)C(C(C)(C)C)=C1C(C)C,CC1=C(C(C)(C)C)C(C(C)(C)C)=C(C(C)(C)C)C1C(C)(C)C,4,5,4.32e-05,4.89e-05,19.99138858,-17.2,1.54e-05,615.1932158,1208.324919,1587.011126,-11.453297
277,CC1=C(C(C)(C)C)C(C(C)(C)C)=C1C(C)(C)C,CC1=C(C(C)(C)C)C(C(C)(C)C)=C(C(C)(C)C)C1C(C)(C)C,4,5,5.47e-05,6.55e-05,19.99417834,-17.5,2e-05,628.7451162,1222.052499,1535.336445,-11.351009
278,CC1=C(C(C)(C)C)C(C(C)(C)C)=C1C(C)(C)C,CCC1=C(C(C)(C)C)C(C(C)(C)C)=C(C(C)(C)C)C1C(C)(C)C,4,5,2.21e-05,2.71e-05,19.99628546,-16.6,8.2e-06,616.7783775,1280.946824,1630.164555,-11.491752
279,CC1=C(C(C)(C)C)C(C(C)(C)C)=C1C(C)(C)C,CC(C)C1=C(C(C)(C)C)C(C(C)(C)C)=C(C(C)(C)C)C1C(C)(C)C,4,5,2.48e-05,3.05e-05,19.99817225,-16.2,9.22e-06,597.659614,1238.096306,1593.270242,-11.482071
280,CC1=C(C(C)(C)C)C(C(C)(C)C)=C1C(C)(C)C,CC(C)(C)C1=C(C(C)(C)C)C(C(C)(C)C)C(C(C)(C)C)=C1C(C)(C)C,4,5,2.63e-05,3.12e-05,19.99901096,-16.6,9.58e-06,625.1998561,1156.061782,1597.03571,-11.420347
281,CCC1=C(C(C)(C)C)C(C(C)(C)C)=C1C(C)(C)C,CC(C)(C)C1=C(C(C)(C)C)C(C(C)(C)C)C(C(C)(C)C)=C1C(C)(C)C,4,5,4.44e-05,5.44e-05,19.99651114,-16.2,1.65e-05,600.6226941,1133.306911,1597.922145,-11.470519
282,CC(C)C1=C(C(C)(C)C)C(C(C)(C)C)=C1C(C)(C)C,CC(C)(C)C1=C(C(C)(C)C)C(C(C)(C)C)C(C(C)(C)C)=C1C(C)(C)C,4,5,1.94e-05,2.42e-05,19.9979412,-16.8,7.26e-06,613.8294135,1185.870762,1594.931589,-11.433301
283,CC(C)(C)C1=C(C(C)(C)C)C(C(C)(C)C)=C1C(C)(C)C,CC(C)(C)C1=C(C(C)(C)C)C(C(C)(C)C)C(C(C)(C)C)=C1C(C)(C)C,4,5,2.82e-05,3.2e-05,19.99863573,-16.1,1e-05,604.4986808,1125.846404,1597.922145,-11.481541
284,CC1=C(C)C(C(C)(C)C)=C1C,CCC1=C(C)C(C)=C(C)C1C,4,5,5.56e-05,7.04e-05,19.94719663,-17.7,2.1e-05,541.2314205,1216.929152,1524.702762,-11.310584
285,CC1=C(C)C(C(C)(C)C)=C1C,CC1=C(C)C(C)C(C(C)C)=C1C,4,5,2.04e-05,2.18e-05,19.96925372,-12.8,7.04e-06,319.6075432,1043.241107,1366.138781,-11.12708425
287,CCC1=C(C(C)(C)C)C(C)=C1C,CC1=C(C)C(C)C(C(C)(C)C)=C1C,4,5,6.26e-05,8.02e-05,19.93614256,-16.6,2.38e-05,509.5234962,1142.151092,1442.773541,-11.321131
288,CCC1=C(C(C)(C)C)C(C)=C1C,CCC1=C(C)C(C)=C(C)C1C(C)(C)C,4,5,8.11e-05,0.000105096,19.93396143,-16.7,3.1e-05,506.2378156,1132.566253,1443.062365,-11.324175
289,CCC1=C(C(C)(C)C)C(C)=C1C,CC1=C(C)C(C(C)(C)C)C(C(C)C)=C1C,4,5,3.96e-05,4.82e-05,19.97239354,-18.0,1.46e-05,595.2367179,1218.340895,1554.999752,-11.372149
290,CCC1=C(C(C)(C)C)C(C)=C1C,CC1=C(C)C(C)C(C(C)(C)C)=C1C(C)(C)C,4,5,0.000150768,0.000201288,19.92013932,-16.3,5.87e-05,490.4830298,1095.092788,1271.356794,-10.8585
291,CCC1=C(C(C)(C)C)C(C)=C1C,CCC1=C(C)C(C(C)(C)C)=C(C(C)(C)C)C1C,4,5,0.000129631,0.000172097,19.92341759,-16.5,5.03e-05,498.148212,1110.855393,1330.398379,-11.04425
292,CCC1=C(C(C)(C)C)C(C)=C1C,CC1=C(C(C)C)C(C)C(C(C)(C)C)=C1C(C)(C)C,4,5,0.000148682,0.00019604,19.93399277,-16.7,5.75e-05,518.3700287,1116.681226,1284.295598,-10.960545
293,CCC1=C(C(C)(C)C)C(C)=C1C,CC1=C(C(C)(C)C)C(C(C)(C)C)C(C)=C1C(C)(C)C,4,5,1.79e-05,2.13e-05,19.98074286,-17.2,6.53e-06,577.1146342,1420.891891,1629.995747,-11.488491
294,CCC1=C(C(C)(C)C)C(C)=C1C,CCC1=C(C(C)(C)C)C(C)=C(C(C)(C)C)C1C(C)(C)C,4,5,5.75e-07,7.56e-07,19.98444653,-17.5,2.33e-07,596.8794793,1448.594699,1692.599478,-11.127823
296,CCC1=C(C(C)(C)C)C(C)=C1C,CC1=C(C(C)(C)C)C(C(C)(C)C)=C(C(C)(C)C)C1C(C)(C)C,4,5,9.9e-05,0.000122536,19.97511095,-16.3,3.69e-05,560.1321554,1137.096714,1448.634893,-11.323048
297,CCC1=C(C(C)(C)C)C(C)=C1C,CCC(C)(C)C1=C(C)C(C(C)(C)C)=C(C(C)(C)C)C1C(C)(C)C,4,5,1.08e-05,1.24e-05,19.97132738,-16.5,3.87e-06,549.8795694,1231.930803,1685.218184,-11.433653
298,CCC1=C(C(C)(C)C)C(C)=C1C,CC1=C(C(C)(C)C)C(C(C)(C)C)=C(C(C)(C)C)C1C(C)(C)C(C)C,4,5,4.4e-05,5.42e-05,19.97485527,-16.7,1.64e-05,556.651874,1262.563816,1582.636559,-11.406946
299,CCC1=C(C(C)(C)C)C(C)=C1C,CC1=C(C(C)(C)C)C(C(C)(C)C)=C(C(C)(C)C)C1C(C)(C)C(C)(C)C,4,5,2.63e-05,3.67e-05,19.91708862,-15.6,1.05e-05,523.8491003,1188.776753,1497.745578,-11.341405
300,CC1=C(C)C(C(C)(C)C)=C1C(C)C,CC1=C(C(C)(C)C)C(C(C)(C)C)=C(C(C)(C)C)C1C(C)(C)C(C)(C)C,4,5,2.63e-05,3.67e-05,19.91708862,-15.6,1.05e-05,523.8491003,1087.151655,1504.111689,-11.34109
301,CC1=C(C(C)(C)C)C(C(C)(C)C)=C1C,CC1=C(C(C)(C)C)C(C(C)(C)C)=C(C(C)(C)C)C1C(C)(C)C(C)(C)C,4,5,8.75e-05,0.000113881,19.89735464,-15.5,3.36e-05,528.8559349,1270.563163,1320.159701,-11.0531095
302,CCC1=C(C(C)(C)C)C(C(C)(C)C)=C1C,CC1=C(C(C)(C)C)C(C(C)(C)C)=C(C(C)(C)C)C1C(C)(C)C(C)(C)C,4,5,7.22e-05,9.19e-05,19.95871083,-16.7,2.74e-05,606.0131053,1230.201553,1526.757189,-11.351006
307,CC1=C(C(C)(C)C)C(C)=C1C(C)(C)C,CC1=C(C)C(C)C(C)=C1C,4,5,2.96e-05,3.75e-05,19.95668854,-18.1,1.12e-05,552.723793,1226.08607,1554.999752,-11.384961
308,CC1=C(C(C)(C)C)C(C)=C1C(C)(C)C,CCC1=C(C)C(C)=C(C)C1C,4,5,2.13e-05,2.74e-05,19.95263312,-17.2,8.11e-06,531.3855329,1178.501257,1584.297907,-11.403677
309,CC1=C(C(C)(C)C)C(C)=C1C(C)(C)C,CC1=C(C)C(C)C(C(C)C)=C1C,4,5,3.24e-05,4.03e-05,19.96526735,-18.9,1.21e-05,583.232301,1264.603192,1557.613372,-11.328417
310,CC1=C(C(C)(C)C)C(C)=C1C(C)(C)C,CC1=C(C)C(C)C(C(C)(C)C)=C1C,4,5,4.38e-05,5.51e-05,19.95305852,-16.9,1.65e-05,531.5488854,1164.062269,1583.139108,-11.380477
313,CC1=C(C(C)(C)C)C(C)=C1C(C)(C)C,CCC1=C(C)C(C)=C(C)C1C(C)C,4,5,3.81e-05,4.81e-05,19.94475857,-17.1,1.44e-05,529.6013036,1170.888036,1503.386324,-11.377059
314,CC1=C(C(C)(C)C)C(C)=C1C(C)(C)C,CC1=C(C)C(C(C)C)C(C(C)C)=C1C,4,5,3.03e-05,3.43e-05,19.94622681,-16.7,1.08e-05,524.0809274,1364.872168,1539.563658,-11.417803
315,CC1=C(C(C)(C)C)C(C)=C1C(C)(C)C,CC1=C(C)C(C)C(C(C)(C)C)=C1C(C)(C)C,4,5,1.35e-05,1.7e-05,19.95293422,-17.0,5.08e-06,525.4257525,1278.317332,1575.780845,-11.379282
316,CC1=C(C(C)(C)C)C(C)=C1C(C)(C)C,CCC1=C(C)C(C(C)(C)C)=C(C(C)(C)C)C1C,4,5,3.18e-06,4.18e-06,19.9846717,-17.9,1.23e-06,598.0582654,1468.171697,1741.189946,-11.323577
317,CC1=C(C(C)(C)C)C(C)=C1C(C)(C)C,CC1=C(C(C)(C)C)C(C)C(C(C)(C)C)=C1C(C)(C)C,4,5,3.56e-05,4.29e-05,19.96936884,-16.9,1.31e-05,564.2687315,1173.628265,1583.139108,-11.429971
318,CC1=C(C(C)(C)C)C(C)=C1C(C)(C)C,CC1=C(C(C)(C)C)C(C)C(C(C)(C)C)=C1C(C)(C)C,4,5,1.69e-05,1.86e-05,19.98870957,-16.8,5.92e-06,575.9916163,1253.586306,1628.715512,-11.464679
319,CCC1=C(C(C)(C)C)C(C)=C1C(C)(C)C,CC1=C(C(C)(C)C)C(C)C(C(C)(C)C)=C1C(C)(C)C,4,5,1.57e-05,1.72e-05,19.9881216,-17.0,5.48e-06,592.691566,1266.14746,1628.715512,-11.458613
320,CCC1=C(C(C)(C)C)C(CC)=C1C(C)(C)C,CC1=C(C(C)(C)C)C(C)C(C(C)(C)C)=C1C(C)(C)C,4,5,1.51e-05,1.58e-05,19.98160097,-17.5,5.15e-06,611.8244909,1178.26658,1669.255204,-11.441497
321,CCC1=C(C(C)(C)C)C(C(C)C)=C1C(C)(C)C,CC1=C(C(C)(C)C)C(C)C(C(C)(C)C)=C1C(C)(C)C,4,5,8.07e-06,9.76e-06,19.98737158,-18.6,2.97e-06,639.1761292,1375.508617,1694.308255,-11.20804
322,CCC1=C(C(C)(C)C)C(C(C)(C)C)=C1C(C)(C)C,CC1=C(C(C)(C)C)C(C)C(C(C)(C)C)=C1C(C)(C)C,4,5,3.89e-06,4.19e-06,19.98659779,-15.6,1.35e-06,460.4109128,1275.169655,1619.016172,-11.2990995
324,CC(C)(C)C1=C(C(C)(C)C)C(C(C)(C)C)=C1C(C)(C)C,CC1=C(C(C)(C)C)C(C)C(C(C)(C)C)=C1C(C)(C)C,4,5,4.81e-06,6.27e-06,19.99780355,-17.8,1.85e-06,589.3337778,1440.006757,1717.10844,-11.355049
325,Cc1ccccc1,c1ccccc1,6,6,0.733511235,1.26662103,18.19440768,1.46,0.333,53.77388856,53.2,17.22994248,-5.22132375
326,Cc1ccccc1C,c1ccccc1,6,6,2.009577467,5.47807722,13.92486683,8.21,1.25,46.34613564,0.0,17.22994248,-5.22132375
327,Cc1cccc(C)c1C,c1ccccc1,6,6,0.887316444,3.321808292,15.20841941,6.31,0.702,23.34498432,22.4,17.22994248,-5.22132375
328,Cc1ccc(C)c(C)c1C,c1ccccc1,6,6,0.16306317,0.480739622,19.19414812,5.32,0.107,28.51705724,28.0,17.22994248,-5.22132375
329,c1ccccc1,Cc1cc(C)c(C)c(C)c1C,6,6,0.571399993,1.414363089,18.80753682,6.96,0.331,15.7352573,15.4,17.22994248,-5.22132375
330,Cc1c(C)c(C)c(C)c(C)c1C,c1ccccc1,6,6,0.051024748,0.142199623,19.56704881,6.46,0.0322,52.93199044,53.2,148.5167992,-5.59587675
331,Cc1ccc(C)cc1,c1ccccc1,6,6,0.714508187,0.737403342,18.36406817,8.16,0.242,71.94398988,71.4,17.22994248,-5.22132375
332,Cc1ccc(C)c(C)c1,c1ccccc1,6,6,1.31024139,2.053623276,17.09556308,7.57,0.561,61.46865354,60.2,17.22994248,-5.22132375
333,Cc1cc(C)c(C)cc1C,c1ccccc1,6,6,1.846001807,2.034291902,15.51880393,7.59,0.647,39.16065076,37.8,17.22994248,-5.22132375
334,Cc1cc(C)cc(C)c1,c1ccccc1,6,6,0.614101536,3.325730194,15.20034088,6.1,0.657,20.97146324,19.6,17.22994248,-5.22132375
335,Cc1cc(C)cc(C)c1,Cc1ccccc1,6,6,0.352814794,0.534850807,18.75914554,2.53,0.148,53.4105159,53.2,17.22994248,-5.22132375
336,Cc1cc(C)cc(C)c1,Cc1ccc(C)cc1,6,6,0.400880232,0.487280978,19.14865546,-2.47,0.148,72.10111062,71.4,17.22994248,-5.22132375
337,Cc1cc(C)cc(C)c1,Cc1ccc(C)c(C)c1,6,6,0.700762811,0.964423246,18.09182544,1.69,0.278,47.68927128,47.6,17.22994248,-5.22132375
338,Cc1cc(C)cc(C)c1,Cc1cc(C)c(C)cc1C,6,6,10.83521583,9.504687034,2.196117946,2.46,3.39,43.4274386,0.0,17.22994248,-5.22132375
339,Cc1cc(C)c(C)c(C)c1C,Cc1cc(C)cc(C)c1,6,6,0.045013276,0.357311736,17.91527727,1.49,0.0671,30.35131946,100.8,19.58606109,-5.3661195
340,Cc1cc(C)cc(C)c1,Cc1c(C)c(C)c(C)c(C)c1C,6,6,0.060440527,0.336486554,19.08454445,3.25,0.0662,17.48045082,110.6,19.58606109,-5.3713695
341,Cc1c(C)c(C)c(C)c(C)c1C,Cc1cc(C)c(C)c(C)c1,6,6,0.099309771,0.397404234,18.38849865,2.7,0.0828,42.82577446,106.4,19.58606109,-5.3713695
342,CCc1c(C)c(C)c(C)c(C)c1C,Cc1c(C)c(C)c(C)c(C)c1C,6,6,0.380423772,0.484310609,17.572609,6.11,0.144,15.1434241,116.2,19.58606109,-5.3713695
343,Cc1ccccc1,Cc1ccc(C)cc1,6,6,0.243850618,0.255061269,19.52943456,-5.58,0.0832,112.0659119,172.2,96.22148776,-5.75784
344,Cc1ccc(C)cc1,Cc1ccc(C)cc1,6,6,0.160145125,0.184469505,19.60505438,-5.96,0.0574,124.5152503,232.4,96.21953548,-5.7988425
345,Cc1ccc(C)c(C)c1,Cc1ccc(C)cc1,6,6,0.239801909,0.313780356,19.34623657,-5.28,0.0923,98.2248456,156.8,78.07045463,-5.5516095
346,Cc1ccc(C)c(C)c1,CCc1ccc(C)cc1,6,6,0.178104925,0.31451498,19.01817568,-4.03,0.0821,82.25908642,141.4,19.58606109,-5.3713695
347,Cc1ccc(C)c(C)c1C,CCc1ccc(C)cc1,6,6,0.045131275,0.162978319,19.42818494,-3.26,0.0347,77.42299278,165.2,96.852652,-5.5482795
348,CCc1ccc(C)c(C)c1,Cc1ccc(C)c(C)c1C,6,6,0.227674856,0.3044968,19.18563365,-4.85,0.0887,86.14023068,145.6,19.58606109,-5.3713695
349,CCc1cc(C)c(C)cc1C,Cc1ccc(C)c(C)c1C,6,6,0.595658141,0.661619442,18.41004982,-2.66,0.21,77.03019772,77.0,17.22994248,-5.22132375
350,Cc1cc(C)c(C)c(C)c1C,CCc1cc(C)c(C)cc1C,6,6,0.039337326,0.693059415,16.91267409,4.94,0.122,36.37423748,88.2,17.14434374,-5.22807525
351,Cc1c(C)c(C)c(C)c(C)c1C,CCc1cc(C)c(C)cc1C,6,6,0.161771724,0.610198739,18.45066776,6.3,0.129,13.40425394,102.2,19.58606109,-5.3713695
352,Cc1c(C)c(C)c(C)c(C)c1C,CCc1c(C)cc(C)c(C)c1C,6,6,1.907377224,3.763322752,15.9973106,5.37,0.945,49.51849924,49.0,17.22994248,-5.22132375
353,Cc1c(C)c(C)c(C)c(C)c1C,CCc1c(C)c(C)c(C)c(C)c1C,6,6,0.220664487,0.354657347,17.61983771,6.4,0.0959,25.29335578,116.2,19.58606109,-5.3713695
354,CCc1c(C)c(C)c(C)c(C)c1C,CCc1c(C)c(C)c(C)c(C)c1C,6,6,0.13337531,0.559214111,17.07169794,6.16,0.115,36.99800874,95.2,19.58606109,-5.3713695
355,CCc1c(C)c(C)c(CC)c(C)c1C,CCc1c(C)c(C)c(C)c(C)c1C,6,6,1.141428064,1.262865702,17.36537204,6.73,0.401,65.22281808,64.4,17.22994248,-5.22132375
356,CCc1c(C)c(C)c(C)c(C)c1C,CCc1c(C)c(C)c(CC)c(CC)c1C,6,6,0.040711919,0.521133031,17.61893343,6.61,0.0936,40.0757777,103.6,19.58606109,-5.3661195
357,CCc1c(C)c(C)c(C)c(C)c1C,CCc1c(CC)c(CC)c(CC)c(CC)c1CC,6,6,0.04156459,0.052180327,19.7718354,-6.84,0.0156,77.41719916,219.8,312.5313012,-6.68982425
358,CCc1c(C)c(C)c(CC)c(C)c1C,CCc1c(CC)c(CC)c(CC)c(CC)c1CC,6,6,1.134342479,2.394820535,16.68001866,-2.17,0.588,56.7461272,56.0,17.22994248,-5.22132375
359,CCc1c(C)c(C)c(CC)c(CC)c1C,CCc1c(CC)c(CC)c(CC)c(CC)c1CC,6,6,0.137534832,0.171840162,19.89577832,6.46,0.0516,37.47474878,147.0,417.3990541,-6.50410875
360,CCc1c(C)c(CC)c(CC)c(C)c1CC,CCc1c(CC)c(CC)c(CC)c(CC)c1CC,6,6,0.224785913,0.344234765,19.74272405,6.32,0.0948,26.50250204,116.2,42.70898536,-5.94745425
361,CCc1c(C)c(CC)c(CC)c(CC)c1CC,CCc1c(CC)c(CC)c(CC)c(CC)c1CC,6,6,0.142413183,0.183896832,19.81047546,5.03,0.0544,18.19559518,128.8,124.4537619,-6.3982995
362,CCc1c(CC)c(CC)c(CC)c(CC)c1CC,CCc1c(C)c(C)c(C)c(CC)c1C,6,6,0.916806681,1.668482046,16.83643173,-3.13,0.431,66.98721526,65.8,17.22994248,-5.22132375
363,CCc1c(C)c(CC)c(C)c(CC)c1C,CCc1c(CC)c(CC)c(CC)c(CC)c1CC,6,6,0.500735637,0.733494101,19.09014894,-4.1,0.206,95.34928102,95.2,21.5458846,-5.5111695
364,CCc1c(C)c(CC)c(CC)c(CC)c1C,CCc1c(CC)c(CC)c(CC)c(CC)c1CC,6,6,0.476339791,0.603096701,18.86266097,-2.97,0.18,72.69993864,110.6,19.58606109,-5.3713695
365,CCCc1c(CC)c(CC)c(CC)c(CC)c1CC,CCc1c(C)c(C)c(C)c(C)c1C,6,6,0.02401985,0.041369579,19.80767448,-6.45,0.0109,62.51895272,205.8,332.0821849,-6.93973925
366,CCc1c(C)c(C)c(C)c(C)c1C,CCCc1c(CC)c(CC)c(CC)c(CCC)c1CC,6,6,0.003033026,0.053070804,19.83935576,5.99,0.00935,50.3548311,159.6,360.935624,-7.3894925
367,CCc1c(C)c(C)c(C)c(C)c1C,CCCc1c(CC)c(CC)c(C(C)C)c(CCC)c1CC,6,6,0.575135873,0.770216132,19.07118694,-4.01,0.224,89.70375274,89.6,17.22994248,-5.22132375
368,CCc1c(C)c(C)c(C)c(C)c1C,CCCc1c(CC)c(CCC)c(C(C)C)c(C(C)C)c1CC,6,6,0.585716752,0.719066408,18.33540197,-4.28,0.217,75.01431742,74.2,17.22994248,-5.22132375
369,CCc1c(C)c(C)c(C)c(C)c1C,CCCc1c(CCC)c(CCC)c(C(C)C)c(C(C)C)c1CC,6,6,0.175272053,0.266577973,19.81700557,4.5,0.0736,54.03589058,176.4,180.9783319,-6.43550475
371,Cc1c(C)c(C)c(C)c(C)c1C,Cc1ccc(C(C)(C)C)cc1,6,6,0.00861283,0.151634634,19.39244424,2.51,0.0267,36.90956402,127.4,132.0758943,-5.61906975
372,Cc1c(C)c(C)c(C)c(C)c1C,Cc1ccc(C(C)(C)C)cc1C,6,6,0.133828571,0.358881128,18.32944184,5.5,0.0821,28.800254,100.8,19.58606109,-5.3713695
373,Cc1c(C)c(C)c(C)c(C)c1C,Cc1cc(C(C)(C)C)cc(C)c1C,6,6,0.001939246,0.61176136,16.9477675,5.43,0.102,40.9471258,88.2,45.88024332,-5.764867
374,Cc1c(C)c(C)c(C)c(C)c1C,Cc1cc(C(C)(C)C)c(C)c(C)c1C,6,6,0.00747331,0.45981215,17.27394665,2.7,0.0779,33.82370082,102.2,18.63907788,-5.426094
375,Cc1c(C)c(C)c(C)c(C)c1C,Cc1c(C)c(C)c(C(C)(C)C)c(C)c1C,6,6,0.286851622,0.394143492,18.74005612,-5.03,0.113,92.03439966,158.2,76.11063111,-5.4133095
376,Cc1c(C)c(C)c(C)c(C)c1C,CCc1c(C)c(C)c(C)c(C(C)(C)C)c1C,6,6,0.118448223,0.250201804,18.98916604,-5.3,0.0614,94.96452686,147.0,22.22033146,-5.5564095
377,Cc1c(C)c(C)c(C)c(C)c1C,Cc1c(C)c(C(C)C)c(C)c(C(C)(C)C)c1C,6,6,0.301710727,0.445583399,18.90232983,-4.44,0.125,90.07446672,89.6,17.22994248,-5.22132375
378,Cc1c(C)c(C)c(C)c(C)c1C,Cc1c(C)c(C(C)(C)C)c(C)c(C(C)(C)C)c1C,6,6,0.035097042,0.075549725,19.78131365,-4.57,0.0184,107.6675177,106.4,249.8249591,-6.68105675
379,Cc1c(C)c(C)c(C)c(C)c1C,CCc1c(C)c(C)c(C(C)(C)C)c(C)c1C(C)(C)C,6,6,0.110028019,0.202740368,19.70892436,0.635,0.0521,49.57895754,49.0,40.35286676,-5.709528
380,Cc1c(C)c(C)c(C)c(C)c1C,CCc1c(C)c(C)c(C(C)(C)C)c(CC)c1C(C)(C)C,6,6,0.047218614,0.077490673,19.88078235,-5.63,0.0208,78.35581894,208.6,373.7952659,-6.699178
381,Cc1c(C)c(C)c(C)c(C)c1C,CCc1c(C)c(CC)c(C(C)(C)C)c(CC)c1C(C)(C)C,6,6,0.021345762,0.042245613,19.91884738,-2.45,0.0106,68.10665666,207.2,654.0935185,-7.0813835
382,Cc1c(C)c(C)c(C)c(C)c1C,CCc1c(C)c(C(C)C)c(C(C)(C)C)c(CC)c1C(C)(C)C,6,6,0.097806495,0.141711979,19.79568573,-5.75,0.0399,89.29401306,88.2,124.4560999,-6.3020895
383,Cc1c(C)c(C)c(C)c(C)c1C,CCc1c(CC)c(C(C)(C)C)c(CC)c(C(C)(C)C)c1C(C)C,6,6,0.180078301,0.349192834,19.4252262,-4.22,0.0882,73.27912424,72.8,17.22994248,-5.22132375
384,Cc1c(C)c(C)c(C)c(C)c1C,CCc1c(C(C)C)c(C(C)C)c(C(C)(C)C)c(CC)c1C(C)(C)C,6,6,0.073628859,0.116316628,19.73126438,-5.23,0.0317,130.2308475,257.6,214.5583364,-6.30445125
385,CCc1c(C(C)C)c(C(C)C)c(C(C)(C)C)c(CC)c1C(C)(C)C,CCc1c(C)c(C)c(C)c(C)c1C,6,6,0.086875661,0.127163352,19.74929831,-5.3,0.0357,123.0112785,254.8,121.9353998,-6.34002525
386,Cc1c(C)c(C)c(C(C)C)c(C)c1C,CCc1c(C(C)C)c(C(C)C)c(C(C)(C)C)c(CC)c1C(C)(C)C,6,6,0.087061609,0.106595985,19.76741779,-5.36,0.0323,121.2049847,253.4,213.9286572,-6.35826525
387,CCc1c(C)c(C)c(C)c(C)c1C(C)C,CCc1c(C(C)C)c(C(C)C)c(C(C)(C)C)c(CC)c1C(C)(C)C,6,6,0.037445589,0.07938308,19.75144162,-4.89,0.0195,144.5458153,249.2,227.2524605,-6.50317775
388,CCc1c(C)c(C)c(C)c(C(C)C)c1CC,CCc1c(C(C)C)c(C(C)C)c(C(C)(C)C)c(CC)c1C(C)(C)C,6,6,0.001773707,0.022037884,19.71444108,-4.55,0.00397,141.7949294,219.8,329.815432,-7.34785725
389,CCc1c(C)c(C)c(C(C)C)c(CC)c1CC,CCc1c(C(C)C)c(C(C)C)c(C(C)(C)C)c(CC)c1C(C)(C)C,6,6,0.056839004,0.126303337,19.50251951,-3.82,0.0305,100.2619453,165.2,209.5864453,-5.8456515
390,CCc1c(C)c(C(C)C)c(CC)c(CC)c1CC,CCc1c(C(C)C)c(C(C)C)c(C(C)(C)C)c(CC)c1C(C)(C)C,6,6,0.065168745,0.172040235,19.5802178,-3.78,0.0395,116.2706608,116.2,60.50884529,-5.9022225
391,CCc1c(CC)c(CC)c(C(C)C)c(CC)c1CC,CCc1c(C(C)C)c(C(C)C)c(C(C)(C)C)c(CC)c1C(C)(C)C,6,6,0.097236012,0.124453947,19.52804995,-3.78,0.0369,100.2319272,99.4,60.51079756,-5.86062
392,CCc1c(CC)c(CC)c(C(C)C)c(C(C)C)c1CC,CCc1c(C(C)C)c(C(C)C)c(C(C)(C)C)c(CC)c1C(C)(C)C,6,6,0.160674972,0.316545928,19.39796532,-3.7,0.0795,59.25505348,131.6,19.58606109,-5.3713695
393,CCc1c(CC)c(C(C)C)c(C(C)C)c(C(C)C)c1CC,CCc1c(C(C)C)c(C(C)C)c(C(C)(C)C)c(CC)c1C(C)(C)C,6,6,0.052976202,0.10355913,19.67107185,-4.06,0.0261,117.6224326,198.8,214.5583364,-6.21550125
394,CCc1c(CC)c(C(C)C)c(C(C)C)c(C(C)(C)C)c1CC,CCc1c(C(C)C)c(C(C)C)c(C(C)(C)C)c(CC)c1C(C)(C)C,6,6,0.005689767,0.046552244,19.69688457,-4.01,0.00871,120.0278433,211.4,281.5550794,-7.04207675
395,C1=CCC=C1,c1ccccc1,5,6,4.37e-06,4.9e-06,19.97842798,-13.8,1.54e-06,431.4998773,1267.715435,1490.327779,-11.134899
396,CC1=CC=CC1,c1ccccc1,5,6,7.64e-06,8.09e-06,19.97176229,-14.1,2.62e-06,448.0998477,1138.72245,1472.828929,-11.201661
397,CC1=CC=C(C)C1,c1ccccc1,5,6,1.06e-05,1.16e-05,19.96842012,-14.1,3.7e-06,433.1048632,1292.924839,1520.217374,-11.303844
398,CC1=CC(C)=C(C)C1,c1ccccc1,5,6,1.9e-06,2.05e-06,19.98947446,-14.6,6.57e-07,460.8827181,1345.180464,1604.049138,-11.0948745
399,CC1=CC(C)=C(C)C1C,c1ccccc1,5,6,1.34e-05,1.5e-05,19.97530227,-14.9,4.72e-06,470.5963504,1366.072384,1545.291642,-11.318955
400,CC1=C(C)C(C)C(C)=C1C,c1ccccc1,5,6,2.57e-06,3.06e-06,19.98496003,-15.3,9.36e-07,477.8479577,1400.313545,1599.731204,-11.290677
401,CC1=C(C)C(C)C(C)=C1C,Cc1ccccc1,5,6,2.05e-06,2.08e-06,19.98724384,-15.3,6.89e-07,482.3489338,1406.805585,1602.666528,-11.1034345
402,CC1=C(C)C(C)C(C)=C1C,Cc1ccc(C)cc1,5,6,3.19e-06,3.64e-06,19.98650382,-15.5,1.14e-06,486.488142,1423.910221,1664.365302,-11.322078
403,CC1=C(C)C(C)C(C)=C1C,Cc1ccc(C)c(C)c1,5,6,3.41e-06,3.63e-06,19.9795492,-15.6,1.17e-06,480.9315532,1426.174315,1664.019813,-11.312761
404,CC1=C(C)C(C)C(C)=C1C,Cc1cc(C)c(C)c(C)c1,5,6,1.77e-06,2.04e-06,19.99625342,-16.0,6.31e-07,524.4909571,1478.299204,1689.754326,-11.1389455
405,CC1=C(C)C(C)C(C)=C1C,Cc1cc(C)c(C)c(C)c1C,5,6,0.006235384,0.010354581,19.8143663,-3.91,0.00276,92.11824496,1299.309368,778.2725888,-8.74696325
406,CC1=C(C)C(C)C(C)=C1C,Cc1c(C)c(C)c(C)c(C)c1C,5,6,8.99e-07,1.11e-06,19.99589495,-16.7,3.33e-07,552.0547666,1541.124987,1771.090902,-11.143052
407,CC1=CC=CC1,Cc1ccccc1,5,6,1.07e-05,1.31e-05,19.97831624,-14.2,3.98e-06,439.785124,1298.393954,1553.141119,-11.312294
408,CC1=CC=CC1,Cc1ccc(C)cc1,5,6,6.18e-06,7.46e-06,19.97389427,-14.3,2.27e-06,438.5060695,1312.92352,1540.925598,-11.254568
409,CC1=CC=CC1C,Cc1ccc(C)cc1,5,6,4.25e-06,4.71e-06,19.98418432,-14.7,1.49e-06,466.2566637,1354.103762,1595.825127,-11.268343
410,CC1=CC=C(C)C1C,Cc1ccc(C)cc1,5,6,6.14e-06,6.52e-06,19.9786396,-14.8,2.11e-06,463.5244881,1357.210477,1540.784391,-11.275692
411,CC1=CC(C)=C(C)C1C,Cc1ccc(C)cc1,5,6,8e-06,8.69e-06,19.97777953,-15.1,2.78e-06,467.6913979,1384.198516,1551.371234,-11.282816
412,CC1=C(C)C(C)C(C)=C1C,Cc1ccc(C)cc1,5,6,3.63e-06,3.97e-06,19.97473623,-15.5,1.27e-06,485.565873,1419.741607,1662.91522,-11.279268
413,CC1=C(C)C(C)C(C)=C1C,Cc1ccccc1C,5,6,2.73e-06,3.7e-06,19.97962766,-15.3,1.07e-06,475.3120527,1396.033482,1599.768243,-11.27593
414,CC1=CC=CC1,Cc1ccccc1C,5,6,5.3e-06,5.85e-06,19.97059009,-14.2,1.86e-06,431.2550145,1296.922071,1531.356324,-11.213973
415,CC1=CC=C(C)C1,Cc1ccccc1C,5,6,1.34e-06,1.57e-06,19.98192083,-14.5,4.79e-07,458.6497623,1334.752476,1606.946109,-11.0540625
416,CC1=CC=C(C)C1C,Cc1ccccc1C,5,6,1.39e-05,1.56e-05,19.97688253,-14.6,4.92e-06,449.943348,1331.303803,1545.223858,-11.332477
417,CC1=CC(C)=C(C)C1C,Cc1ccccc1C,5,6,3.63e-06,4.61e-06,19.98346036,-14.9,1.37e-06,461.251651,1366.083067,1595.775463,-11.2755785
418,CC1=CC=CC1C,Cc1ccc(C)c(C)c1,5,6,4.25e-06,5.26e-06,19.98167301,-14.7,1.58e-06,457.751163,1348.978158,1565.52404,-11.248542
419,CC1=CC=C(C)C1C,Cc1ccc(C)c(C)c1,5,6,8.46e-06,9.35e-06,19.97707208,-14.8,2.97e-06,461.2868453,1359.976689,1551.515345,-11.314232
420,CC1=CC(C)=C(C)C1C,Cc1ccc(C)c(C)c1,5,6,3.3e-06,4.37e-06,19.97775621,-15.2,1.28e-06,479.9001081,1394.651413,1594.876379,-11.2465985
421,CC1=C(C)C(C)C(C)=C1C,Cc1ccc(C)c(C)c1,5,6,2.04e-06,2.14e-06,19.97538494,-15.6,6.97e-07,482.5069568,1424.716944,1665.850544,-11.0842685
422,C1=CCC=C1,CCc1ccccc1,5,6,5.74e-06,7.64e-06,19.97598034,-13.5,2.23e-06,422.3829837,1100.024922,1444.315201,-11.175633
423,CC1=CC=CC1,CCc1ccccc1,5,6,4.22e-06,5.44e-06,19.97924147,-13.8,1.61e-06,429.0144246,1115.80614,1475.964497,-11.157844
424,CC1=CC=CC1C,CCc1ccccc1,5,6,1.17e-05,1.28e-05,19.97838867,-14.2,4.09e-06,443.2277041,1146.437426,1512.210229,-11.307473
425,CC1=CC(C)=C(C)C1,CCc1ccccc1,5,6,1.84e-06,2.25e-06,19.98243992,-14.5,6.78e-07,452.7647653,1326.044947,1602.635782,-11.0954385
426,CC1=CC(C)=C(C)C1C,CCc1ccccc1,5,6,1.64e-05,1.9e-05,19.98425518,-14.7,5.89e-06,468.9773557,1356.866189,1462.921416,-11.351838
427,CC1=C(C)C(C)C(C)=C1C,CCc1ccccc1,5,6,1.42e-06,2.01e-06,19.98659541,-15.2,5.69e-07,474.3032661,1394.749179,1603.049056,-11.0668615
428,CC1=C(C)C(C)C(C)=C1C,CCc1ccccc1C,5,6,2.2e-06,2.71e-06,19.980861,-15.3,8.17e-07,474.7577223,1396.79372,1600.270081,-11.1656035
429,CC1=C(C)C(C)C(C)=C1C,CCc1ccc(C)cc1C,5,6,2.85e-06,3.31e-06,19.9863756,-15.5,1.02e-06,490.9115623,1428.222564,1664.365302,-11.326669
430,CC1=C(C)C(C)C(C)=C1C,CCc1ccc(C)c(C)c1C,5,6,4.41e-06,5.13e-06,19.98299233,-15.4,1.59e-06,486.910754,1415.789949,1564.816538,-11.2529
431,CC1=C(C)C(C)C(C)=C1C,CCc1cc(C)c(C)c(C)c1C,5,6,5.63e-07,7.73e-07,19.99393191,-16.3,2.11e-07,534.2618126,1500.899512,1695.858823,-11.16447
432,CC1=C(C)C(C)C(C)=C1C,CCc1c(C)c(C)c(C)c(C)c1C,5,6,2.35e-06,2.52e-06,19.99175,-16.4,8.14e-07,540.8273616,1512.921952,1764.432488,-11.2787045
433,CCC1=CC=CC1,CCc1ccccc1,5,6,2.57e-06,3.96e-06,19.97351881,-13.9,1.09e-06,430.8982447,1125.085637,1510.533674,-11.17849
434,CCC1=CC=CC1,CCc1ccc(C)cc1,5,6,4.74e-06,5.79e-06,19.97816067,-14.1,1.76e-06,442.4258153,1143.823786,1472.828929,-11.188066
435,CCC1=CC=CC1,CCc1ccc(CC)cc1,5,6,9.37e-06,1.12e-05,19.98010697,-14.2,3.42e-06,447.5109234,1152.464696,1520.950969,-11.331928
436,CCC1=CC=C(C)C1,CCc1ccc(CC)cc1,5,6,1.3e-05,1.46e-05,19.96606026,-14.6,4.61e-06,450.7293321,1330.534318,1545.223858,-11.331447
437,CCC1=CC(C)=CC1C,CCc1ccc(CC)cc1,5,6,4.88e-06,5.51e-06,19.98087931,-14.9,1.73e-06,470.8798216,1369.82659,1541.888984,-11.230538
438,CCC1=CC(C)=C(C)C1C,CCc1ccc(CC)cc1,5,6,1.63e-06,2.45e-06,19.97953774,-15.0,6.8e-07,477.8915869,1379.663837,1602.321039,-11.0799235
439,CCC1=C(C)C(C)=C(C)C1C,CCc1ccc(CC)cc1,5,6,3.56e-06,3.96e-06,19.98388915,-15.4,1.25e-06,491.0093723,1417.777932,1599.385715,-11.269793
440,CCC1=C(C)C(C)=C(C)C1C,CCc1ccc(CC)c(C)c1,5,6,4.76e-06,5.29e-06,19.98972901,-16.1,1.67e-06,530.7793763,1487.579192,1706.051391,-11.397821
441,CCC1=C(C)C(C)=C(C)C1C,CCc1cc(C)c(CC)cc1C,5,6,4.01e-06,4.63e-06,19.98840837,-16.1,1.44e-06,528.3168948,1485.579731,1679.228227,-11.409067
442,CCC1=C(C)C(C)=C(C)C1C,CCc1cc(C)c(CC)c(C)c1C,5,6,3.65e-06,4.04e-06,19.98903271,-16.3,1.28e-06,543.7779774,1513.430964,1763.93065,-11.401304
443,CCC1=C(C)C(C)=C(C)C1C,CCc1c(C)c(C)c(CC)c(C)c1C,5,6,3.82e-06,4.04e-06,19.9913313,-16.6,1.31e-06,571.2479529,1547.03071,1763.65534,-11.3955935
444,CCC1=CC=C(CC)C1,CCc1ccccc1,5,6,1.36e-05,1.53e-05,19.9657003,-13.3,4.82e-06,426.1695568,1229.546706,1438.284487,-11.221418
445,CCC1=CC=C(CC)C1,CCc1cccc(C)c1,5,6,1.26e-05,1.48e-05,19.96025898,-13.4,4.58e-06,421.1465034,1238.436758,1438.284487,-11.221468
446,CCC1=CC=C(CC)C1,CCc1ccc(C)c(C)c1,5,6,6.33e-06,6.84e-06,19.96302271,-13.6,2.19e-06,433.4800586,1247.942142,1433.777235,-11.171848
447,CCC1=CC=C(CC)C1,CCc1ccc(C)c(C)c1C,5,6,1.05e-05,1.19e-05,19.95463843,-13.7,3.74e-06,426.023624,1261.491213,1455.56203,-11.21272
448,CCC1=CC=C(CC)C1,CCc1cc(C)c(C)c(C)c1C,5,6,4.71e-06,5.17e-06,19.96570386,-14.1,1.65e-06,446.4750052,1298.147021,1498.026476,-11.183121
449,CCC1=CC=C(CC)C1,CCc1c(C)c(C)c(C)c(C)c1C,5,6,4.96e-06,5.45e-06,19.96938153,-14.5,1.73e-06,458.1983402,1331.510424,1541.109365,-11.20982
450,CCC1=CC=C(CC)C1C,CCc1c(C)c(C)c(C)c(C)c1C,5,6,3.72e-06,3.94e-06,19.97422194,-14.8,1.27e-06,475.9345415,1366.673347,1598.005812,-11.2293465
451,CCC1=CC(C)=C(CC)C1C,CCc1c(C)c(C)c(C)c(C)c1C,5,6,2.96e-06,3.31e-06,19.98098492,-15.4,1.04e-06,515.2482028,1431.722204,1613.982108,-11.321314
452,CCC1=C(C)C(C)=C(CC)C1C,CCc1c(C)c(C)c(C)c(C)c1C,5,6,1.91e-06,2.06e-06,19.98701993,-15.9,6.6e-07,537.5322726,1481.849285,1770.79385,-11.1900125
453,CC1=CC=CC1,CCc1cc(CC)cc(CC)c1,5,6,1.77e-06,3.1e-06,19.97688926,-14.3,8.16e-07,437.8442001,1157.974877,1558.876163,-11.110468
454,CC1=CC=C(C)C1,CCc1cc(CC)cc(CC)c1,5,6,2.52e-05,2.82e-05,19.96209119,-14.4,8.9e-06,439.9488132,1168.270389,1416.972625,-11.302564
455,CC1=CC=C(C)C1C,CCc1cc(CC)cc(CC)c1,5,6,1.57e-05,1.72e-05,19.96550925,-14.7,5.49e-06,451.8980607,1189.262664,1461.218512,-11.302887
456,CC1=CC(C)=C(C)C1C,CCc1cc(CC)cc(CC)c1,5,6,8.45e-06,1.02e-05,19.97192656,-15.1,3.1e-06,470.6577961,1225.256963,1506.41955,-11.28325
457,CC1=C(C)C(C)C(C)=C1C,CCc1cc(CC)cc(CC)c1,5,6,4.37e-06,5.11e-06,19.99091942,-15.6,1.58e-06,506.4213634,1436.09562,1645.067626,-11.329265
458,CC1=C(C)C(C)C(C)=C1C,CCc1cc(CC)c(C)c(CC)c1,5,6,4.93e-06,5.63e-06,19.98775244,-15.8,1.76e-06,508.0309811,1447.421807,1621.082437,-11.339394
459,CC1=C(C)C(C)C(C)=C1C,CCc1cc(CC)c(C)c(CC)c1C,5,6,1.89e-06,2.3e-06,19.99412927,-16.1,6.98e-07,525.3338335,1486.36598,1685.151343,-11.1912245
460,CC1=C(C)C(C)C(C)=C1C,CCc1c(C)c(CC)c(C)c(CC)c1C,5,6,2.22e-06,2.58e-06,19.9937726,-16.4,8.02e-07,542.7197453,1514.311011,1770.886554,-11.2693145
461,CCC1=C(C)C(C)=C(C)C1C,CCc1c(C)c(CC)c(C)c(CC)c1C,5,6,2.56e-06,2.95e-06,19.99522679,-16.4,9.21e-07,542.6783569,1516.278184,1770.384716,-11.406689
462,CCC1=C(C)C(C)=C(CC)C1C,CCc1c(C)c(CC)c(C)c(CC)c1C,5,6,2.95e-06,3.39e-06,19.99508863,-16.5,1.06e-06,544.4867789,1521.423385,1770.384716,-11.404548
463,CCC1=C(C)C(C)=C(CC)C1CC,CCc1c(C)c(CC)c(C)c(CC)c1C,5,6,2.76e-06,3.17e-06,19.9951725,-16.6,9.88e-07,551.5985999,1537.895782,1770.384716,-11.40425
464,CCC1=C(CC)C(CC)C(CC)=C1C,CCc1c(C)c(CC)c(C)c(CC)c1C,5,6,2.45e-06,2.78e-06,19.99574208,-16.8,8.7e-07,561.7757337,1555.208724,1768.934735,-11.253281
465,CCC1=C(CC)C(CC)C(CC)=C1CC,CCc1c(C)c(CC)c(C)c(CC)c1C,5,6,2.53e-06,2.89e-06,19.99733946,-17.1,9e-07,574.9262224,1581.324658,1768.934735,-11.2074925
466,CCC1=C(CC)C(CC)C(CC)=C1CC,CCc1c(C)c(CC)c(CC)c(CC)c1C,5,6,1.99e-06,2.24e-06,19.99578926,-16.9,7.05e-07,564.0751,1560.560879,1771.870059,-11.004859
467,CCC1=C(CC)C(CC)C(CC)=C1CC,CCc1c(C)c(CC)c(CC)c(CC)c1CC,5,6,3.68e-06,4.01e-06,19.99139148,-16.8,1.28e-06,563.1149612,1547.521886,1763.65534,-11.3790405
468,CCC1=C(CC)C(CC)C(CC)=C1CC,CCc1c(CC)c(CC)c(CC)c(CC)c1CC,5,6,4.67e-06,5.25e-06,19.99163284,-16.6,1.65e-06,564.1462939,1527.571752,1706.051391,-11.363965
469,CCC1=C(CC)C(CC)C(C(C)C)=C1CC,CCc1c(CC)c(CC)c(CC)c(CC)c1CC,5,6,6.21e-06,6.49e-06,19.99414459,-15.5,2.12e-06,534.4589848,1269.313302,1672.012645,-11.365221
470,CCC1=C(CC)C(CC)C(C(C)C)=C1C(C)C,CCc1c(CC)c(CC)c(CC)c(CC)c1CC,5,6,4.08e-06,5.44e-06,19.98977721,-16.0,1.59e-06,538.016528,1304.492021,1724.604175,-11.377341
471,CCC1=C(CC)C(C(C)C)C(C(C)C)=C1C(C)C,CCc1c(CC)c(CC)c(CC)c(CC)c1CC,5,6,5.94e-06,6.77e-06,19.99231598,-15.8,2.12e-06,531.0932704,1280.794748,1701.294093,-11.427896
472,CCC1=C(C(C)C)C(C(C)C)=C(C(C)C)C1C(C)C,CCc1c(CC)c(CC)c(CC)c(CC)c1CC,5,6,1.77e-06,2.09e-06,19.99703025,-16.0,6.43e-07,557.6863334,1487.211263,1773.32004,-11.1865545
473,CC(C)C1=C(C(C)C)C(C(C)C)C(C(C)C)=C1C(C)C,CCc1c(CC)c(CC)c(CC)c(CC)c1CC,5,6,7.97e-07,9.24e-07,20.00803162,-16.6,2.86e-07,617.7724041,1545.783343,1696.874723,-11.069619
474,CC(C)C1=C(C(C)C)C(C(C)C)C(C(C)C)=C1C(C)C,CCc1c(CC)c(CC)c(C(C)C)c(CC)c1CC,5,6,1.97e-06,2.17e-06,20.00888814,-16.5,6.87e-07,605.2703966,1537.570441,1773.392542,-11.1483855
475,CC(C)C1=C(C(C)C)C(C(C)C)C(C(C)C)=C1C(C)C,CCc1c(CC)c(CC)c(C(C)C)c(C(C)C)c1CC,5,6,4.9e-06,5.36e-06,20.00738174,-15.7,1.71e-06,558.6933027,1262.25308,1672.377726,-11.325653
476,CC(C)C1=C(C(C)C)C(C(C)C)C(C(C)C)=C1C(C)C,CCc1c(CC)c(C(C)C)c(C(C)C)c(C(C)C)c1CC,5,6,1.08e-06,1.36e-06,20.00751257,-16.2,4.04e-07,580.1499823,1294.889238,1774.755179,-11.1645065
477,CC(C)C1=C(C(C)C)C(C(C)C)C(C(C)C)=C1C(C)C,CCc1c(CC)c(C(C)C)c(C(C)C)c(C(C)C)c1C(C)C,5,6,1.33e-06,1.51e-06,20.00621125,-16.9,4.74e-07,552.8120109,1385.836005,1782.205672,-11.1312445
478,CC(C)C1=C(C(C)C)C(C(C)C)C(C(C)C)=C1C(C)C,CCc1c(C(C)C)c(C(C)C)c(C(C)C)c(C(C)C)c1C(C)C,5,6,1.27e-06,1.41e-06,20.00593804,-17.4,4.46e-07,560.3775888,1608.928978,1776.438033,-10.9437445
479,CC(C)C1=C(C(C)C)C(C(C)C)C(C(C)C)=C1C(C)C,CC(C)c1c(C(C)C)c(C(C)C)c(C(C)C)c(C(C)C)c1C(C)C,5,6,1.31e-06,1.37e-06,20.00809039,-17.4,4.47e-07,564.6990055,1616.193415,1776.438033,-10.9429145
480,CC(C)C1=C(C(C)C)C(C(C)C)C(C(C)(C)C)=C1C(C)C,CC(C)c1c(C(C)C)c(C(C)C)c(C(C)C)c(C(C)C)c1C(C)C,5,6,2.37e-07,3.42e-07,20.00649913,-16.8,9.73e-08,546.6646168,1560.561647,1693.577048,-11.035872
481,CC(C)C1=C(C(C)C)C(C(C)C)C(C(C)(C)C)=C1C(C)(C)C,CC(C)c1c(C(C)C)c(C(C)C)c(C(C)C)c(C(C)C)c1C(C)C,5,6,4.77e-07,5.32e-07,20.00741013,-17.0,1.65e-07,547.4695202,1573.567034,1693.577048,-11.029701
482,CC(C)C1=C(C(C)C)C(C(C)(C)C)C(C(C)(C)C)=C1C(C)(C)C,CC(C)c1c(C(C)C)c(C(C)C)c(C(C)C)c(C(C)C)c1C(C)C,5,6,8.23e-06,8.87e-06,20.00087143,-15.5,2.85e-06,512.1459459,1433.790882,1638.942564,-11.423848
483,CC(C)C1=C(C(C)(C)C)C(C(C)(C)C)=C(C(C)(C)C)C1C(C)(C)C,CC(C)c1c(C(C)C)c(C(C)C)c(C(C)C)c(C(C)C)c1C(C)C,5,6,8.07e-06,1.11e-05,20.00624624,-14.9,3.2e-06,568.1512085,1256.973688,1629.528423,-11.397375
484,CC(C)(C)C1=C(C(C)(C)C)C(C(C)(C)C)C(C(C)(C)C)=C1C(C)(C)C,CC(C)c1c(C(C)C)c(C(C)C)c(C(C)C)c(C(C)C)c1C(C)C,5,6,0.000190207,0.000200722,19.99132392,-13.8,6.52e-05,480.3163018,1209.488838,1136.977112,-10.61531
485,CC(C)(C)C1=C(C(C)(C)C)C(C(C)(C)C)C(C(C)(C)C)=C1C(C)(C)C,CC(C)c1c(C(C)C)c(C(C)C)c(C(C)(C)C)c(C(C)C)c1C(C)C,5,6,2.38e-05,2.84e-05,20.00398691,-14.3,8.7e-06,530.0131894,1311.064477,1575.418057,-11.439185
486,CC1=CC=CC1,CC(C)c1ccccc1,5,6,6.94e-06,8.32e-06,19.97886078,-13.8,2.54e-06,429.9859623,1172.493958,1445.616158,-11.163186
487,CC1=CC=CC1C,CC(C)c1ccccc1,5,6,6.46e-06,6.84e-06,19.9723251,-14.1,2.22e-06,438.1423798,1134.081597,1473.235031,-11.260593
488,CC1=CC=C(C)C1C,CC(C)c1ccccc1,5,6,1.2e-05,1.33e-05,19.97345084,-14.3,4.22e-06,439.1801652,1303.884996,1537.224012,-11.316738
489,CC1=CC(C)=C(C)C1C,CC(C)c1ccccc1,5,6,6.58e-06,7.31e-06,19.97875964,-14.8,2.32e-06,459.1967979,1189.405393,1498.129365,-11.218197
490,CC1=C(C)C(C)C(C)=C1C,CC(C)c1ccccc1,5,6,2.12e-06,2.57e-06,19.98245554,-15.3,7.8e-07,488.4380929,1396.958323,1602.321039,-11.1113825
491,CC1=C(C)C(C)C(C)=C1C,Cc1ccc(C(C)C)cc1,5,6,2.04e-06,2.36e-06,19.99185779,-15.3,7.38e-07,488.8620402,1411.148816,1603.341636,-11.1147695
492,CC1=C(C)C(C)C(C)=C1C,Cc1ccc(C(C)C)cc1C,5,6,1.14e-06,1.38e-06,19.99000396,-15.3,4.22e-07,486.031169,1412.647442,1609.168992,-11.1049555
493,CC1=C(C)C(C)C(C)=C1C,Cc1cc(C(C)C)cc(C)c1C,5,6,5.32e-06,6.23e-06,19.9873248,-15.7,1.93e-06,514.5262139,1447.858089,1621.082437,-11.354631
494,CC1=C(C)C(C)C(C)=C1C,Cc1cc(C(C)C)c(C)c(C)c1C,5,6,1.4e-06,1.81e-06,19.9947526,-16.4,5.31e-07,548.1437805,1519.764467,1773.32004,-11.1270275
495,CC1=C(C)C(C)C(C)=C1C,Cc1c(C)c(C)c(C(C)C)c(C)c1C,5,6,6.44e-06,7.32e-06,19.99502678,-16.3,2.29e-06,537.35671,1324.088326,1717.10844,-11.393446
496,CC1=C(C)C(C)C(C)=C1C,CCc1c(C)c(C)c(C(C)C)c(C)c1C,5,6,1.76e-07,3.6e-07,19.99598203,-16.4,1.08e-07,547.7315284,1518.164988,1694.661948,-11.188001
497,CC1=C(C)C(C)C(C)=C1C,CCc1c(C)c(C)c(C(C)C)c(CC)c1C,5,6,5.13e-06,5.96e-06,19.9899621,-15.9,1.85e-06,534.0968373,1296.349254,1701.294093,-11.36983
498,CC1=C(C)C(C)C(C)=C1C,CCc1c(C)c(CC)c(C(C)C)c(CC)c1C,5,6,3.4e-06,3.54e-06,20.00337377,-16.5,1.15e-06,567.414315,1532.124171,1770.384716,-11.406751
499,CC1=C(C)C(C)C(C)=C1C,CCc1c(C)c(CC)c(C(C)C)c(CC)c1CC,5,6,1.57e-06,1.71e-06,20.00350276,-16.8,5.5e-07,580.715218,1558.486954,1771.870059,-10.946129
500,CC1=C(C)C(C)C(C)=C1C,CCc1c(CC)c(CC)c(C(C)C)c(CC)c1CC,5,6,3.37e-06,3.71e-06,20.00030684,-16.2,1.18e-06,593.097478,1500.667384,1770.384716,-11.430275
501,CCC1=C(C)C(C)=C(C)C1C,CCc1c(CC)c(CC)c(C(C)C)c(CC)c1CC,5,6,9.85e-07,1.1e-06,20.00403429,-16.8,3.45e-07,602.3217266,1561.65723,1775.620393,-11.0079185
502,CCC1=C(C)C(C)=C(CC)C1C,CCc1c(CC)c(CC)c(C(C)C)c(CC)c1CC,5,6,4.04e-07,5.83e-07,20.00416043,-16.7,1.83e-07,601.5163419,1559.243668,1698.520697,-11.03678
503,CCC1=C(CC)C(C)C(CC)=C1C,CCc1c(CC)c(CC)c(C(C)C)c(CC)c1CC,5,6,4.56e-07,4.93e-07,20.00411059,-17.0,1.58e-07,607.7206967,1581.557348,1691.658932,-11.039949
504,CCC1=C(CC)C(CC)C(CC)=C1C,CCc1c(CC)c(CC)c(C(C)C)c(CC)c1CC,5,6,2.34e-06,2.56e-06,20.001156,-16.6,8.18e-07,582.9573599,1536.414027,1770.886554,-11.2725905
505,CCC1=C(CC)C(CC)C(CC)=C1CC,CCc1c(CC)c(CC)c(C(C)C)c(CC)c1CC,5,6,0.0,3.4e-07,20.00532862,-17.4,9.56e-08,623.4629684,1800.45073,1752.382981,-10.945212
506,CCC1=C(CC)C(CC)C(CC)=C1CC,CCc1c(CC)c(C(C)C)c(CC)c(CC)c1C(C)C,5,6,1.15e-06,1.26e-06,20.00179617,-16.8,3.93e-07,604.8260767,1565.020395,1777.404836,-10.9980345
507,CCC1=C(CC)C(CC)C(CC)=C1CC,CCc1c(CC)c(C(C)C)c(C(C)C)c(CC)c1C(C)C,5,6,6.6e-06,7.42e-06,20.00018755,-16.8,2.34e-06,605.0711023,1355.722361,1716.815861,-11.325785
508,CCC1=C(CC)C(CC)C(CC)=C1CC,CCc1c(CC)c(C(C)C)c(C(C)C)c(C(C)C)c1C(C)C,5,6,6.09e-06,6.73e-06,20.00207217,-16.8,2.14e-06,609.6604737,1363.168982,1716.815861,-11.384039
509,CCC1=C(CC)C(CC)C(CC)=C1CC,CCc1c(C(C)C)c(C(C)C)c(C(C)C)c(C(C)C)c1C(C)C,5,6,2.64e-06,3.05e-06,20.00295535,-16.6,9.5e-07,592.7956404,1357.43104,1774.987699,-11.398774
510,CCC1=C(CC)C(CC)C(CC)=C1CC,CC(C)c1c(C(C)C)c(C(C)C)c(C(C)C)c(C(C)C)c1C(C)C,5,6,3.19e-06,3.41e-06,20.00263718,-16.7,1.1e-06,599.3053146,1563.657826,1770.989162,-11.2022995
511,CCC1=C(CC)C(CC)C(C(C)C)=C1CC,CC(C)c1c(C(C)C)c(C(C)C)c(C(C)C)c(C(C)C)c1C(C)C,5,6,4.37e-06,4.89e-06,20.00223383,-16.5,1.55e-06,609.1498729,1325.173114,1765.027191,-11.353309
512,CCC1=C(CC)C(C(C)C)C(CC)=C1C(C)C,CC(C)c1c(C(C)C)c(C(C)C)c(C(C)C)c(C(C)C)c1C(C)C,5,6,2.41e-06,2.56e-06,20.00298919,-16.2,8.28e-07,574.7712193,1499.234502,1770.384716,-11.3825635
513,CCC1=C(CC)C(C(C)C)C(C(C)C)=C1C(C)C,CC(C)c1c(C(C)C)c(C(C)C)c(C(C)C)c(C(C)C)c1C(C)C,5,6,2.82e-06,3.07e-06,20.00684249,-16.3,9.78e-07,574.2341135,1507.199197,1770.749797,-11.429655
514,CCC1=C(C(C)C)C(C(C)C)=C(C(C)C)C1C(C)C,CC(C)c1c(C(C)C)c(C(C)C)c(C(C)C)c(C(C)C)c1C(C)C,5,6,1.27e-06,1.59e-06,20.00601149,-17.0,4.8e-07,565.5756725,1390.095361,1782.205672,-11.1074835
515,CC(C)C1=C(C(C)C)C(C(C)C)C(C(C)C)=C1C(C)C,CC(C)c1c(C(C)C)c(C(C)C)c(C(C)C)c(C(C)C)c1C(C)C,5,6,2.16e-06,2.26e-06,20.00586588,-16.6,7.39e-07,555.1309954,1536.811286,1773.685121,-11.1757265
516,CC(C)C1=C(C(C)C)C(C(C)C)C(C(C)(C)C)=C1C(C)C,CC(C)c1c(C(C)C)c(C(C)C)c(C(C)C)c(C(C)C)c1C(C)C,5,6,4.06e-06,4.13e-06,20.0048142,-16.4,1.36e-06,539.5944994,1511.273802,1769.88645,-11.3826185
517,CC(C)C1=C(C(C)C)C(C(C)C)C(C(C)(C)C)=C1C(C)(C)C,CC(C)c1c(C(C)C)c(C(C)C)c(C(C)C)c(C(C)C)c1C(C)C,5,6,5.63e-06,5.88e-06,20.00455621,-16.4,1.92e-06,549.4063442,1510.825302,1712.870538,-11.415748
518,CC(C)C1=C(C(C)C)C(C(C)(C)C)C(C(C)(C)C)=C1C(C)(C)C,CC(C)c1c(C(C)C)c(C(C)C)c(C(C)C)c(C(C)C)c1C(C)C,5,6,7.44e-06,9.3e-06,20.00638234,-16.4,2.79e-06,582.9573599,1348.232483,1728.204475,-11.464929
519,C1=CCC=C1,CC(C)c1ccc(C(C)C)cc1,5,6,8.86e-06,1.26e-05,19.97291534,-13.8,3.58e-06,430.5684407,1120.007136,1474.43921,-11.258389
520,CC1=CC=CC1,CC(C)c1ccc(C(C)C)cc1,5,6,1.06e-05,1.34e-05,19.97521803,-14.0,4e-06,436.3503523,1134.141733,1495.019826,-11.304259
521,CC1=CC=CC1C,CC(C)c1ccc(C(C)C)cc1,5,6,1.19e-05,1.46e-05,19.98160195,-14.3,4.42e-06,452.0717593,1156.557174,1503.673425,-11.345306
522,CC1=CC=C(C)C1C,CC(C)c1ccc(C(C)C)cc1,5,6,2.39e-06,4.36e-06,19.97741918,-14.5,1.13e-06,452.541168,1169.749906,1552.536096,-11.2348955
523,CC1=CC(C)=C(C)C1C,CC(C)c1ccc(C(C)C)cc1,5,6,7.36e-07,1.55e-06,19.98016124,-14.9,3.84e-07,461.7306889,1200.28959,1487.989837,-11.034204
524,CC1=C(C)C(C)C(C)=C1C,CC(C)c1ccc(C(C)C)cc1,5,6,1.11e-06,1.38e-06,19.98236708,-15.2,4.12e-07,477.1450788,1397.285044,1608.148395,-11.0894575
525,CC1=C(C)C(C)C(C)=C1C,Cc1cc(C(C)C)ccc1C(C)C,5,6,2.33e-06,2.58e-06,19.99195107,-15.5,8.2e-07,500.7571636,1431.597927,1680.138641,-11.2387145
526,CC1=C(C)C(C)C(C)=C1C,Cc1c(C(C)C)ccc(C(C)C)c1C,5,6,1.93e-06,2.12e-06,19.99389692,-15.9,6.71e-07,528.9079229,1475.780167,1697.48869,-11.1668695
527,CC1=C(C)C(C)C(C)=C1C,Cc1cc(C(C)C)c(C)c(C)c1C(C)C,5,6,4.62e-07,9.26e-07,19.99601267,-16.2,2.27e-07,542.4995661,1317.671403,1705.552381,-11.140223
528,CC1=C(C)C(C)C(C)=C1C,Cc1c(C)c(C(C)C)c(C)c(C)c1C(C)C,5,6,5.26e-06,6.41e-06,19.9934127,-15.8,1.94e-06,526.91361,1284.194755,1620.85976,-11.366673
529,CC1=C(C)C(C)C(C)=C1C,CCc1c(C)c(C(C)C)c(C)c(C)c1C(C)C,5,6,1.7e-06,2.11e-06,19.9957427,-16.3,6.38e-07,543.0559457,1512.987773,1773.32004,-11.1504015
530,CC1=C(C)C(C)C(C)=C1C,CCc1c(C)c(C(C)C)c(CC)c(C)c1C(C)C,5,6,2.17e-06,2.42e-06,19.99277912,-16.4,7.69e-07,552.7746825,1516.132612,1766.865974,-11.2298805
531,CC1=C(C)C(C)C(C)=C1C,CCc1c(CC)c(C(C)C)c(CC)c(C)c1C(C)C,5,6,1.21e-06,1.49e-06,19.99253982,-16.3,4.43e-07,537.6361533,1504.768531,1770.783542,-11.1838645
532,CC1=C(C)C(C)C(C)=C1C,CCc1c(CC)c(C(C)C)c(CC)c(CC)c1C(C)C,5,6,1.91e-06,2.01e-06,20.00012143,-16.5,6.53e-07,582.0097261,1539.063869,1773.32004,-11.1747075
533,CC1=C(C)C(C)C(C)=C1C,CCc1c(CC)c(C(C)C)c(C(C)C)c(CC)c1C(C)C,5,6,8.26e-07,9.48e-07,20.00013186,-16.5,3.04e-07,579.3402478,1530.559852,1768.460151,-11.14595
534,CC1=C(C)C(C)C(C)=C1C,CCc1c(C(C)C)c(C(C)C)c(CC)c(C(C)C)c1C(C)C,5,6,7.84e-06,8.44e-06,20.00169622,-16.0,2.71e-06,577.0120569,1481.575732,1719.029826,-11.41627
535,CCC1=C(C)C(C)=C(C)C1C,CCc1c(C(C)C)c(C(C)C)c(CC)c(C(C)C)c1C(C)C,5,6,1.5e-06,1.78e-06,20.00605726,-15.8,5.45e-07,588.2903379,1290.670692,1768.927823,-11.1221175
536,CCC1=C(C)C(C)=C(CC)C1C,CCc1c(C(C)C)c(C(C)C)c(CC)c(C(C)C)c1C(C)C,5,6,8.61e-06,9.73e-06,20.00358566,-16.0,3.06e-06,593.8529803,1285.717512,1718.479113,-11.491703
537,CCC1=C(C)C(C)=C(CC)C1CC,CCc1c(C(C)C)c(C(C)C)c(CC)c(C(C)C)c1C(C)C,5,6,5.97e-06,6.41e-06,20.00524124,-15.6,2.06e-06,578.2758691,1447.408224,1717.473521,-11.423246
538,CCC1=C(CC)C(CC)C(CC)=C1C,CCc1c(C(C)C)c(C(C)C)c(CC)c(C(C)C)c1C(C)C,5,6,1.33e-06,1.47e-06,20.00134993,-16.0,4.66e-07,547.8926502,1484.875668,1777.237608,-11.1875665
539,CCC1=C(CC)C(CC)C(CC)=C1CC,CCc1c(C(C)C)c(C(C)C)c(CC)c(C(C)C)c1C(C)C,5,6,1.09e-05,1.13e-05,20.00471459,-15.8,3.69e-06,573.6976981,1453.686227,1739.258317,-11.52357
540,CCC1=C(CC)C(CC)C(C(C)C)=C1CC,CCc1c(C(C)C)c(C(C)C)c(CC)c(C(C)C)c1C(C)C,5,6,5.75e-07,7.2e-07,20.00662018,-16.7,2.06e-07,567.9214127,1547.571284,1696.223904,-11.129594
541,CCC1=C(CC)C(CC)C(C(C)C)=C1C(C)C,CCc1c(C(C)C)c(C(C)C)c(CC)c(C(C)C)c1C(C)C,5,6,5.14e-07,5.47e-07,20.00729972,-17.0,1.79e-07,570.519566,1388.732013,1699.630012,-11.146202
542,CCC1=C(CC)C(C(C)C)C(C(C)C)=C1C(C)C,CCc1c(C(C)C)c(C(C)C)c(CC)c(C(C)C)c1C(C)C,5,6,1.08e-06,1.18e-06,20.00718737,-17.2,3.91e-07,573.2234936,1402.445551,1784.115461,-11.1416755
543,CCC1=C(C(C)C)C(C(C)C)=C(C(C)C)C1C(C)C,CCc1c(C(C)C)c(C(C)C)c(CC)c(C(C)C)c1C(C)C,5,6,2.09e-06,2.29e-06,20.00703551,-17.2,7.27e-07,576.9878143,1398.697927,1778.288104,-11.1608005
544,CC(C)C1=C(C(C)C)C(C(C)C)C(C(C)C)=C1C(C)C,CCc1c(C(C)C)c(C(C)C)c(CC)c(C(C)C)c1C(C)C,5,6,5.12e-06,6.09e-06,20.00417887,-16.8,1.87e-06,564.3764378,1374.928204,1717.473521,-11.339143
545,C1=CC=C1,c1ccccc1,4,6,1.46e-05,1.55e-05,19.99371395,-14.2,5.02e-06,408.6252703,854.0,1379.129867,-11.270105
546,CC1=CC=C1,c1ccccc1,4,6,4.99e-06,5.27e-06,19.98785681,-13.4,1.71e-06,368.854366,865.55,1307.191368,-11.099647
547,CC1=CC(C)=C1,c1ccccc1,4,6,6.29e-05,7.57e-05,19.98965141,-15.1,2.31e-05,463.0967237,881.825,1250.915554,-11.192401
548,CC1=CC(C)=C1C,c1ccccc1,4,6,9.87e-06,1.14e-05,19.9902629,-13.2,3.54e-06,364.4300138,901.25,1354.35112,-11.203656
549,CC1=C(C)C(C)=C1C,c1ccccc1,4,6,2.45e-06,2.88e-06,19.98795159,-13.4,8.88e-07,367.1685328,1172.010201,1496.606286,-11.206926
550,CC1=C(C)C(C)=C1C,Cc1ccccc1,4,6,1.31e-05,1.53e-05,19.9877819,-13.2,4.73e-06,362.5638583,1159.099001,1443.234279,-11.302239
551,CC1=C(C)C(C)=C1C,Cc1ccc(C)cc1,4,6,5.72e-06,6.66e-06,19.9928165,-13.8,2.07e-06,374.1814184,1210.834363,1445.300579,-11.23541
552,CC1=C(C)C(C)=C1C,Cc1ccc(C)c(C)c1,4,6,5.45e-05,6.32e-05,19.98951858,-15.5,1.96e-05,478.6931565,1229.773656,1423.334729,-11.332813
553,CC1=C(C)C(C)=C1C,Cc1cc(C)c(C)c(C)c1,4,6,2.26e-06,3.21e-06,19.99254857,-15.3,9.07e-07,501.6495121,1251.113837,1569.90691,-11.304162
554,CC1=C(C)C(C)=C1C,Cc1cc(C)c(C)c(C)c1C,4,6,1.5e-05,1.71e-05,19.99116793,-15.6,5.36e-06,515.0451076,1262.055366,1539.818681,-11.417783
555,CC1=C(C)C(C)=C1C,Cc1c(C)c(C)c(C)c(C)c1C,4,6,5.42e-06,6.74e-06,19.99396535,-15.6,2.03e-06,513.7633108,1259.593519,1583.115815,-11.324773
556,CC1=CC=C1,Cc1ccccc1,4,6,1.55e-06,1.59e-06,19.99212206,-14.1,5.21e-07,403.4698182,1178.712456,1533.054116,-11.0590315
557,CC1=CC=C1,Cc1ccc(C)cc1,4,6,6.32e-06,6.92e-06,19.99544942,-13.2,2.21e-06,419.8482091,1166.010246,1445.8562,-11.206146
558,CC1=CC=C1,Cc1ccc(C)c(C)c1,4,6,3.27e-06,3.51e-06,19.98951728,-13.4,1.13e-06,369.9313558,1188.626573,1497.281394,-11.210749
559,CC1=CC=C1,Cc1cc(C)c(C)cc1C,4,6,4.6e-06,4.85e-06,19.99088673,-13.7,1.57e-06,378.6800251,1221.117724,1489.513595,-11.189977
560,CC1=CC=C1,Cc1cc(C)c(C)c(C)c1C,4,6,3.42e-06,3.84e-06,19.99005491,-13.9,1.21e-06,380.3477765,1234.417869,1502.120898,-11.205108
561,CC1=CC=C1,Cc1c(C)c(C)c(C)c(C)c1C,4,6,5.3e-06,5.51e-06,19.99028209,-13.9,1.8e-06,383.8005846,1240.039894,1444.241639,-11.179914
562,CC1=CC(C)=C1,Cc1c(C)c(C)c(C)c(C)c1C,4,6,3.81e-06,3.84e-06,16.0027296,-67.8,1.27e-06,1345.485397,1161.825,1401.756156,-9.923523
563,CC1=CC(C)=C1C,Cc1c(C)c(C)c(C)c(C)c1C,4,6,7.71e-07,1.14e-06,19.99165518,-13.8,3.21e-07,375.1415612,1153.013084,1436.817505,-11.012314
564,C1=CC=C1,Cc1ccccc1,4,6,6.66e-07,1.07e-06,20.00322895,-15.8,2.86e-07,491.967792,1251.546758,1554.296808,-11.037185
565,C1=CC=C1,Cc1ccc(C)cc1,4,6,7.24e-06,8.05e-06,19.99121689,-14.2,2.55e-06,405.0189924,1276.33773,1497.973486,-11.243467
566,C1=CC=C1,Cc1ccc(C)c(C)c1,4,6,6.27e-06,7.33e-06,19.99150391,-14.2,2.27e-06,404.1559983,1280.308013,1533.481515,-11.279637
567,C1=CC=C1,Cc1cc(C)c(C)cc1C,4,6,7.14e-06,7.78e-06,19.99173025,-14.3,2.49e-06,408.587674,1287.26843,1533.481515,-11.255257
568,C1=CC=C1,Cc1cc(C)c(C)c(C)c1C,4,6,8.63e-06,9.51e-06,19.99079309,-14.4,3.02e-06,410.187937,1299.451237,1544.212469,-11.351721
569,C1=CC=C1,Cc1c(C)c(C)c(C)c(C)c1C,4,6,1.08e-05,1.2e-05,19.99081198,-14.6,3.8e-06,415.0139013,1310.178357,1564.835583,-11.387922
570,CC1=CC=C1,Cc1ccc(C)cc1,4,6,8.67e-06,9.61e-06,19.9848786,-14.4,3.05e-06,398.0509744,1284.880549,1543.537361,-11.354965
571,CC1=CC(C)=C1,Cc1ccc(C)cc1,4,6,5.42e-05,6.57e-05,19.98624576,-15.3,2e-05,462.699894,1380.127132,1409.149987,-11.338224
572,CC1=CC(C)=C1C,Cc1ccc(C)cc1,4,6,2.86e-06,3.59e-06,19.99182504,-13.5,1.08e-06,369.2121461,1190.294898,1497.281394,-11.206358
573,CC1=C(C)C(C)=C1C,Cc1ccc(C)cc1,4,6,1.03e-06,1.87e-06,19.99635435,-15.0,4.84e-07,490.4222928,1385.686012,1611.70549,-11.0542715
574,CC1=C(C)C(C)=C1C,CCc1ccc(C)cc1,4,6,5.01e-06,7.63e-06,19.99596348,-15.2,2.11e-06,502.454437,1404.528209,1563.577512,-11.298146
575,CC1=C(C)C(C)=C1C,CCc1ccc(C)cc1C,4,6,5.01e-06,7.63e-06,19.99596348,-15.2,2.11e-06,502.454437,1369.895913,1563.577512,-11.298365
576,CC1=C(C)C(C)=C1C,CCc1cc(C)c(C)cc1C,4,6,5.01e-06,7.63e-06,19.99596348,-15.2,2.11e-06,502.454437,1363.127839,1563.577512,-11.299756
577,CC1=C(C)C(C)=C1C,CCc1cc(C)c(C)c(C)c1C,4,6,1.02e-06,1.15e-06,19.99318519,-14.3,3.55e-07,389.3804884,1265.285858,1563.814984,-11.0823505
578,CC1=C(C)C(C)=C1C,CCc1c(C)c(C)c(C)c(C)c1C,4,6,4.1e-06,4.45e-06,19.99494325,-15.8,1.43e-06,524.6576341,1283.582349,1673.190631,-11.351965
579,CC1=CC=C1,CCc1ccccc1,4,6,1.53e-05,1.68e-05,19.99132584,-13.6,5.34e-06,373.035784,1142.455323,1409.966436,-11.292934
580,CC1=CC(C)=C1,CCc1ccccc1,4,6,3.67e-06,4.06e-06,19.9888526,-13.8,1.29e-06,374.516109,1136.086365,1512.383554,-11.2192335
581,CC1=CC(C)=C1C,CCc1ccccc1,4,6,4.31e-06,4.78e-06,19.98804676,-13.5,1.51e-06,371.5849458,1022.125702,1501.071708,-11.180043
582,CC1=C(C)C(C)=C1C,CCc1ccccc1,4,6,3.34e-06,3.68e-06,19.99016557,-13.7,1.17e-06,379.4738989,1045.106391,1505.339798,-11.181647
583,CC1=C(C)C(C)=C1C,CCc1cccc(C)c1,4,6,3.19e-05,3.48e-05,19.99433379,-14.9,1.11e-05,494.3323372,1198.982349,1440.125657,-11.36234
584,CC1=C(C)C(C)=C1C,CCc1cc(C)ccc1C,4,6,1.87e-05,2.21e-05,19.99454613,-14.9,6.81e-06,502.5284544,1206.205014,1440.976856,-11.35739
585,CC1=C(C)C(C)=C1C,CCc1cc(C)cc(C)c1C,4,6,1.31e-05,1.38e-05,19.99577421,-15.3,4.48e-06,513.4977399,1236.173228,1522.988969,-11.379688
586,CC1=C(C)C(C)=C1C,CCc1cc(C)c(C)c(C)c1C,4,6,2.72e-05,2.92e-05,19.99409961,-15.8,9.39e-06,519.0078319,1279.98667,1537.762374,-11.46768
587,CC1=C(C)C(C)=C1C,CCc1c(C)c(C)c(C)c(C)c1C,4,6,1.7e-05,1.84e-05,19.99413308,-15.5,5.9e-06,514.0732185,1257.325966,1546.272747,-11.411948
588,CCC1=C(C)C(C)=C1C,CCc1c(C)c(C)c(C)c(C)c1C,4,6,2.71e-05,3.36e-05,19.99197316,-16.0,1.01e-05,486.1417586,1269.945689,1481.268526,-11.39109
589,CCC1=C(C)C(C)=C1C,Cc1c(C)c(C)c(C)c(C)c1C,4,6,5.1e-06,6.63e-06,19.99347873,-15.5,1.95e-06,519.369837,1260.613411,1576.661749,-11.323495
590,CCC1=C(C)C(C)=C1C,CCc1c(C)c(C)c(CC)c(C)c1C,4,6,1.5e-05,1.62e-05,19.99425901,-15.8,5.21e-06,525.2860148,1285.110692,1624.086714,-11.469533
591,CCC1=C(C)C(C)=C1C,CCc1c(C)c(C)c(CC)c(CC)c1C,4,6,1.22e-05,1.33e-05,19.99444136,-15.9,4.26e-06,526.7527441,1290.038497,1633.181514,-11.466303
592,CCC1=C(C)C(C)=C1C,CCc1c(C)c(C)c(CC)c(CC)c1CC,4,6,6.57e-05,7.52e-05,19.98621411,-16.1,2.35e-05,499.9536013,1283.892225,1472.991528,-11.411023
593,CCC1=C(C)C(C)=C1C,CCc1c(C)c(CC)c(CC)c(CC)c1CC,4,6,7.34e-05,7.97e-05,19.98799835,-16.6,2.55e-05,525.8423059,1324.444389,1483.079943,-11.42077
594,CCC1=C(C)C(C)=C1C,CCc1c(CC)c(CC)c(CC)c(CC)c1CC,4,6,1.46e-05,1.72e-05,19.96307565,-14.9,5.3e-06,460.2095168,924.6503685,1345.031782,-11.204666
595,CCC1=CC=C1,c1ccccc1,4,6,6.81e-06,7.25e-06,19.9891012,-13.5,2.34e-06,372.1593077,1198.216891,1439.402135,-11.181304
596,CCC1=CC=C1,Cc1ccccc1,4,6,4.98e-06,5.28e-06,19.99017218,-13.5,1.71e-06,373.8451298,1202.124173,1439.094536,-11.165525
597,CCC1=CC=C1,Cc1ccc(C)cc1,4,6,3.95e-06,4.36e-06,19.98748586,-13.4,1.39e-06,367.8989621,1190.473445,1492.338196,-11.198732
598,CCC1=CC=C1,Cc1ccc(C)c(C)c1,4,6,6.39e-06,7.03e-06,19.98789167,-13.4,2.24e-06,370.6288572,1189.719329,1438.727027,-11.216244
599,CCC1=CC=C1,Cc1cc(C)c(C)cc1C,4,6,5.73e-06,6.14e-06,19.98770611,-13.5,1.98e-06,371.4100113,1203.053601,1438.419428,-11.207086
600,CCC1=CC=C1,Cc1cc(C)c(C)c(C)c1C,4,6,7.74e-06,8.21e-06,19.98697631,-13.7,2.66e-06,374.3898102,1218.560677,1435.227318,-11.17016
601,CCC1=CC=C1,Cc1c(C)c(C)c(C)c(C)c1C,4,6,5.84e-06,6.18e-06,19.98948145,-13.9,2e-06,383.8386199,1241.280405,1444.241639,-11.217918
602,CCC1=CC(C)=C1,Cc1c(C)c(C)c(C)c(C)c1C,4,6,4.91e-05,6.03e-05,19.98437537,-15.7,1.82e-05,483.1455979,1258.156466,1455.610034,-11.374333
603,CCC1=C(C)C(C)=C1,Cc1c(C)c(C)c(C)c(C)c1C,4,6,3.94e-05,4.68e-05,19.98684531,-15.5,1.44e-05,470.98585,1228.933566,1480.975946,-11.384002
604,CCC1=C(C)C(CC)=C1C,Cc1c(C)c(C)c(C)c(C)c1C,4,6,2.57e-05,3.28e-05,19.9918286,-15.5,9.75e-06,484.1375962,1238.57559,1481.268526,-11.38676
605,CCC1=C(C)C(CC)=C1CC,Cc1c(C)c(C)c(C)c(C)c1C,4,6,2.54e-05,3.32e-05,19.98978402,-15.7,9.76e-06,495.0661464,1259.315337,1495.864919,-11.42764
606,CCC1=C(CC)C(CC)=C1CC,Cc1c(C)c(C)c(C)c(C)c1C,4,6,2.91e-05,3.85e-05,19.98989619,-15.6,1.13e-05,493.994228,1246.071789,1495.864919,-11.41535
607,CCC1=C(CC)C(CC)=C1CC,CCc1c(C)c(C)c(C)c(C)c1C,4,6,2.87e-05,3.79e-05,19.9903511,-15.6,1.11e-05,496.0218341,1249.046104,1495.864919,-11.41581
608,CCC1=C(CC)C(CC)=C1CC,CCc1c(C)c(C)c(C)c(C)c1CC,4,6,3.64e-05,4.61e-05,19.9889963,-15.5,1.37e-05,490.1066759,1238.803509,1481.268526,-11.38669
609,CCC1=C(CC)C(CC)=C1CC,CCc1c(C)c(C)c(C)c(CC)c1CC,4,6,2.95e-05,3.82e-05,19.98959387,-15.6,1.13e-05,491.0942677,1243.993745,1481.268526,-11.38764
610,CCC1=C(CC)C(CC)=C1CC,CCc1c(C)c(C)c(CC)c(CC)c1CC,4,6,8.38e-06,1.32e-05,19.99213314,-15.8,3.6e-06,498.5869001,1266.819858,1598.446544,-11.414685
611,CCC1=C(CC)C(CC)=C1CC,CCc1c(C)c(CC)c(CC)c(CC)c1CC,4,6,8.44e-06,1.17e-05,19.99163968,-15.9,3.37e-06,503.6452767,1277.394711,1598.674029,-11.435505
612,CCC1=C(CC)C(CC)=C1CC,CCc1c(CC)c(CC)c(CC)c(CC)c1CC,4,6,3.51e-06,3.71e-06,19.99684095,-15.6,1.21e-06,460.6993558,1314.909585,1672.085996,-11.307369
613,CCC1=CC(CC)=C1,Cc1ccccc1,4,6,3.96e-05,4.84e-05,19.99004568,-15.1,1.47e-05,464.0182177,1199.957902,1419.150127,-11.358824
614,CCC1=CC(CC)=C1,Cc1ccc(C)cc1,4,6,0.000169247,0.000192915,19.97438837,-15.6,6.04e-05,488.393729,1247.409648,1247.257424,-10.726901
615,CCC1=CC(CC)=C1,Cc1ccc(C)c(C)c1,4,6,7.55e-05,9.13e-05,19.98530718,-15.4,2.78e-05,476.7218123,1226.965593,1363.671664,-11.291229
616,CCC1=CC(CC)=C1,Cc1cc(C)c(C)cc1C,4,6,4.33e-05,4.97e-05,19.98707145,-14.0,1.55e-05,445.1238698,1112.405066,1393.851293,-11.330655
617,CCC1=CC(CC)=C1,Cc1cc(C)c(C)c(C)c1C,4,6,4.19e-05,4.86e-05,19.98253235,-14.0,1.51e-05,442.5177424,1121.273011,1393.505804,-11.329295
618,CCC1=CC(CC)=C1,Cc1c(C)c(C)c(C)c(C)c1C,4,6,7.11e-05,8.75e-05,19.98268219,-15.6,2.64e-05,484.615689,1248.075723,1422.314132,-11.310763
619,CCC1=CC(CC)=C1,CCc1c(C)c(C)c(C)c(C)c1C,4,6,4.57e-05,5.53e-05,19.984432,-15.5,1.68e-05,480.3302879,1243.750331,1480.593419,-11.368992
620,CCC1=CC(CC)=C1,CCc1c(C)c(C)c(CC)c(C)c1C,4,6,6.61e-05,8.03e-05,19.98273064,-15.6,2.44e-05,487.7352302,1253.724277,1422.314132,-11.309673
621,CCC1=CC(CC)=C1,CCc1c(C)c(C)c(CC)c(CC)c1C,4,6,3.57e-05,4.34e-05,19.98620658,-15.6,1.32e-05,481.9166811,1252.520806,1480.593419,-11.383385
622,CCC1=CC(CC)=C1,CCc1c(C)c(C)c(CC)c(CC)c1CC,4,6,4.08e-05,5.11e-05,19.98351785,-15.6,1.53e-05,483.1578804,1248.758496,1480.247929,-11.368342
623,CCC1=CC(CC)=C1,CCc1c(C)c(CC)c(CC)c(CC)c1CC,4,6,6.52e-05,8.17e-05,19.98475777,-15.6,2.45e-05,485.8266962,1252.238031,1422.659621,-11.321714
624,CCC1=CC(CC)=C1,CCc1c(CC)c(CC)c(CC)c(CC)c1CC,4,6,8.14e-05,9.69e-05,19.98304869,-15.8,2.97e-05,491.9221212,1268.707073,1422.314132,-11.333178
625,CCC1=CC(CC)=C1C,CCc1c(CC)c(CC)c(CC)c(CC)c1CC,4,6,6.45e-06,7.37e-06,19.99473056,-14.3,2.3e-06,394.3257132,1085.600182,1513.629799,-11.255295
626,CCC1=C(C)C(CC)=C1C,CCc1c(CC)c(CC)c(CC)c(CC)c1CC,4,6,5.73e-05,6.78e-05,19.98750905,-16.0,2.09e-05,488.5977081,1274.387826,1422.887106,-11.361983
627,CCC1=C(C)C(CC)=C1CC,CCc1c(CC)c(CC)c(CC)c(CC)c1CC,4,6,7.73e-06,1.18e-05,19.99836944,-16.9,3.26e-06,532.8717348,1351.146678,1738.893235,-11.426187
628,CCC1=C(CC)C(C(C)C)=C1CC,CCc1c(CC)c(CC)c(CC)c(CC)c1CC,4,6,4.05e-05,5.01e-05,19.98960076,-16.6,1.51e-05,515.4596825,1325.746357,1540.960714,-11.470448
629,CCC1=C(CC)C(C(C)C)=C1CC,CCc1c(CC)c(CC)c(C(C)C)c(CC)c1CC,4,6,3.99e-05,4.75e-05,19.9905157,-16.8,1.46e-05,525.5981826,1340.245183,1541.688848,-11.460405
630,CCC1=C(CC)C(C(C)C)=C1CC,CCCc1c(CC)c(CC)c(CC)c(CC)c1C(C)C,4,6,4e-05,4.75e-05,19.99064454,-16.8,1.46e-05,526.3309491,1342.630267,1541.688848,-11.461915
631,CCC1=C(CC)C(C(C)C)=C1CC,CCc1c(CC)c(CC)c([C@@H](C)CC)c(C(C)C)c1CC,4,6,8.35e-05,9.24e-05,19.98503723,-16.4,2.93e-05,514.013345,1311.600492,1483.067709,-11.445189
632,CCC1=C(CC)C(C(C)C)=C1CC,CCc1c(CC)c(C(C)C)c(C(C)C)c([C@@H](C)CC)c1CC,4,6,6.89e-05,7.29e-05,19.99289839,-16.9,2.36e-05,548.759122,1356.548788,1571.923748,-11.467516
633,CCC1=C(CC)C(C(C)C)=C1CC,CCc1c(CC)c([C@@H](C)CC)c(C(C)C)c(C(C)C)c1C(C)C,4,6,1.94e-06,2.05e-06,20.00143127,-18.6,6.64e-07,571.3855139,1492.813685,1745.49045,-11.0593775
634,CCC1=C(CC)C(C(C)C)=C1CC,CCc1c(C(C)C)c(C(C)C)c(C(C)C)c(C(C)C)c1C(C)CC,4,6,1.71e-06,2.06e-06,20.00039996,-16.4,6.26e-07,492.4355922,1297.768446,1665.069518,-11.0888675
635,CCC1=C(CC)C(C(C)C)=C1CC,CC[C@H](C)c1c(C(C)C)c(C(C)C)c(C(C)C)c(C(C)C)c1C(C)C,4,6,2.27e-06,2.62e-06,20.00089885,-16.4,8.16e-07,490.743336,1293.274712,1662.636033,-11.1948425
636,CCC1=C(C(C)C)C(CC)=C1C(C)C,CC[C@H](C)c1c(C(C)C)c(C(C)C)c(C(C)C)c(C(C)C)c1C(C)C,4,6,2.99e-06,3.19e-06,20.00019654,-16.5,1.03e-06,490.6582503,1302.031185,1662.134194,-11.319188
637,CCC1=C(C(C)C)C(C(C)C)=C1C(C)C,CC[C@H](C)c1c(C(C)C)c(C(C)C)c(C(C)C)c(C(C)C)c1C(C)C,4,6,5.83e-07,6.85e-07,19.99900656,-17.3,2.18e-07,518.4314311,1372.323249,1611.564976,-11.13397
638,CC(C)C1=C(C(C)C)C(C(C)C)=C1C(C)C,CC[C@H](C)c1c(C(C)C)c(C(C)C)c(C(C)C)c(C(C)C)c1C(C)C,4,6,3.22e-06,3.72e-06,20.00235673,-15.8,1.16e-06,467.2340232,1221.84028,1626.781208,-11.293566
639,CC1=CC(C(C)C)=C1,c1ccccc1,4,6,8.15e-06,9.01e-06,19.99311724,-13.7,2.86e-06,398.5684611,1050.566371,1458.191494,-11.249049
640,CC1=CC(C(C)C)=C1,Cc1ccccc1,4,6,7.05e-06,7.91e-06,19.99345339,-13.9,2.49e-06,402.6083148,1076.548441,1455.322441,-11.195226
641,CC1=CC(C(C)C)=C1,Cc1ccc(C)cc1,4,6,6.61e-06,7.58e-06,19.99115094,-13.8,2.36e-06,396.9825999,1069.693513,1455.799753,-11.195725
642,CC1=CC(C(C)C)=C1,Cc1ccc(C)c(C)c1,4,6,6.72e-06,7.67e-06,19.99138149,-13.9,2.4e-06,398.3539521,1078.584707,1455.322441,-11.195226
643,CC1=CC(C(C)C)=C1,Cc1cc(C)c(C)c(C)c1,4,6,1.11e-05,1.23e-05,19.99069109,-13.9,3.89e-06,400.0350486,1079.849328,1463.024963,-11.303431
644,CC1=CC(C(C)C)=C1,Cc1cc(C)c(C)c(C)c1C,4,6,8.8e-06,9.67e-06,19.99147797,-14.2,3.08e-06,404.3833198,1101.935358,1517.363851,-11.351961
645,CC1=CC(C(C)C)=C1,Cc1c(C)c(C)c(C)c(C)c1C,4,6,4.91e-06,5.42e-06,19.99571377,-14.2,1.72e-06,409.7821608,1103.245046,1513.086963,-11.22572
646,CC1=CC(C(C)C)=C1C,Cc1c(C)c(C)c(C)c(C)c1C,4,6,2.9e-06,3.25e-06,19.99396808,-13.7,1.03e-06,393.186012,1053.729063,1511.793864,-11.17966
647,CC1=C(C)C(C(C)C)=C1C,Cc1c(C)c(C)c(C)c(C)c1C,4,6,1.19e-05,1.71e-05,19.99434694,-15.1,4.83e-06,477.1446728,1202.870881,1506.307162,-11.336573
648,CC1=C(C)C(C(C)C)=C1C,CCc1c(C)c(C)c(C)c(C)c1C,4,6,2.14e-05,2.72e-05,19.99367378,-15.3,8.1e-06,481.5945557,1218.269553,1424.247293,-11.3263
649,CC1=C(C)C(C(C)C)=C1C,CCc1c(C)c(C)c(C)c(C)c1CC,4,6,2.25e-05,2.9e-05,19.99384152,-15.3,8.58e-06,479.942267,1217.294882,1422.623325,-11.33071
650,CC1=C(C)C(C(C)C)=C1C,CCc1c(C)c(C)c(C)c(CC)c1CC,4,6,1.58e-05,2.17e-05,19.99382749,-15.4,6.24e-06,483.2455888,1224.83068,1424.247293,-11.323285
651,CC1=C(C)C(C(C)C)=C1C,CCc1c(C)c(C)c(CC)c(CC)c1CC,4,6,2.6e-06,3.02e-06,19.99375191,-14.1,9.35e-07,399.0677699,1075.133749,1540.236382,-11.258204
652,CC1=C(C)C(C(C)C)=C1C,CCc1c(C)c(CC)c(CC)c(CC)c1CC,4,6,1.1e-06,1.25e-06,19.99469686,-14.2,3.92e-07,402.2668562,1084.01031,1580.271738,-11.0872585
653,CC1=C(C)C(C(C)C)=C1C,CCc1c(CC)c(CC)c(CC)c(CC)c1CC,4,6,5.37e-06,6.06e-06,19.99636045,-14.2,1.91e-06,402.9635723,1086.807585,1513.629799,-11.234445
654,CCC1=C(C(C)C)C(C)=C1C,CCc1c(CC)c(CC)c(CC)c(CC)c1CC,4,6,1.62e-05,2.29e-05,19.99234517,-15.0,6.52e-06,472.9512295,1187.847493,1420.616524,-11.334215
655,CCC1=C(CC)C(C(C)C)=C1C,CCc1c(CC)c(CC)c(CC)c(CC)c1CC,4,6,0.009586378,0.012201594,19.30605926,-5.96,0.00363,177.494799,330.0,336.4656941,-6.77467925
656,CCC1=C(CC)C(C(C)C)=C1CC,CCc1c(CC)c(CC)c(CC)c(CC)c1CC,4,6,3.72e-06,4.77e-06,19.99429144,-13.9,1.42e-06,399.0952661,1467.835375,1549.611661,-11.222248
657,CCC1=C(CC)C(C(C)C)=C1CC,CCc1c(CC)c(CC)c(C(C)C)c(CC)c1CC,4,6,6.13e-05,6.89e-05,19.98773908,-15.8,2.17e-05,500.221849,1445.994273,1482.351809,-11.432602
658,CCC1=C(CC)C(C(C)C)=C1CC,CCc1c(CC)c(CC)c(C(C)C)c(C(C)C)c1CC,4,6,3.34e-06,3.82e-06,19.997737,-14.2,1.19e-06,406.4305875,1525.923686,1604.332904,-11.279731
659,CCC1=C(CC)C(C(C)C)=C1CC,CCc1c(CC)c(C(C)C)c(C(C)C)c(C(C)C)c1CC,4,6,1.56e-05,1.86e-05,19.99065128,-14.8,5.7e-06,411.847914,1497.024686,1502.831537,-11.416736
660,CCC1=C(CC)C(C(C)C)=C1CC,CCc1c(CC)c(C(C)C)c(C(C)C)c(C(C)C)c1C(C)C,4,6,4.44e-06,5.07e-06,20.00295706,-16.6,1.59e-06,505.4264729,1312.894717,1651.730684,-11.320213
661,CCC1=C(CC)C(C(C)C)=C1CC,CCc1c(C(C)C)c(C(C)C)c(C(C)C)c(C(C)C)c1C(C)C,4,6,1.3e-06,1.47e-06,20.00190135,-15.9,4.62e-07,461.0211704,1230.886708,1633.634101,-11.0999125
662,CCC1=C(CC)C(C(C)C)=C1CC,CC(C)c1c(C(C)C)c(C(C)C)c(C(C)C)c(C(C)C)c1C(C)C,4,6,3.76e-06,4.17e-06,20.00115405,-17.4,1.32e-06,510.976024,1370.324768,1685.227521,-11.3224365
663,CCC1=C(C(C)C)C(CC)=C1C(C)C,CC(C)c1c(C(C)C)c(C(C)C)c(C(C)C)c(C(C)C)c1C(C)C,4,6,3.04e-06,3.12e-06,19.99336543,-17.7,1.03e-06,516.3864125,1389.220038,1679.636803,-11.335145
664,CCC1=C(C(C)C)C(C(C)C)=C1C(C)C,CC(C)c1c(C(C)C)c(C(C)C)c(C(C)C)c(C(C)C)c1C(C)C,4,6,2.28e-06,2.33e-06,20.0019632,-17.2,7.66e-07,501.2004348,1350.031328,1686.592707,-11.2157625
665,CC(C)C1=C(C(C)C)C(C(C)C)=C1C(C)C,CC(C)c1c(C(C)C)c(C(C)C)c(C(C)C)c(C(C)C)c1C(C)C,4,6,1.06e-06,1.2e-06,19.99877166,-17.9,3.69e-07,538.1440784,1618.718482,1753.705532,-10.9652865
666,C1=CC=C1,CCc1ccccc1,4,6,6.83e-06,7.22e-06,19.99517172,-14.3,2.34e-06,409.3452051,1282.426153,1539.93558,-11.249486
667,CC1=CC=C1,CCc1ccccc1,4,6,1.59e-05,1.65e-05,19.99200839,-13.5,5.4e-06,369.0907672,1196.689482,1406.777651,-11.288463
668,CC1=CC(C)=C1,CCc1ccccc1,4,6,6.61e-05,8.08e-05,19.98670965,-15.4,2.45e-05,467.1184902,1022.321812,1374.070805,-11.264533
669,CC1=CC(C)=C1C,CCc1ccccc1,4,6,1.78e-06,2.04e-06,19.98826767,-13.3,6.42e-07,365.0508574,1172.09946,1500.216718,-11.0198355
670,CC1=C(C)C(C)=C1C,CCc1ccccc1,4,6,3.26e-07,3.64e-06,19.99815034,-14.8,6.56e-07,491.3764489,1190.549673,1498.849248,-11.0905295
671,CC1=C(C)C(C)=C1C,CCc1ccc(C)cc1,4,6,3.97e-06,5.07e-06,19.99724564,-15.0,1.51e-06,492.1996657,1210.167006,1552.096654,-11.225248
672,CCC1=C(C)C(C)=C1C,CCc1ccc(C)cc1,4,6,2.64e-06,3.06e-06,19.99299173,-13.6,9.49e-07,450.3759352,1236.894278,1493.375582,-11.181012
673,CCC1=C(CC)C(C)=C1C,CCc1ccc(C)cc1,4,6,1.15e-05,1.44e-05,19.9945007,-15.0,4.32e-06,469.5252618,1193.69859,1511.215873,-11.348563
674,CCC1=C(C)C(CC)=C1CC,CCc1ccc(C)cc1,4,6,1.17e-05,1.47e-05,19.99357117,-15.1,4.39e-06,475.0970799,1204.898581,1510.908274,-11.338693
675,CCC1=C(CC)C(CC)=C1CC,CCc1ccc(C)cc1,4,6,4.19e-06,4.97e-06,19.99559043,-13.9,1.53e-06,438.5991397,1275.263726,1499.13452,-11.174612
676,CCC1=C(CC)C(CC)=C1CC,CCc1ccc(C)cc1C,4,6,3.65e-06,4e-06,19.99422988,-13.6,1.27e-06,418.9407254,1245.655983,1500.23575,-11.17694
677,CCC1=C(CC)C(CC)=C1CC,CCc1cc(C)c(C)cc1C,4,6,6.83e-07,1.01e-06,19.9974008,-14.1,2.87e-07,404.8706332,1289.018923,1495.784427,-11.011391
678,CCC1=C(CC)C(CC)=C1CC,CCc1cc(C)c(C)c(C)c1C,4,6,4.78e-06,5.51e-06,19.99469471,-14.4,1.72e-06,417.0767495,1210.020599,1504.200067,-11.218209
679,CCC1=C(CC)C(CC)=C1CC,CCc1c(C)c(C)c(C)c(C)c1C,4,6,3.54e-06,4.09e-06,19.99504911,-14.5,1.27e-06,418.5090795,1220.954306,1562.079326,-11.246853
680,CCC1=C(CC)C(CC)=C1CC,CCc1c(C)c(C)c(C)c(CC)c1C,4,6,4.02e-06,4.64e-06,19.99458977,-14.4,1.44e-06,416.8249103,1211.673593,1557.811235,-11.251541
681,CCC1=C(CC)C(CC)=C1CC,CCc1c(C)c(C)c(CC)c(CC)c1C,4,6,3.58e-06,4.2e-06,19.99518689,-14.5,1.3e-06,420.1710761,1222.472621,1562.079326,-11.246853
682,CCC1=C(CC)C(C(C)C)=C1CC,CCc1c(C)c(C)c(CC)c(CC)c1C,4,6,1.76e-06,2.22e-06,20.00097306,-14.9,6.6e-07,440.7093356,1258.85268,1564.689675,-11.0679125
683,CCC1=C(CC)C([C@H](C)CC)=C1CC,CCc1c(C)c(C)c(CC)c(CC)c1C,4,6,2.47e-06,2.84e-06,19.99684382,-14.4,8.85e-07,413.8391919,1212.008941,1562.079326,-11.256426
684,CCC1=C(CC)C(C(C)(C)CC)=C1CC,CCc1c(C)c(C)c(CC)c(CC)c1C,4,6,2.77e-06,3.67e-06,19.99727536,-14.2,1.07e-06,415.7114633,1203.514098,1564.212496,-11.257644
685,CCC1=C(CC)C(C(C)(C)CC)=C1CC,CCc1c(C)c(C)c(CC)c(C(C)C)c1C,4,6,4.87e-06,6.19e-06,19.995647,-14.2,1.84e-06,395.018749,1190.301434,1506.640836,-11.233478
686,CCC1=C(CC)C(C(C)(C)CC)=C1CC,CCc1c(C)c(C)c(C(C)C)c(C)c1C(C)C,4,6,6.66e-06,7.81e-06,20.00108779,-14.3,2.41e-06,400.8236088,1229.550469,1504.200067,-11.232585
687,CCC1=C(CC)C(C(C)(C)CC)=C1CC,CCc1c(C)c(C)c(C(C)C)c(CC)c1C(C)C,4,6,1.42e-05,1.64e-05,19.99880751,-14.1,5.1e-06,382.1816113,1171.974511,1479.283282,-11.3519
688,CCC1=C(CC)C(C(C)(C)CC)=C1CC,CCc1c(C)c(C(C)C)c(CC)c(C(C)C)c1CC,4,6,1.42e-05,1.6e-05,19.98211653,-13.2,5.02e-06,357.9626742,1185.227628,1442.88879,-11.29194
689,CCC1=C(CC)C(C(C)(C)CC)=C1CC,CCc1c(C(C)C)c(C)c(C(C)C)c(CC)c1C(C)C,4,6,4.08e-06,4.61e-06,19.99108601,-13.7,1.45e-06,375.4581884,1261.088301,1489.513595,-11.193327
690,CCC1=C(C(C)C)C(CC)=C1C(C)(C)CC,CCc1c(C(C)C)c(C)c(C(C)C)c(CC)c1C(C)C,4,6,2.46e-06,2.75e-06,19.99799723,-14.5,8.66e-07,408.8123192,1209.999666,1562.079326,-11.2121615
691,CCC1=C(C(C)(C)CC)C(C(C)C)=C1C(C)C,CCc1c(C(C)C)c(C)c(C(C)C)c(CC)c1C(C)C,4,6,2.39e-06,2.64e-06,20.0018398,-15.5,8.36e-07,459.0696557,1208.330208,1627.657707,-11.2441715
692,CCC(C)(C)C1=C(C(C)C)C(C(C)C)=C1C(C)C,CCc1c(C(C)C)c(C)c(C(C)C)c(CC)c1C(C)C,4,6,3.69e-06,4.5e-06,20.00448074,-15.6,1.37e-06,469.7797243,1212.398263,1622.878199,-11.270765
693,CCC(C)(C)C1=C(C(C)C)C(C(C)C)=C1C(C)C,CCc1c(C(C)C)c(CC)c(C(C)C)c(CC)c1C(C)C,4,6,4.47e-06,4.95e-06,20.00179981,-15.7,1.57e-06,478.2485687,1223.430246,1616.730752,-11.27193
694,CCC(C)(C)C1=C(C(C)C)C(C(C)C)=C1C(C)C,CCc1c(C(C)C)c(CC)c(C(C)C)c(C(C)C)c1C(C)C,4,6,2.89e-06,3.38e-06,20.00260651,-15.6,1.05e-06,466.6244535,1215.5548,1626.781208,-11.288158
695,CCC(C)(C)C1=C(C(C)C)C(C(C)(C)C)=C1C(C)C,CCc1c(C(C)C)c(CC)c(C(C)C)c(C(C)C)c1C(C)C,4,6,9.11e-07,1.38e-06,20.00050261,-16.4,3.81e-07,475.2364298,1273.6818,1632.135099,-11.097879
696,C1=CC=C1,Cc1c(C)c(C)c(C(C)C)c(C)c1C,4,6,1.03e-05,1.12e-05,19.9905117,-14.7,3.59e-06,420.2773939,1325.14406,1564.626591,-11.385882
697,CC1=CC=C1,Cc1c(C)c(C)c(C(C)C)c(C)c1C,4,6,7.4e-06,7.82e-06,19.99147258,-14.0,2.53e-06,381.6444405,1242.900177,1464.822256,-11.228296
698,CC1=CC(C)=C1,Cc1c(C)c(C)c(C(C)C)c(C)c1C,4,6,4.69e-05,5.74e-05,19.9860197,-16.0,1.74e-05,494.0380956,1287.124531,1530.925325,-11.443162
699,CC1=CC(C)=C1C,Cc1c(C)c(C)c(C(C)C)c(C)c1C,4,6,5.69e-05,6.53e-05,19.98393094,-15.9,2.04e-05,487.4859163,1262.636464,1422.314132,-11.341653
700,CC1=C(C)C(C)=C1C,Cc1c(C)c(C)c(C(C)C)c(C)c1C,4,6,1.53e-05,1.62e-05,19.99293075,-15.7,5.25e-06,525.9863927,1277.338765,1582.124619,-11.452713
701,CCC1=C(C)C(C)=C1C,Cc1c(C)c(C)c(C(C)C)c(C)c1C,4,6,2.19e-05,2.37e-05,19.99133129,-15.6,7.6e-06,526.0863835,1272.250717,1497.979337,-11.43133
702,CCC1=C(CC)C(C)=C1C,Cc1c(C)c(C)c(C(C)C)c(C)c1C,4,6,4.62e-05,5.54e-05,19.98764894,-15.9,1.69e-05,487.1056597,1260.709926,1480.593419,-11.393932
703,CCC1=C(C)C(CC)=C1CC,Cc1c(C)c(C)c(C(C)C)c(C)c1C,4,6,1.81e-05,1.93e-05,19.99289687,-15.5,6.23e-06,523.0142411,1258.71874,1497.751852,-11.418938
704,CCC1=C(C)C(CC)=C1C(C)C,Cc1c(C)c(C)c(C(C)C)c(C)c1C,4,6,2.31e-05,2.47e-05,20.00379072,-18.4,7.96e-06,661.7261581,1466.420556,1612.51759,-11.232793
705,CCC1=C(C)C(CC)=C1C(C)(C)C,Cc1c(C)c(C)c(C(C)C)c(C)c1C,4,6,2.9e-05,3.07e-05,20.00142808,-18.2,9.94e-06,627.6401764,1453.241874,1611.185747,-11.387143
706,CCC1=C(C)C(CC)=C1C(C)(C)C,CCCc1c(C)c(C)c(C)c(C)c1C(C)C,4,6,9.55e-06,1.26e-05,19.99127917,-15.2,3.69e-06,487.6257735,1216.896622,1519.216053,-11.332219
707,CCC1=C(C)C(CC)=C1C(C)(C)C,CCCc1c(C)c(C)c(CC)c(C)c1C(C)C,4,6,6.09e-05,7.13e-05,19.98814948,-15.2,2.2e-05,482.1181515,1222.147376,1364.346772,-11.279573
708,CCC1=C(C)C(CC)=C1C(C)(C)C,CCCc1c(C)c(CC)c(CC)c(C)c1C(C)C,4,6,5.95e-05,7.04e-05,19.98816418,-15.1,2.17e-05,479.5379471,1312.784867,1409.651559,-11.321293
709,CCC1=C(C)C(CC)=C1C(C)(C)C,CCCc1c(C)c(CC)c(CC)c(CC)c1C(C)C,4,6,1.18e-05,1.26e-05,19.99173968,-15.1,4.05e-06,488.6097983,1301.886304,1540.869294,-11.363183
710,CCC1=C(C)C(CC)=C1C(C)(C)C,CCCc1c(C)c(CC)c(CC)c(C(C)C)c1C(C)C,4,6,8.12e-06,9.06e-06,19.99312414,-15.2,2.86e-06,487.1853979,1307.109496,1543.897726,-11.341578
711,CCC1=C(C)C(CC)=C1C(C)(C)C,CCCc1c(CC)c(CC)c(CC)c(C(C)C)c1C(C)C,4,6,2e-05,2.36e-05,19.99449294,-15.5,7.26e-06,493.2007641,1230.765403,1488.881391,-11.36469
712,CCC1=C(C)C(CC)=C1C(C)(C)C,CCc1c(CC)c(C(C)C)c(C(C)C)c(CC(C)C)c1C(C)C,4,6,2.63e-05,2.9e-05,19.99335033,-16.6,9.22e-06,584.7464161,1552.288499,1623.512455,-11.439212
713,CCC1=C(CC)C(C(C)(C)C)=C1CC,CCc1c(CC)c(C(C)C)c(C(C)C)c(CC(C)C)c1C(C)C,4,6,1.36e-05,1.78e-05,19.99803441,-17.3,5.24e-06,545.9521621,1388.649206,1717.397108,-11.489816
714,CCC1=C(C(C)C)C(CC)=C1C(C)(C)C,CCc1c(CC)c(C(C)C)c(C(C)C)c(CC(C)C)c1C(C)C,4,6,4.07e-05,4.27e-05,19.9946006,-16.7,1.39e-05,520.1053176,1321.74635,1547.41478,-11.461544
715,CCC1=C(C(C)(C)C)C(CC)=C1C(C)(C)C,CCc1c(CC)c(C(C)C)c(C(C)C)c(CC(C)C)c1C(C)C,4,6,5.07e-05,5.65e-05,19.99389613,-16.8,1.79e-05,556.2477243,1341.801154,1636.311611,-11.500987
716,CCC1=C(C(C)(C)C)C(C(C)C)=C1C(C)(C)C,CCc1c(CC)c(C(C)C)c(C(C)C)c(CC(C)C)c1C(C)C,4,6,1.43e-06,1.75e-06,20.00310172,-17.0,5.36e-07,509.6085954,1405.232478,1689.026193,-11.0832565
717,CCC1=C(C(C)(C)C)C(C(C)(C)C)=C1C(C)(C)C,CCc1c(CC)c(C(C)C)c(C(C)C)c(CC(C)C)c1C(C)C,4,6,4.44e-06,4.63e-06,19.9973874,-15.8,1.51e-06,477.4884121,1225.854376,1622.130591,-11.288216
718,CC(C)C1=C(C(C)(C)C)C(C(C)(C)C)=C1C(C)(C)C,CCc1c(CC)c(C(C)C)c(C(C)C)c(CC(C)C)c1C(C)C,4,6,4.4e-06,4.73e-06,20.00113882,-17.8,1.52e-06,548.9035422,1389.016403,1770.719609,-11.35702
719,CC(C)(C)C1=C(C(C)(C)C)C(C(C)(C)C)=C1C(C)(C)C,CCc1c(CC)c(C(C)C)c(C(C)C)c(CC(C)C)c1C(C)C,4,6,3.35e-06,3.61e-06,19.99707026,-16.2,1.16e-06,476.4090138,1226.644712,1626.398681,-11.289368
720,CC(C)(C)C1=C(C(C)(C)C)C(C(C)(C)C)=C1C(C)(C)C,CCc1c(CC)c(C(C)C)c(C(C)(C)C)c(CC(C)C)c1C(C)C,4,6,4.8e-06,5.48e-06,19.99360882,-16.4,1.71e-06,451.7513976,1457.465853,1613.604986,-11.298945
721,C=C,C1=CC=C1,2,4,0.0,2.8e-08,20.0090414,-20.7,1.64e-08,592.0362186,1909.599777,2169.150378,-11.205685
722,C=CC,C1=CC=C1,2,4,5.06e-06,5.74e-06,19.99466205,-16.7,1.8e-06,485.0195438,1318.550304,1613.615217,-11.268539
723,CC=CC,C1=CC=C1,2,4,1.99e-07,3.44e-07,20.00859171,-21.1,1.07e-07,612.5636285,1954.208276,2188.933829,-11.201
724,CC=C(C)C,C1=CC=C1,2,4,2.72e-06,3.34e-06,19.99942104,-17.3,1.01e-06,496.9361433,1574.770779,1680.037904,-11.1759025
725,CC(C)=C(C)C,C1=CC=C1,2,4,0.0,8.1e-08,20.00841664,-21.5,2.27e-08,623.5916005,1996.421729,2188.933829,-11.157853
726,CC(C)=C(C)C,CC1=CC=C1,2,4,3.4e-06,3.9e-06,19.99490883,-16.9,1.22e-06,464.4213883,1319.165031,1671.877004,-11.292951
727,CC(C)=C(C)C,CC1=CC(C)=C1,2,4,2.7e-05,2.77e-05,20.0017378,-19.0,9.11e-06,588.0726033,1555.882059,1587.230524,-11.317403
728,CC(C)=C(C)C,CC1=CC(C)=C1C,2,4,2.25e-05,2.48e-05,19.97610273,-15.9,7.88e-06,437.5193565,1227.727468,1480.291903,-11.376814
729,CC(C)=C(C)C,CC1=C(C)C(C)=C1C,2,4,2.96e-05,3.38e-05,19.97495886,-15.8,1.06e-05,437.5870409,1224.43752,1479.133105,-11.379414
730,CCC(C)=C(C)C,CC1=C(C)C(C)=C1C,2,4,1.17e-05,1.35e-05,19.9689895,-15.9,4.21e-06,436.2909666,1222.154264,1565.797622,-11.371288
731,CCC(C)=C(C)CC,CC1=C(C)C(C)=C1C,2,4,1.21e-05,1.4e-05,19.96860753,-16.0,4.35e-06,439.2624965,1231.594533,1564.437186,-11.372218
732,CCC(C)=C(CC)CC,CC1=C(C)C(C)=C1C,2,4,1.69e-05,2.09e-05,19.96852643,-16.0,6.29e-06,439.9304697,1232.37357,1480.291903,-11.36101
733,CCC(CC)=C(CC)CC,CC1=C(C)C(C)=C1C,2,4,4.77e-06,5.75e-06,19.98343201,-16.6,1.75e-06,455.5179854,1291.260432,1597.162801,-11.277548
734,CCC(CC)=C(CC)CC,CCC1=C(C)C(C)=C1C,2,4,1.24e-05,1.56e-05,19.9681026,-16.1,4.66e-06,438.5118836,1244.836443,1564.437186,-11.376038
735,CCC(CC)=C(CC)CC,CCC1=C(C)C(CC)=C1C,2,4,5.66e-06,7.27e-06,19.97472686,-16.1,2.15e-06,452.6545436,1255.767255,1559.929934,-11.311393
736,CCC(CC)=C(CC)CC,CCC1=C(C)C(CC)=C1CC,2,4,9.99e-06,1.21e-05,19.97238083,-16.0,3.69e-06,443.884043,1243.029705,1581.71473,-11.36864
737,CCC(CC)=C(CC)CC,CCC1=C(CC)C(CC)=C1CC,2,4,2.1e-06,2.45e-06,19.99020478,-16.4,7.58e-07,464.0477352,1293.080275,1658.99798,-11.1452385
738,CCC(CC)=C(CC)C(C)C,CCC1=C(CC)C(CC)=C1CC,2,4,1.11e-05,1.35e-05,19.97262018,-16.3,4.09e-06,449.2393095,1284.399249,1603.367971,-11.385679
739,CCC(=C(CC)C(C)C)C(C)C,CCC1=C(CC)C(CC)=C1CC,2,4,3.3e-06,3.89e-06,19.97777462,-15.7,1.2e-06,420.1253209,1235.741524,1617.809193,-11.284471
740,CCC(=C(C(C)C)C(C)C)C(C)C,CCC1=C(CC)C(CC)=C1CC,2,4,9.64e-06,1.11e-05,19.98184245,-16.1,3.45e-06,429.2703458,1249.303408,1582.819323,-11.407879
741,CC(C)C(=C(C(C)C)C(C)C)C(C)C,CCC1=C(CC)C(CC)=C1CC,2,4,5.58e-06,6.44e-06,19.9876701,-16.4,2e-06,434.6332526,1272.798937,1561.607502,-11.345946
742,CC(C)C(=C(C(C)C)C(C)C)C(C)C,CCC1=C(CC)C(C(C)C)=C1CC,2,4,1.24e-05,1.53e-05,19.97326555,-16.6,4.61e-06,455.1552309,1273.713869,1565.05743,-11.362779
743,CC(C)C(=C(C(C)C)C(C)C)C(C)C,CCC1=C(C(C)C)C(CC)=C1C(C)C,2,4,5.58e-06,6.23e-06,19.99485497,-17.2,1.97e-06,491.8829934,1337.935751,1613.615217,-11.297613
744,CC(C)C(=C(C(C)C)C(C)C)C(C)C,CCC1=C(C(C)C)C(C(C)C)=C1C(C)C,2,4,8.46e-06,9.37e-06,19.99158505,-17.3,2.97e-06,502.5295906,1347.506179,1632.488498,-11.423034
745,CC(C)C(=C(C(C)C)C(C)C)C(C)C,CC(C)C1=C(C(C)C)C(C(C)C)=C1C(C)C,2,4,4.25e-06,4.55e-06,19.99904535,-17.2,1.47e-06,499.8333402,1352.144708,1681.822779,-11.331905
746,C=CC,CC1=CC=C1,2,4,1.46e-05,1.72e-05,19.98339874,-16.2,5.3e-06,450.6314372,1259.573062,1524.19146,-11.398526
747,C=CC,CC1=CC(C)=C1,2,4,5.07e-07,5.98e-07,20.00257345,-18.6,1.73e-07,526.7122076,1484.47291,1587.792209,-11.059797
748,C=CC,CC1=CC(C)=C1C,2,4,4.53e-05,5.61e-05,19.95885771,-10.5,1.69e-05,274.2059239,1333.964355,1399.057882,-10.983244
749,C=CC,CC1=C(C)C(C)=C1C,2,4,1.58e-05,2.09e-05,19.95661955,-10.8,6.12e-06,283.816965,1378.994739,1400.21668,-11.005542
750,CC=CC,CC1=C(C)C(C)=C1C,2,4,1.56e-05,1.62e-05,20.00084866,-18.8,5.3e-06,628.0045748,1549.528508,1653.571742,-11.252173
751,CC=C(C)C,CC1=C(C)C(C)=C1C,2,4,2.91e-05,3.54e-05,20.00207609,-18.9,1.07e-05,571.1748122,1539.085652,1607.141957,-11.408264
752,CCC(C)=C(C)C,CC1=C(C)C(C)=C1C,2,4,1.4e-05,1.64e-05,19.97677294,-16.4,5.07e-06,458.0233203,1259.014885,1564.829945,-11.364167
753,CCC(C)=C(C)C,CCC1=C(C)C(C)=C1C,2,4,2.54e-05,2.87e-05,19.97311756,-15.9,9.02e-06,443.3862567,1228.53955,1478.840979,-11.372274
754,CCC(C)=C(C)C,CCC1=C(CC)C(C)=C1C,2,4,1.26e-05,1.31e-05,19.98442687,-16.3,4.27e-06,475.450246,1275.417812,1567.867948,-11.399458
755,CCC(C)=C(C)C,CCC1=C(C)C(CC)=C1CC,2,4,4.75e-05,5.43e-05,19.9986959,-17.9,1.7e-05,573.9021504,1440.200465,1605.8684,-11.462043
756,CCC(C)=C(C)C,CCC1=C(CC)C(CC)=C1CC,2,4,5.39e-06,6.84e-06,19.99450316,-17.0,2.04e-06,515.4488959,1544.344731,1623.608627,-11.350551
757,CCC(C)=C(C)CC,CCC1=C(CC)C(CC)=C1CC,2,4,1.27e-06,1.29e-06,19.9943716,-17.5,4.23e-07,506.157997,1385.652688,1692.943761,-11.1183805
758,CCC(C)=C(CC)CC,CCC1=C(CC)C(CC)=C1CC,2,4,1.18e-06,1.3e-06,19.99556365,-17.7,4.19e-07,510.6017832,1394.81912,1692.943761,-11.1119675
759,CCC(CC)=C(CC)CC,CCC1=C(CC)C(CC)=C1CC,2,4,4.01e-07,5.36e-07,19.99576516,-17.7,1.48e-07,513.5118835,1398.241589,1610.368101,-11.130823
760,CC=CC,CC1=CC=C1,2,4,2.12e-05,2.53e-05,19.9786116,-15.4,7.75e-06,431.2818028,1183.609666,1418.098575,-11.327564
761,CC=C(C)C,CC1=CC=C1,2,4,4.33e-06,5.01e-06,19.9977215,-17.0,1.55e-06,465.4880643,1519.688965,1658.770797,-11.286753
762,CC(C)=C(C)C,CC1=CC=C1,2,4,4.72e-06,5.07e-06,19.99915576,-16.8,1.63e-06,477.2064382,1311.99845,1613.824209,-11.262261
763,CCC(C)=C(C)C,CC1=CC=C1,2,4,1.04e-05,1.17e-05,19.99321962,-16.4,3.69e-06,461.6312323,1276.839329,1584.460164,-11.402827
764,CCC(C)=C(C)CC,CC1=CC=C1,2,4,4.06e-06,4.52e-06,19.99335929,-16.6,1.43e-06,464.5151895,1300.577077,1651.794566,-11.310268
765,CCC(C)=C(CC)CC,CC1=CC=C1,2,4,4.73e-06,5.15e-06,19.99247859,-16.5,1.65e-06,460.0946651,1291.284778,1598.183398,-11.289576
766,CCC(CC)=C(CC)CC,CC1=CC=C1,2,4,4.61e-06,5.16e-06,19.998116,-17.1,1.63e-06,471.3422295,1349.100155,1637.307826,-11.266902
767,CCC(CC)=C(CC)C(C)C,CC1=CC=C1,2,4,5.59e-06,6.28e-06,19.99910611,-17.2,1.98e-06,472.8046257,1354.12646,1613.997745,-11.324925
768,CCC(=C(CC)C(C)C)C(C)C,CC1=CC=C1,2,4,1.92e-06,2.25e-06,20.00439439,-17.1,6.95e-07,477.49797,1345.760835,1674.794881,-11.0926015
769,CCC(=C(C(C)C)C(C)C)C(C)C,CC1=CC=C1,2,4,5.27e-06,5.73e-06,20.00096613,-16.7,1.83e-06,470.882557,1312.701182,1614.206737,-11.273904
770,CCC(=C(C(C)C)C(C)C)C(C)C,CC1=C(C)C=C1,2,4,1.11e-06,1.59e-06,19.98849829,-16.6,4.54e-07,451.6362336,1362.040271,1673.792859,-11.1291665
771,CCC(=C(C(C)C)C(C)C)C(C)C,CC1=CC(C)=C1C,2,4,3.51e-06,3.71e-06,19.99684095,-15.6,1.21e-06,460.6993558,1315.171329,1672.085996,-11.307369
772,CCC(=C(C(C)C)C(C)C)C(C)C,CC1=C(C)C(C)=C1C,2,4,2.28e-06,2.33e-06,20.0019632,-17.2,7.66e-07,501.2004348,1331.693407,1686.592707,-11.2152325
773,CCC=CCC,CC1=CC=C1,2,4,4.13e-05,5.31e-05,19.95180475,-19.2,1.57e-05,561.0543596,1288.217827,1598.686825,-11.290645
774,CCC=CCC,CC1=CC(C)=C1,2,4,1.05e-05,1.19e-05,19.95463843,-13.7,3.74e-06,426.023624,1234.201922,1455.56203,-11.21156
775,CCC=CCC,CC1=CC(C)=C1C,2,4,3.65e-06,4.04e-06,19.98903271,-16.3,1.28e-06,543.7779774,1522.509898,1763.93065,-11.399423
776,CCC=CCC,CC1=C(C)C(C)=C1C,2,4,4.62e-05,5.54e-05,19.98764894,-15.9,1.69e-05,487.1056597,1206.290797,1481.469917,-11.394412
777,CCC=CCC,CCC1=C(C)C(C)=C1C,2,4,3.21e-06,3.83e-06,19.99907672,-16.1,1.17e-06,508.9082726,1436.671256,1686.090869,-11.364088
778,CCC=CCC,CCC1=C(C)C(CC)=C1C,2,4,4.06e-06,4.13e-06,20.0048142,-16.4,1.36e-06,539.5944994,1447.820276,1774.489433,-11.3791035
779,CCC=CCC,CCC1=C(C)C(CC)=C1CC,2,4,7.44e-06,9.3e-06,20.00638234,-16.4,2.79e-06,582.9573599,1317.099179,1728.204475,-11.463059
780,CCC=CCC,CCC1=C(CC)C(CC)=C1CC,2,4,7.58e-05,9.75e-05,19.94442041,-23.8,2.89e-05,621.1021446,1435.684369,1870.829349,-11.300162
781,CCC=CCC,CCC1=C(CC)C(C(C)C)=C1CC,2,4,4.4e-05,5.42e-05,19.97485527,-16.7,1.64e-05,556.651874,1263.7787,1582.636559,-11.406946
782,CCC=CCC,CCC1=C(C(C)C)C(C(C)C)=C1CC,2,4,5.1e-06,6.63e-06,19.99347873,-15.5,1.95e-06,519.369837,1201.766259,1577.538248,-11.325185
783,CCC=CCC,CCC1=C(C(C)C)C(C(C)C)=C1C(C)C,2,4,2.4e-05,2.86e-05,19.9763983,-22.7,8.77e-06,606.6723775,1766.822826,2003.184395,-11.4065355
784,CCC=CCC,CC(C)C1=C(C(C)C)C(C(C)C)=C1C(C)C,2,4,3.66e-06,3.99e-06,19.99007886,-22.3,1.27e-06,599.7287971,1794.718828,2138.917221,-11.2102285
785,CCC=CCC,CC(C)C1=C(C(C)C)C(C(C)(C)C)=C1C(C)C,2,4,1.47e-06,1.49e-06,20.00636432,-17.5,4.84e-07,544.9758735,1625.10234,1776.438033,-10.914358
786,CCC=CCC,CC(C)C1=C(C(C)(C)C)C(C(C)C)=C1C(C)(C)C,2,4,2.04e-06,2.31e-06,19.98819523,-26.7,7.25e-07,728.6608157,1759.180634,1899.276321,-10.639706
787,CCC=CCC,CC(C)C1=C(C(C)(C)C)C(C(C)(C)C)=C1C(C)(C)C,2,4,4.01e-07,5.36e-07,19.99576516,-17.7,1.48e-07,513.5118835,1384.211016,1610.368101,-11.131653
788,CCC=C(C)CC,CC(C)C1=C(C(C)(C)C)C(C(C)(C)C)=C1C(C)(C)C,2,4,0.000128461,0.000165159,19.94371204,-23.5,4.89e-05,617.9255622,1530.810071,1781.43018,-11.1208855
789,CCC(C)=C(C)CC,CC(C)C1=C(C(C)(C)C)C(C(C)(C)C)=C1C(C)(C)C,2,4,1.36e-05,1.4e-05,20.00422014,-17.2,4.6e-06,579.6770298,1430.762501,1721.980773,-11.500192
790,CCC(C)=C(CC)CC,CC(C)C1=C(C(C)(C)C)C(C(C)(C)C)=C1C(C)(C)C,2,4,4.4e-06,4.97e-06,19.99693928,-17.4,1.56e-06,571.6927968,1415.527708,1765.319771,-11.342599
791,CCC(CC)=C(CC)CC,CC(C)C1=C(C(C)(C)C)C(C(C)(C)C)=C1C(C)(C)C,2,4,2.96e-06,3.31e-06,19.98098492,-15.4,1.04e-06,515.2482028,1409.401634,1613.982108,-11.321314
792,CCC(CC)=C(CC)C(C)C,CC(C)C1=C(C(C)(C)C)C(C(C)(C)C)=C1C(C)(C)C,2,4,2.33e-06,2.58e-06,19.99195107,-15.5,8.2e-07,500.7571636,1407.009461,1680.138641,-11.2387145
793,CCC(=C(CC)C(C)C)C(C)C,CC(C)C1=C(C(C)(C)C)C(C(C)(C)C)=C1C(C)(C)C,2,4,1.92e-05,2.32e-05,19.9810457,-18.7,7.06e-06,633.8761885,1366.626482,1606.122325,-11.281404
794,CCC(=C(C(C)C)C(C)C)C(C)C,CC(C)C1=C(C(C)(C)C)C(C(C)(C)C)=C1C(C)(C)C,2,4,4.25e-06,5.26e-06,19.98167301,-14.7,1.58e-06,457.751163,1318.539632,1565.52404,-11.247162
795,CCC(=C(C(C)C)C(C)(C)C)C(C)C,CC(C)C1=C(C(C)(C)C)C(C(C)(C)C)=C1C(C)(C)C,2,4,0.000421542,0.00055694,19.93837926,-19.4,0.000163,453.9942487,1434.421423,1277.070824,-10.7645935
796,CCC(C(=C(C)C)C(C)(C)C)C(C)(C)C,CC(C)C1=C(C(C)(C)C)C(C(C)(C)C)=C1C(C)(C)C,2,4,8.23e-06,8.87e-06,20.00087143,-15.5,2.85e-06,512.1459459,1430.294796,1638.942564,-11.422488
797,CC=C(C)C,CC1=CC=C1,2,4,1.5e-06,1.78e-06,20.00605726,-15.8,5.45e-07,588.2903379,1276.16472,1733.419794,-11.1158575
798,CC=C(C)C,CC1=CC(C)=C1,2,4,1.92e-05,2.39e-05,19.95703424,-23.0,7.18e-06,537.1138846,1434.481667,1925.430781,-11.419245
799,CC=C(C)C,CC1=CC(C)=C1C,2,4,4.08e-06,4.61e-06,19.99108601,-13.7,1.45e-06,375.4581884,1230.354917,1489.513595,-11.192867
800,CCC(C)=C(C)C,CC1=C(C)C(C)=C1C,2,4,1.5e-05,1.71e-05,19.99116793,-15.6,5.36e-06,515.0451076,1255.0328,1539.818681,-11.417783
801,CC(C)=C(C)C(C)C,CC1=C(C)C(C)=C1C,2,4,3.99e-06,4.31e-06,20.00487234,-23.3,1.38e-06,650.3518018,1549.014628,2062.669177,-11.001028
802,CC(C)=C(C)C(C)C,CCC1=C(C)C(C)=C1C,2,4,0.0,6.12e-07,20.00422759,-23.3,1.19e-07,641.9962139,1537.310137,1998.492807,-11.0595325
803,CC(C)=C(C)C(C)C,CC1=C(C)C(C(C)C)=C1C,2,4,1.22e-05,1.33e-05,19.99444136,-15.9,4.26e-06,526.7527441,1268.606385,1597.446,-11.426163
804,CC(C)=C(C)C(C)C,CC1=C(C)C(C(C)(C)C)=C1C,2,4,4.61e-06,5.16e-06,19.998116,-17.1,1.63e-06,471.3422295,1320.841795,1637.307826,-11.266372
805,CC(C)=C(C)C(C)C,CCC1=C(C)C(C(C)(C)C)=C1C,2,4,7.73e-06,1.18e-05,19.99836944,-16.9,3.26e-06,532.8717348,1347.27493,1738.893235,-11.426187
806,CC(C)=C(C)C(C)C,CC1=C(C(C)C)C(C)=C1C(C)(C)C,2,4,2.35e-06,2.52e-06,19.99175,-16.4,8.14e-07,540.8273616,1512.688628,1764.432488,-11.2787045
807,CC(C)=C(C)C(C)C,CC1=C(C(C)(C)C)C(C)=C1C(C)(C)C,2,4,2.32e-05,2.7e-05,20.00012986,-16.2,8.37e-06,525.8618688,1467.791633,1551.113708,-11.473185
808,CC(C)=C(C)C(C)C,CCC1=C(C(C)(C)C)C(C)=C1C(C)(C)C,2,4,5.15e-07,6.08e-07,20.00047252,-22.2,1.9e-07,582.8106743,1563.351033,1998.23078,-11.1214115
809,CC(C)=C(C)C(C)C,CC1=C(C(C)(C)C)C(C(C)C)=C1C(C)(C)C,2,4,3.99e-06,5.59e-06,19.96740407,-17.6,1.6e-06,559.759384,1564.448096,1725.786302,-11.1521905
810,CC(C)=C(C)C(C)C,CC1=C(C(C)(C)C)C(C(C)(C)C)=C1C(C)(C)C,2,4,0.327476282,0.87426965,18.97848243,-3.48,0.2,62.56809972,62.56809972,17.22994248,-5.22132375
811,CC(C)=C(C)C(C)C,CCC1=C(C(C)(C)C)C(C(C)(C)C)=C1C(C)(C)C,2,4,2.15e-06,3.63e-06,20.00261209,-16.2,9.63e-07,520.0577263,1506.316097,1683.921371,-11.336817
812,CC(C)=C(C)C(C)C,CC(C)C1=C(C(C)(C)C)C(C(C)(C)C)=C1C(C)(C)C,2,4,7.12e-05,9.21e-05,19.93914939,-23.0,2.72e-05,600.3565649,1421.553735,1870.759271,-11.313412
813,CC(C)=C(C)C(C)C,CC(C)(C)C1=C(C(C)(C)C)C(C(C)(C)C)=C1C(C)(C)C,2,4,0.000113826,0.000151522,19.93410601,-20.0,4.42e-05,506.8657703,1529.800863,1674.955452,-11.176214
814,CC(C)=C(C)C(C)(C)C,CC(C)(C)C1=C(C(C)(C)C)C(C(C)(C)C)=C1C(C)(C)C,2,4,4.44e-06,5.07e-06,20.00295706,-16.6,1.59e-06,505.4264729,1297.491939,1642.16141,-11.308943
815,CCC(C)=C(C)C(C)(C)C,CC(C)(C)C1=C(C(C)(C)C)C(C(C)(C)C)=C1C(C)(C)C,2,4,6.18e-06,7.46e-06,19.97389427,-14.3,2.27e-06,438.5060695,1302.946848,1531.356324,-11.246628
816,CC(=C(C)C(C)(C)C)C(C)C,CC(C)(C)C1=C(C(C)(C)C)C(C(C)(C)C)=C1C(C)(C)C,2,4,8.11e-05,8.8e-05,19.99582108,-16.3,2.82e-05,519.6644158,1266.542377,1444.674011,-11.386545
817,CCC(=C(C)C(C)(C)C)C(C)C,CC(C)(C)C1=C(C(C)(C)C)C(C(C)(C)C)=C1C(C)(C)C,2,4,4.9e-06,5.36e-06,20.00738174,-15.7,1.71e-06,558.6933027,1263.654764,1672.377726,-11.325653
818,C=CC(C)(C)C,C1=CC=C1,2,4,1.7e-06,2.11e-06,19.9957427,-16.3,6.38e-07,543.0559457,1521.519152,1773.32004,-11.1485205
819,C=CC(C)(C)C,CC1=CC=C1,2,4,6.85e-06,6.94e-06,19.99202942,-16.6,2.3e-06,489.8124616,1457.457722,1607.161151,-11.295809
820,C=CC(C)(C)C,CC1=CC(C)=C1,2,4,4.23e-06,4.59e-06,20.00239719,-23.5,1.47e-06,635.9314111,1612.924302,2074.034663,-11.057882
821,C=CC(C)(C)C,CC1=CC(C)=C1C,2,4,7.21e-06,8.57e-06,19.96472282,-13.9,2.63e-06,392.1804625,1043.539404,1455.595948,-11.167211
822,C=CC(C)(C)C,CC1=C(C)C(C)=C1C,2,4,2.33e-07,3.58e-07,20.00606081,-20.1,9.79e-08,560.4670054,1611.869253,1998.712897,-11.0843695
823,C=CC(C)(C)C,CCC1=C(C)C(C)=C1C,2,4,1.48e-05,1.8e-05,19.9596972,-13.6,5.46e-06,387.8915359,1017.664576,1408.861393,-11.215796
824,C=CC(C)(C)C,CCC1=C(C)C(CC)=C1C,2,4,3.94e-05,4.7e-05,19.99527785,-15.1,1.44e-05,495.0554875,1187.973728,1440.125657,-11.372272
825,C=CC(C)(C)C,CCC1=C(C)C(CC)=C1CC,2,4,4.86e-05,5.77e-05,19.99490053,-14.9,1.77e-05,490.2892956,1164.345823,1425.529263,-11.324623
826,C=CC(C)(C)C,CCC1=C(CC)C(CC)=C1CC,2,4,1.05e-06,1.21e-06,20.0035902,-19.0,3.71e-07,536.7820049,1515.441465,1732.230743,-11.036945
827,C=CC(C)(C)C,CCC1=C(CC)C(C(C)C)=C1CC,2,4,3.87e-06,4.07e-06,19.99726513,-15.1,1.32e-06,468.531202,1166.065576,1563.724533,-11.2471805
828,C=CC(C)(C)C,CCC1=C(C(C)C)C(CC)=C1C(C)C,2,4,2.57e-06,2.65e-06,20.00496189,-18.8,8.71e-07,558.5427805,1509.089302,1742.920207,-11.2164085
829,C=CC(C)(C)C,CCC1=C(C(C)C)C(CC)=C1C(C)(C)C,2,4,1.19e-06,1.29e-06,20.00509167,-18.9,4.17e-07,565.4273485,1524.443589,1749.773099,-11.020034
830,C=CC(C)(C)C,CCC1=C(C(C)(C)C)C(C(C)C)=C1C(C)C,2,4,3.69e-06,4.14e-06,20.00553564,-20.2,1.3e-06,589.7970151,1640.977103,2074.788936,-11.151396
831,C=CC(C)(C)C,CCC1=C(C(C)(C)C)C(C(C)(C)C)=C1C(C)C,2,4,2.74e-06,2.92e-06,19.99961795,-16.7,9.45e-07,507.265915,1306.262004,1676.730588,-11.337361
832,C=CC(C)(C)C,CCC1=C(C(C)(C)C)C(C(C)(C)C)=C1C(C)(C)C,2,4,1.82e-06,1.93e-06,19.99786182,-17.1,6.27e-07,512.2922925,1346.676621,1689.026193,-11.1037965
833,C=CC(C)(C)C,CC(C)C1=C(C(C)(C)C)C(C(C)(C)C)=C1C(C)(C)C,2,4,7.77e-07,8.33e-07,19.99660685,-16.7,2.71e-07,488.9336871,1298.814937,1584.721581,-11.03461
834,C=CC(C)(C)C,CC(C)(C)C1=C(C(C)(C)C)C(C(C)(C)C)=C1C(C)(C)C,2,4,8.36e-06,9.18e-06,20.00145217,-17.5,2.92e-06,537.2614205,1373.764285,1727.839394,-11.447307
835,CC=CC(C)(C)C,CC(C)(C)C1=C(C(C)(C)C)C(C(C)(C)C)=C1C(C)(C)C,2,4,6.99e-06,7.18e-06,20.00214402,-18.8,2.36e-06,554.3471861,1497.408415,1684.675867,-11.285605
836,CC(C)=CC(C)(C)C,CC(C)(C)C1=C(C(C)(C)C)C(C(C)(C)C)=C1C(C)(C)C,2,4,4.47e-06,4.5e-06,20.00254079,-19.0,1.5e-06,561.4428998,1516.619434,1718.487789,-11.236326
837,CC(C)=C(C)C(C)(C)C,CC(C)(C)C1=C(C(C)(C)C)C(C(C)(C)C)=C1C(C)(C)C,2,4,3.52e-06,3.75e-06,20.00234953,-19.2,1.22e-06,566.516516,1531.815383,1749.088711,-11.2063005
838,CCC(C)=C(C)C(C)(C)C,CC(C)(C)C1=C(C(C)(C)C)C(C(C)(C)C)=C1C(C)(C)C,2,4,5.88e-06,6.28e-06,20.00187598,-18.5,2.03e-06,540.3851996,1457.599788,1686.66523,-11.330705
839,CC(=C(C)C(C)(C)C)C(C)C,CC(C)(C)C1=C(C(C)(C)C)C(C(C)(C)C)=C1C(C)(C)C,2,4,7.99e-06,8.46e-06,20.00222504,-18.9,2.74e-06,554.8456985,1497.123265,1695.262711,-11.358767
840,CC(=C(C)C(C)(C)C)C(C)(C)C,CC(C)(C)C1=C(C(C)(C)C)C(C(C)(C)C)=C1C(C)(C)C,2,4,1.04e-05,1.1e-05,19.99968327,-18.7,3.57e-06,539.2121084,1474.545086,1700.009804,-11.367712
841,CCC(=C(C)C(C)(C)C)C(C)(C)C,CC(C)(C)C1=C(C(C)(C)C)C(C(C)(C)C)=C1C(C)(C)C,2,4,2.45e-06,3.44e-06,19.97588994,-16.4,9.81e-07,427.71204,1251.424546,1617.809193,-11.28794
842,CCC(=C(CC)C(C)(C)C)C(C)(C)C,CC(C)(C)C1=C(C(C)(C)C)C(C(C)(C)C)=C1C(C)(C)C,2,4,1.78e-05,1.97e-05,19.99453728,-18.2,6.25e-06,517.3959046,1428.936709,1518.677367,-11.397029
843,CCC(=C(C(C)C)C(C)(C)C)C(C)(C)C,CC(C)(C)C1=C(C(C)(C)C)C(C(C)(C)C)=C1C(C)(C)C,2,4,1.3e-05,1.34e-05,19.99633355,-15.5,4.4e-06,445.9056424,1177.778444,1575.560976,-11.395301
844,C=CC,CC(C)C1=CC=C1,2,4,8.11e-05,8.8e-05,19.99582108,-16.3,2.82e-05,519.6644158,1288.888139,1480.627609,-11.430475
845,C=CC,CC(C)(C)C1=CC=C1,2,4,6.6e-06,7.64e-06,19.99061942,-14.1,2.37e-06,434.8361363,1080.087427,1475.903057,-11.235617
846,C=CC,CC1=CC(C(C)(C)C)=C1,2,4,1.84e-06,2.03e-06,20.00410537,-18.4,6.47e-07,554.6018239,1468.882901,1747.479813,-11.1003435
847,C=CC,CCC1=CC(C(C)(C)C)=C1,2,4,2.27e-06,2.52e-06,19.99936794,-16.2,7.97e-07,486.6197693,1272.217873,1627.128004,-11.1873385
848,C=CC,CC(C)C1=CC(C(C)(C)C)=C1,2,4,5.11e-06,5.88e-06,19.99469418,-15.0,1.83e-06,458.6101628,1160.340182,1506.708621,-11.23851
849,C=CC,CC(C)(C)C1=CC(C(C)(C)C)=C1,2,4,4.36e-06,4.84e-06,19.99887027,-15.4,1.53e-06,467.9628379,1196.895401,1560.31979,-11.252089
850,C=CC,CC1=C(C(C)(C)C)C=C1C(C)(C)C,2,4,3.76e-06,4.19e-06,19.99435832,-16.4,1.33e-06,477.4275779,1278.356924,1625.762818,-11.2894865
851,C=CC,CC1=C(C(C)(C)C)C(C)=C1C(C)(C)C,2,4,4.26e-06,4.57e-06,19.99702705,-16.2,1.47e-06,485.0965416,1265.774351,1622.130591,-11.276786
852,C=CC,CCC1=C(C(C)(C)C)C(C)=C1C(C)(C)C,2,4,3.37e-06,3.78e-06,19.99597931,-15.7,1.19e-06,481.8702396,1221.019482,1626.398681,-11.280086
853,C=CC,CCC1=C(C(C)(C)C)C(CC)=C1C(C)(C)C,2,4,1.67e-06,1.86e-06,20.00326499,-17.5,5.85e-07,526.7723107,1393.519416,1697.48869,-11.0783345
854,C=CC,CCC1=C(C(C)(C)C)C(C(C)C)=C1C(C)(C)C,2,4,5.22e-07,6.81e-07,20.00232951,-17.8,1.97e-07,544.9689235,1423.725355,1700.279092,-11.156161
855,C=CC,CC(C)C1=C(C(C)(C)C)C(C(C)C)=C1C(C)(C)C,2,4,7.4e-07,9.35e-07,19.99878151,-17.1,2.91e-07,512.6143338,1354.692258,1613.76883,-11.067857
856,C=CC,CC(C)C1=C(C(C)(C)C)C(C(C)(C)C)=C1C(C)(C)C,2,4,1.02e-06,1.47e-06,20.00054649,-17.0,4.15e-07,512.5429205,1346.398316,1694.853549,-11.1369015
857,C=CC,CC(C)(C)C1=C(C(C)(C)C)C(C(C)(C)C)=C1C(C)(C)C,2,4,5.41e-06,6.49e-06,19.99917604,-15.4,1.98e-06,436.0777768,1182.969891,1506.315862,-11.28487
858,CC=CC,CC(C)(C)C1=C(C(C)(C)C)C(C(C)(C)C)=C1C(C)(C)C,2,4,3.87e-06,4.15e-06,19.99601671,-16.4,1.34e-06,442.1948654,1271.258379,1625.525102,-11.2874305
859,CC=C(C)C,CC(C)(C)C1=C(C(C)(C)C)C(C(C)(C)C)=C1C(C)(C)C,2,4,8.32e-06,8.98e-06,20.00265628,-19.1,2.88e-06,564.6062946,1530.149326,1675.607574,-11.360878
860,CCC(C)=C(C)C,CC(C)(C)C1=C(C(C)(C)C)C(C(C)(C)C)=C1C(C)(C)C,2,4,7.77e-06,8.67e-06,20.00279673,-19.2,2.74e-06,568.9159237,1542.875079,1700.157813,-11.2724825
861,CC(C)=C(C)C(C)C,CC(C)(C)C1=C(C(C)(C)C)C(C(C)(C)C)=C1C(C)(C)C,2,4,2.09e-06,2.21e-06,19.9977735,-16.9,7.15e-07,459.0572913,1300.67192,1665.452046,-11.1076605
862,CCC(C)=C(C)C(C)C,CC(C)(C)C1=C(C(C)(C)C)C(C(C)(C)C)=C1C(C)(C)C,2,4,5.31e-06,5.82e-06,20.00285779,-19.2,1.85e-06,569.5088727,1536.743134,1691.209452,-11.1952675
863,CC(=C(C)C(C)C)C(C)C,CC(C)(C)C1=C(C(C)(C)C)C(C(C)(C)C)=C1C(C)(C)C,2,4,1.48e-06,1.64e-06,20.00423652,-17.8,5.17e-07,531.5573003,1436.282942,1782.205672,-11.0973415
864,CCC(=C(C)C(C)C)C(C)C,CC(C)(C)C1=C(C(C)(C)C)C(C(C)(C)C)=C1C(C)(C)C,2,4,1.85e-06,2.1e-06,20.00471641,-19.1,6.6e-07,569.9315696,1548.931275,1724.606303,-10.8737545
865,CC(=C(C(C)C)C(C)C)C(C)C,CC(C)(C)C1=C(C(C)(C)C)C(C(C)(C)C)=C1C(C)(C)C,2,4,2.35e-06,4.03e-06,20.0014312,-17.9,1.06e-06,526.7780183,1397.487593,1664.657154,-11.309916
866,CCC(=C(C(C)C)C(C)C)C(C)C,CC(C)(C)C1=C(C(C)(C)C)C(C(C)(C)C)=C1C(C)(C)C,2,4,4.17e-06,5.71e-06,20.00123668,-17.6,1.65e-06,519.0062266,1371.712857,1651.521692,-11.300895
867,CC(C)C(=C(C(C)C)C(C)C)C(C)C,CC(C)(C)C1=C(C(C)(C)C)C(C(C)(C)C)=C1C(C)(C)C,2,4,7.59e-06,8.65e-06,20.0005462,-16.2,2.71e-06,473.3397106,1237.11775,1570.823335,-11.286433
868,CC(C)C(=C(C(C)C)C(C)(C)C)C(C)C,CC(C)(C)C1=C(C(C)(C)C)C(C(C)(C)C)=C1C(C)(C)C,2,4,1.15e-05,1.28e-05,19.9950714,-17.4,4.06e-06,496.5927179,1351.960203,1635.914132,-11.423144
869,CC(C)(C)C=CC(C)(C)C,C1=CC=C1,2,4,2.42e-07,4e-07,20.00215594,-17.9,1.02e-07,521.2943289,1425.155472,1577.336371,-11.11934
870,CC(C)(C)C=CC(C)(C)C,CC1=CC(C)=C1,2,4,1.03e-06,1.41e-06,20.00570363,-19.3,4.1e-07,537.7827452,1556.349522,1757.478675,-10.911637
871,CC(C)(C)C=CC(C)(C)C,CC1=CC(C)=C1C,2,4,3.78e-06,4.27e-06,19.99880336,-17.2,1.34e-06,473.9894505,1347.810632,1667.608913,-11.292144
872,CC(C)(C)C=CC(C)(C)C,CC1=C(C)C(C)=C1C,2,4,5.05e-06,5.76e-06,19.99586211,-16.9,1.8e-06,465.1704777,1320.787756,1613.997745,-11.263663
873,CC(C)(C)C=CC(C)(C)C,CC1=C(C)C(C(C)C)=C1C,2,4,1.2e-06,1.26e-06,19.99451494,-17.2,4.08e-07,478.0583762,1345.988825,1678.347368,-11.0948755
874,CC(C)(C)C=CC(C)(C)C,CC1=C(C)C(C(C)(C)C)=C1C,2,4,1.1e-06,1.22e-06,19.99580425,-17.5,3.86e-07,508.1077569,1383.911425,1694.853549,-11.1221405
875,CC(C)(C)C=CC(C)(C)C,CCC1=C(C)C(C(C)(C)C)=C1C,2,4,8.9e-07,9.58e-07,19.99469832,-17.6,3.17e-07,504.9443969,1396.437096,1684.166304,-11.085769
876,CC(C)(C)C=CC(C)(C)C,CC1=C(C(C)C)C(C)=C1C(C)(C)C,2,4,1.98e-06,2.25e-06,19.99526415,-17.7,7.07e-07,510.3120152,1408.550314,1689.026193,-11.1293125
877,CC(C)(C)C=CC(C)(C)C,CC1=C(C(C)(C)C)C(C)=C1C(C)(C)C,2,4,2.35e-06,2.6e-06,19.99660745,-18.0,8.27e-07,520.3313591,1438.095841,1656.194657,-11.2312145
878,CC(C)(C)C=CC(C)(C)C,CCC1=C(C(C)(C)C)C(C)=C1C(C)(C)C,2,4,2.14e-06,2.29e-06,20.00111821,-18.6,7.36e-07,541.6016071,1482.360275,1750.093433,-11.0540335
879,CC(C)(C)C=CC(C)(C)C,CC1=C(C(C)(C)C)C(C(C)C)=C1C(C)(C)C,2,4,2.14e-06,2.29e-06,20.00111821,-18.6,7.36e-07,541.6016071,1476.5156,1750.093433,-11.0540335
880,CC(C)(C)C=CC(C)(C)C,CC1=C(C(C)(C)C)C(C(C)(C)C)=C1C(C)(C)C,2,4,6.89e-06,7.69e-06,20.00068661,-17.7,2.43e-06,520.9812521,1395.294236,1628.21161,-11.29299
881,CC(C)(C)C=CC(C)(C)C,CCC1=C(C(C)(C)C)C(C(C)(C)C)=C1C(C)(C)C,2,4,2.56e-06,2.7e-06,20.00417342,-19.0,8.77e-07,558.8286358,1526.395627,1723.12096,-11.1667345
882,CC(C)(C)C=CC(C)(C)C,CC(C)C1=C(C(C)(C)C)C(C(C)(C)C)=C1C(C)(C)C,2,4,7.82e-07,1.13e-06,20.00540617,-19.2,3.2e-07,558.150969,1538.354654,1679.928463,-10.9727195
883,CC(C)(C)C=CC(C)(C)C,CC(C)(C)C1=C(C(C)(C)C)C(C(C)(C)C)=C1C(C)(C)C,2,4,5.24e-07,1.58e-06,20.00226042,-18.5,3.52e-07,540.8102364,1456.560703,1674.604403,-11.09136
884,CC(=CC(C)(C)C)C(C)(C)C,CC(C)(C)C1=C(C(C)(C)C)C(C(C)(C)C)=C1C(C)(C)C,2,4,5.73e-06,7.44e-06,20.0015142,-18.7,2.19e-06,549.0419152,1485.528825,1684.675867,-11.291369
885,CC(=C(C)C(C)(C)C)C(C)(C)C,CC(C)(C)C1=C(C(C)(C)C)C(C(C)(C)C)=C1C(C)(C)C,2,4,1.14e-06,1.45e-06,20.00433844,-18.5,4.27e-07,542.3670192,1486.318834,1749.069267,-11.1121805
886,CCC(=C(C)C(C)(C)C)C(C)(C)C,CC(C)(C)C1=C(C(C)(C)C)C(C(C)(C)C)=C1C(C)(C)C,2,4,1.17e-06,1.51e-06,20.00343394,-18.3,4.45e-07,529.9838881,1464.19097,1751.397381,-11.0861105
887,C=C,C1=CCC=C1,2,5,0.0,3.37e-07,20.00991108,-17.9,7.74e-09,574.555763,1815.832837,1725.483598,-11.003114
888,C=CC,C1=CCC=C1,2,5,5.07e-06,5.54e-06,19.99033862,-15.7,1.77e-06,447.9497191,1429.602881,1607.15092,-11.312357
889,CC=CC,C1=CCC=C1,2,5,1.46e-05,1.56e-05,19.99890634,-17.4,5.03e-06,536.2468205,1436.639268,1721.615692,-11.481786
890,CC=C(C)C,C1=CCC=C1,2,5,1.87e-06,2.39e-06,20.00613766,-17.2,7.09e-07,536.1283796,1438.337412,1778.288104,-11.1545975
891,CC(C)=C(C)C,C1=CCC=C1,2,5,8.21e-06,9.58e-06,20.00546942,-17.9,2.96e-06,547.1987231,1503.168596,1693.158282,-11.464043
892,CC(C)=C(C)C,CC1=CC=CC1,2,5,1.04e-06,1.15e-06,20.00556981,-17.5,3.67e-07,542.9608916,1459.222801,1784.115461,-11.1284835
893,CC(C)=C(C)C,CC1=CC=C(C)C1,2,5,4.09e-06,4.46e-06,20.00517052,-17.8,1.42e-06,555.4777976,1485.134073,1766.481707,-11.384614
894,CC(C)=C(C)C,CC1=CC(C)=C(C)C1,2,5,6.11e-06,7e-06,20.00505203,-18.5,2.19e-06,563.6971819,1542.284597,1682.427328,-11.314003
895,CC(C)=C(C)C,CC1=CC(C)=C(C)C1C,2,5,4.01e-06,4.92e-06,20.00394098,-18.8,1.49e-06,575.4166365,1562.087542,1731.437216,-11.0771585
896,CC(C)=C(C)C,CC1=C(C)C(C)C(C)=C1C,2,5,5.53e-07,6.98e-07,20.00602893,-18.8,2.21e-07,579.8636435,1561.275694,1663.64184,-10.929411
897,C=CC,C1=CCC=C1,2,5,9.08e-06,9.69e-06,19.9858527,-15.5,3.13e-06,437.6200206,1411.310023,1617.206766,-11.415761
898,C=CC,CC1=CC=CC1,2,5,3.92e-05,4.56e-05,19.95866586,-14.1,1.41e-05,387.6972858,1116.770692,1392.807314,-11.315134
899,C=CC,CC1=CC=CC1C,2,5,5.26e-06,5.8e-06,19.99064483,-15.8,1.84e-06,465.9570854,1437.922816,1607.543679,-11.308953
900,C=CC,CC1=CC=C(C)C1C,2,5,1.3e-05,1.43e-05,19.98994139,-16.1,4.54e-06,475.675305,1465.758178,1612.050931,-11.439833
901,C=CC,CC1=CC(C)=C(C)C1C,2,5,8.16e-06,8.3e-06,19.99108776,-16.3,2.74e-06,484.8070716,1488.099823,1612.388332,-11.390598
902,C=CC,CC1=C(C)C(C)C(C)=C1C,2,5,2.37e-07,4.13e-07,20.00650324,-19.1,5.13e-08,591.7938153,1775.582151,1718.067419,-10.941917
903,C=C(C)C,CC1=C(C)C(C)C(C)=C1C,2,5,4.78e-06,5.34e-06,19.97474827,-16.0,1.69e-06,444.1901678,1446.751569,1605.02573,-11.286577
904,CC=C(C)C,CC1=C(C)C(C)C(C)=C1C,2,5,4.84e-06,5.17e-06,20.00220019,-19.5,1.67e-06,597.716261,1808.264956,1805.860679,-11.059707
905,C=C,CC1=CC=CC1,2,5,4.09e-07,4.18e-07,20.00978657,-18.2,9.94e-08,577.0804343,1694.391794,1713.601124,-11.010723
906,C=CC,CC1=CC=CC1,2,5,9.42e-06,9.85e-06,19.98731457,-15.7,3.21e-06,456.0620124,1422.254341,1617.599525,-11.423305
907,CC=CC,CC1=CC=CC1,2,5,1.36e-05,1.42e-05,19.99872456,-17.5,4.64e-06,541.7952379,1613.271621,1715.848053,-11.3562295
908,CC=C(C)C,CC1=CC=CC1,2,5,1.47e-06,1.49e-06,20.00636432,-17.5,4.84e-07,544.9758735,1636.627133,1776.438033,-10.900223
909,CC(C)=C(C)C,CC1=CC=CC1,2,5,1.39e-06,1.45e-06,20.00618215,-17.5,4.69e-07,546.9336335,1638.263614,1776.438033,-10.9231205
910,CC(C)=C(C)C,CC1=CC=C(C)C1,2,5,6.4e-06,7.62e-06,20.00342267,-18.2,2.34e-06,556.0729254,1697.95446,1734.21507,-11.1567205
911,CC(C)=C(C)C,CC1=CC=C(C)C1C,2,5,3.64e-06,5.02e-06,20.00368244,-18.4,1.44e-06,567.9539533,1723.34814,1782.701711,-11.12182
912,CC(C)=C(C)C,CC1=CC(C)=C(C)C1C,2,5,0.0,4.2e-07,20.00603761,-18.4,1.19e-07,571.2938538,1722.728543,1713.601124,-11.020659
913,CC=CC,CC1=CC=CC1,2,5,1.35e-05,1.4e-05,19.99878296,-17.5,4.58e-06,541.7202473,1613.430875,1715.848053,-11.3573495
914,CC=CC,CC1=CC=C(C)C1,2,5,1.07e-05,1.14e-05,19.99870829,-18.0,3.69e-06,558.8671396,1661.324923,1708.848388,-11.3019245
915,CC=CC,CC1=CC=C(C)C1C,2,5,1.02e-05,1.08e-05,19.99993892,-18.3,3.49e-06,570.1578775,1688.588041,1744.946024,-11.3309645
916,CC=CC,CC1=CC(C)=C(C)C1C,2,5,7.84e-06,8.25e-06,20.00000105,-18.6,2.68e-06,577.5802397,1717.7219,1736.82869,-11.094551
917,CC=CC,CC1=C(C)C(C)C(C)=C1C,2,5,4.76e-06,5.17e-06,20.00240836,-19.0,1.66e-06,584.87595,1759.74064,1729.385587,-11.055431
918,CC=C(C)C,C1=CCC=C1,2,5,1.71e-06,2.27e-06,20.00616317,-17.3,6.66e-07,536.4231267,1618.24355,1772.520465,-10.939584
919,CC=C(C)C,CC1=CC=CC1,2,5,6.87e-06,7.55e-06,19.99638647,-15.5,2.4e-06,430.6425369,1265.272695,1568.50919,-11.259977
920,CC=C(C)C,CC1=CC=CC1C,2,5,5.1e-07,6.52e-07,20.00726009,-17.8,1.9e-07,554.6040136,1667.158963,1694.876533,-11.011854
921,CC=C(C)C,CC1=CC=C(C)C1C,2,5,1.05e-06,1.44e-06,20.0060462,-18.2,4.05e-07,565.4938566,1702.305503,1801.22209,-10.9516985
922,CC=C(C)C,CC1=CC(C)=C(C)C1C,2,5,9.39e-07,1.2e-06,20.00638913,-18.4,3.55e-07,573.3258667,1722.130537,1797.585815,-10.964566
923,CC=C(C)C,CC1=C(C)C(C)C(C)=C1C,2,5,5.67e-06,6.06e-06,20.00310153,-19.5,1.95e-06,599.2676112,1809.428062,1805.860679,-11.097522
924,C=C,CC1=CC=C(C)C1,2,5,2.22e-07,2.41e-07,20.00949234,-18.4,6.59e-08,579.6705093,1714.766886,1713.601124,-11.01462
925,C=CC,CC1=CC=C(C)C1,2,5,5.35e-06,6.37e-06,19.96860377,-14.4,1.95e-06,402.1720286,1142.62367,1504.507707,-11.24303
926,CC=CC,CC1=CC=C(C)C1,2,5,8.93e-06,9.66e-06,19.99845458,-18.1,3.1e-06,552.1061147,1489.459866,1692.793201,-11.456306
927,CC=C(C)C,CC1=CC=C(C)C1,2,5,2.29e-07,3.59e-07,20.00645356,-17.8,1.11e-07,551.8200821,1481.942085,1696.494494,-11.152914
928,CC(C)=C(C)C,CC1=CC=C(C)C1,2,5,1.98e-07,2.68e-07,20.00627357,-17.8,1.01e-07,551.0792097,1485.068186,1691.891511,-11.168864
929,C=CC,CC1=CC(C)=C(C)C1,2,5,1.45e-06,2.14e-06,19.9909207,-16.4,5.99e-07,480.016553,1490.464403,1664.537456,-11.1083745
930,CC=CC,CC1=CC(C)=C(C)C1,2,5,8.04e-06,8.6e-06,19.99879146,-18.4,2.77e-06,569.5885558,1698.63225,1744.801914,-11.2339995
931,CC=C(C)C,CC1=CC(C)=C(C)C1,2,5,2.3e-06,2.34e-06,20.00579064,-18.2,7.71e-07,566.9016756,1699.626415,1792.961248,-11.00431
932,CC(C)=C(C)C,CC1=CC(C)=C(C)C1,2,5,1.58e-06,1.96e-06,20.00507793,-18.6,5.93e-07,571.7422026,1547.842923,1745.855531,-10.9842925
933,CCC(C)=C(C)C,CC1=C(C)C(C)C(C)=C1C,2,5,0.0,3.33e-07,20.00559416,-18.3,9.14e-08,585.8688209,1713.205892,1713.601124,-11.012425
934,CCC(C)=C(C)CC,CC1=C(C)C(C)C(C)=C1C,2,5,1.44e-06,1.57e-06,20.00288587,-17.5,5.02e-07,553.9920985,1446.471457,1781.840591,-11.1162775
935,CCC(C)=C(CC)CC,CC1=C(C)C(C)C(C)=C1C,2,5,1.72e-05,1.95e-05,20.00087401,-16.7,6.12e-06,530.8645804,1375.618684,1640.733329,-11.486822
936,CCC(CC)=C(CC)CC,CC1=C(C)C(C)C(C)=C1C,2,5,1.83e-05,2.16e-05,20.00210696,-16.3,6.65e-06,522.3095084,1357.545338,1552.564632,-11.468805
937,CCC(CC)=C(CC)CC,CCC1=C(C)C(C)=C(C)C1C,2,5,1.1e-05,1.24e-05,19.99982582,-16.3,3.89e-06,518.9909904,1343.690039,1649.996405,-11.46469
938,CCC(CC)=C(CC)CC,CCC1=C(C)C(C)=C(CC)C1C,2,5,0.0,2.21e-07,20.00804849,-21.2,8.2e-08,582.4037173,1983.339343,2190.710481,-11.21652
939,CCC(CC)=C(CC)CC,CCC1=C(C)C(C)=C(CC)C1CC,2,5,4.28e-06,4.46e-06,20.00366777,-16.3,1.46e-06,524.8921464,1345.650905,1682.550912,-11.361525
940,CCC(CC)=C(CC)CC,CCC1=C(CC)C(CC)C(CC)=C1C,2,5,5.45e-06,5.83e-06,20.00214028,-18.0,1.88e-06,574.8487609,1674.767774,1693.763832,-11.1134255
941,CCC(CC)=C(CC)CC,CCC1=C(CC)C(CC)C(CC)=C1CC,2,5,5.78e-06,6.2e-06,20.00276841,-15.6,1.99e-06,485.1488321,1438.556074,1613.615217,-11.325586
942,CCC(CC)=C(CC)CC,CCC1=C(CC)C(CC)C(C(C)C)=C1CC,2,5,6.77e-06,7.42e-06,20.00260327,-15.7,2.36e-06,488.9007095,1447.60111,1613.615217,-11.299714
943,CCC(CC)=C(CC)CC,CCC1=C(CC)C(CC)C(C(C)C)=C1C(C)C,2,5,4.45e-06,4.72e-06,20.00396081,-16.8,1.53e-06,536.7203311,1565.927892,1764.666645,-11.1967115
944,CCC(CC)=C(CC)CC,CCC1=C(CC)C(C(C)C)C(C(C)C)=C1C(C)C,2,5,2.62e-06,2.95e-06,20.00539259,-16.8,9.29e-07,542.6240425,1561.527811,1769.299816,-11.1924055
945,CCC(CC)=C(CC)CC,CCC1=C(C(C)C)C(C(C)C)=C(C(C)C)C1C(C)C,2,5,3e-06,3.41e-06,20.00540142,-16.8,1.07e-06,540.3338688,1559.721449,1769.299816,-11.1924055
946,CCC(CC)=C(CC)CC,CC(C)C1=C(C(C)C)C(C(C)C)C(C(C)C)=C1C(C)C,2,5,4.93e-06,6.81e-06,20.00370968,-16.3,1.95e-06,531.0091609,1524.906274,1712.505457,-11.395158
947,CCC(CC)=C(CC)C(C)C,CC(C)C1=C(C(C)C)C(C(C)C)C(C(C)C)=C1C(C)C,2,5,5.42e-07,6.31e-07,20.00641192,-17.0,1.91e-07,555.2392146,1587.355636,1697.726726,-11.03547
948,CCC(=C(CC)C(C)C)C(C)C,CC(C)C1=C(C(C)C)C(C(C)C)C(C(C)C)=C1C(C)C,2,5,1.61e-06,1.76e-06,20.00477118,-16.9,5.62e-07,544.8991866,1570.72721,1772.23514,-10.914553
949,CCC(=C(C(C)C)C(C)C)C(C)C,CC(C)C1=C(C(C)C)C(C(C)C)C(C(C)C)=C1C(C)C,2,5,1.03e-05,1.27e-05,20.00472867,-16.8,3.84e-06,556.0854618,1575.18527,1733.205352,-11.3542595
950,CC(C)C(=C(C(C)C)C(C)C)C(C)C,CC(C)C1=C(C(C)C)C(C(C)C)C(C(C)C)=C1C(C)C,2,5,5.56e-06,5.74e-06,20.00588551,-16.9,1.88e-06,535.8673176,1567.239181,1711.420557,-11.1720265
951,CC=CC,C1=CCC=C1,2,5,8.96e-06,1.03e-05,19.99943847,-16.9,3.22e-06,530.0158507,1561.492048,1721.78643,-11.3201645
952,CC=CC,CC1=CC=CC1,2,5,2.85e-05,3.31e-05,19.95682543,-14.2,1.03e-05,384.2605095,1264.658634,1414.823981,-11.291708
953,CC=CC,CC1=CC=CC1C,2,5,7.63e-06,8.85e-06,19.96468495,-14.5,2.75e-06,400.3592659,1298.993513,1541.943168,-11.28212
954,CC=CC,CC1=CC(C)=C(C)C1,2,5,4.56e-07,8.02e-07,20.0067074,-19.1,1.92e-07,596.1295043,1775.103071,1722.787451,-10.86271
955,CC=CC,CC1=CC(C)=C(C)C1C,2,5,6.85e-06,6.94e-06,19.99202942,-16.6,2.3e-06,489.8124616,1511.292455,1603.722873,-11.303189
956,CC=CC,CC1=C(C)C(C)C(C)=C1C,2,5,2.5e-08,1.79e-07,20.00756223,-19.8,4.82e-08,613.2376347,1838.595466,2098.010833,-11.113489
957,CC=CC,CCC1=C(C)C(C)=C(C)C1C,2,5,1.61e-05,1.93e-05,19.96897234,-14.9,5.9e-06,437.8967149,1333.935731,1460.753601,-11.328518
958,CC=CC,CCC1=C(C)C(C)=C(CC)C1C,2,5,1.09e-06,1.14e-06,20.00733757,-19.2,3.73e-07,646.1924826,1800.041719,1832.887831,-10.7114915
959,CC=CC,CCC1=C(CC)C(C)C(CC)=C1C,2,5,0.0,4.1e-07,20.0076094,-18.8,9.58e-08,639.6200789,1564.894796,1660.891929,-10.811588
960,CC=CC,CCC1=C(CC)C(CC)C(CC)=C1C,2,5,8.08e-07,1.08e-06,20.00733405,-18.4,3.13e-07,621.5500103,1532.003231,1737.814434,-11.020287
961,CC=CC,CCC1=C(CC)C(CC)C(CC)=C1CC,2,5,3.27e-07,3.43e-07,20.008412,-18.8,1.03e-07,638.2665108,1572.435427,1660.891929,-10.807127
962,CC=CC,CCC1=C(CC)C(CC)C(C(C)C)=C1CC,2,5,1.35e-06,1.69e-06,20.00801,-18.6,4.98e-07,633.70388,1550.578315,1748.030539,-10.7550855
963,CC=CC,CCC1=C(CC)C(CC)C(C(C)C)=C1C(C)C,2,5,1.7e-06,2.26e-06,20.00789952,-18.5,6.62e-07,636.4167547,1750.835472,1802.179058,-10.788109
964,CC=CC,CCC1=C(CC)C(C(C)C)C(C(C)C)=C1C(C)C,2,5,8.13e-07,9.29e-07,20.00784095,-18.6,2.89e-07,639.5427335,1755.587994,1799.437615,-10.713555
965,CC=CC,CCC1=C(C(C)C)C(C(C)C)=C(C(C)C)C1C(C)C,2,5,9.38e-07,1.22e-06,20.00796681,-18.3,3.51e-07,630.262663,1731.15381,1796.798062,-10.890142
967,CC=CC,CC(C)C1=C(C(C)C)C(C(C)C)C(C(C)C)=C1C(C)C,2,5,3.06e-07,5.62e-07,20.00770725,-18.2,1.5e-07,633.3990824,1722.145488,1712.048089,-10.916323
968,CC=CCC,CC(C)C1=C(C(C)C)C(C(C)C)C(C(C)C)=C1C(C)C,2,5,1.85e-06,2.16e-06,20.00254925,-17.5,6.68e-07,600.8654436,1651.690636,1774.20981,-10.939004
969,CCC=CCC,CC(C)C1=C(C(C)C)C(C(C)C)C(C(C)C)=C1C(C)C,2,5,1.85e-06,2.16e-06,20.00254925,-17.5,6.68e-07,600.8654436,1588.5408,1773.924486,-10.961463
970,CCC=C(C)CC,CC(C)C1=C(C(C)C)C(C(C)C)C(C(C)C)=C1C(C)C,2,5,3.19e-06,3.37e-06,20.00172046,-18.2,1.1e-06,614.0284284,1722.245049,1791.80175,-11.1346285
971,CCC(C)=C(C)CC,CC(C)C1=C(C(C)C)C(C(C)C)C(C(C)C)=C1C(C)C,2,5,4.86e-06,5.52e-06,20.00650352,-18.0,1.73e-06,588.4597319,1695.746493,1734.580151,-11.1096415
972,CCC(C)=C(CC)CC,CC(C)C1=C(C(C)C)C(C(C)C)C(C(C)C)=C1C(C)C,2,5,7.28e-07,9.12e-07,20.00619906,-17.9,2.88e-07,590.9670921,1684.722456,1717.001853,-10.912913
973,CCC(CC)=C(CC)CC,CC(C)C1=C(C(C)C)C(C(C)C)C(C(C)C)=C1C(C)C,2,5,1.62e-06,1.99e-06,20.00553411,-17.6,6.02e-07,571.1053928,1656.517316,1772.520465,-10.884455
974,CCC(CC)=C(CC)C(C)C,CC(C)C1=C(C(C)C)C(C(C)C)C(C(C)C)=C1C(C)C,2,5,3.59e-06,4.33e-06,20.00456607,-17.7,1.32e-06,565.3392266,1655.457685,1765.592361,-11.131781
975,CCC(CC)=C(CC)C(C)(C)C,CC(C)C1=C(C(C)C)C(C(C)C)C(C(C)C)=C1C(C)C,2,5,3.62e-06,3.95e-06,20.00255419,-17.6,1.26e-06,565.8833321,1648.827186,1769.22006,-11.1394595
976,CCC(CC)=C(C(C)C)C(C)(C)C,CC(C)C1=C(C(C)C)C(C(C)C)C(C(C)C)=C1C(C)C,2,5,1.41e-05,1.43e-05,20.00403134,-17.0,4.74e-06,544.4657786,1583.230467,1715.562728,-11.3700095
977,CCC(=C(C(C)C)C(C)(C)C)C(C)C,CC(C)C1=C(C(C)C)C(C(C)C)C(C(C)C)=C1C(C)C,2,5,8.87e-07,8.92e-07,20.00080987,-17.7,3.05e-07,564.4875456,1646.368098,1767.295495,-10.937968
978,C=C,CCC1=CC=CC1,2,5,1.77e-06,2.01e-06,20.00709624,-16.2,6.37e-07,542.5483503,1502.902526,1773.685121,-11.1568375
979,C=CC,CCC1=CC=CC1,2,5,1.94e-05,2.34e-05,19.97075708,-13.9,7.14e-06,419.7439042,1383.765268,1407.783205,-11.262158
980,CC=CC,CCC1=CC=CC1,2,5,6.95e-05,8.43e-05,19.95529324,-11.7,2.56e-05,311.3597425,1311.530909,1346.274304,-11.07389825
981,CC=C(C)C,CCC1=CC=CC1,2,5,8.34e-05,0.000103646,19.94533063,-12.4,3.12e-05,308.1286701,1368.798794,1346.492388,-10.9799845
982,CC(C)=C(C)C,CCC1=CC=CC1,2,5,2.9e-06,5.6e-06,20.00305956,-17.0,1.42e-06,546.7424997,1586.225885,1759.542117,-11.170096
983,CCC(C)=C(C)C,CCC1=CC=CC1,2,5,2.92e-07,2.62e-06,20.00340603,-16.9,4.68e-07,538.5287324,1573.379479,1702.130167,-10.997701
984,CCC(C)=C(C)CC,CCC1=CC=CC1,2,5,2.15e-06,3.63e-06,20.00261209,-16.2,9.63e-07,520.0577263,1512.738809,1683.921371,-11.32184
985,CCC(C)=C(CC)CC,CCC1=CC=CC1,2,5,1.19e-06,3.64e-06,20.00303656,-17.3,7.99e-07,546.7309995,1613.496493,1772.155384,-11.0382845
986,CCC(CC)=C(CC)CC,CCC1=CC=CC1,2,5,4.44e-06,5.94e-06,20.00475125,-17.0,1.73e-06,538.6041002,1593.47753,1734.730639,-11.1593885
987,CCC(CC)=C(CC)C(C)C,CCC1=CC=CC1,2,5,3.21e-06,3.83e-06,19.99907672,-16.1,1.17e-06,508.9082726,1511.141425,1681.487885,-11.375153
988,CCC(CC)=C(C(C)C)C(C)C,CCC1=CC=CC1,2,5,3.52e-05,4.11e-05,19.99947704,-16.5,1.27e-05,542.5442515,1549.401664,1633.521566,-11.427195
989,CCC(=C(C(C)C)C(C)C)C(C)C,CCC1=CC=CC1,2,5,2.12e-05,2.63e-05,20.00304685,-16.4,7.92e-06,565.256183,1549.27416,1634.680365,-11.43797
990,CC(C)C(=C(C(C)C)C(C)C)C(C)C,CCC1=CC=CC1,2,5,2.87e-05,3.35e-05,19.99940924,-15.5,1.04e-05,515.1270723,1454.507491,1550.6777,-11.464454
991,CC(C)C(=C(C(C)C)C(C)C)C(C)C,CCC1=CC=C(C)C1,2,5,2.91e-05,3.39e-05,19.99908777,-15.6,1.05e-05,515.6357423,1463.838113,1550.6777,-11.460705
992,CC(C)C(=C(C(C)C)C(C)C)C(C)C,CCC1=CC(C)=C(C)C1,2,5,2.32e-05,2.7e-05,20.00012986,-16.2,8.37e-06,525.8618688,1512.624526,1546.510725,-11.479103
993,CC(C)C(=C(C(C)C)C(C)C)C(C)C,CCC1=CC(C)=C(C)C1C,2,5,5.32e-06,6.19e-06,20.00047939,-16.4,1.92e-06,528.12594,1531.75647,1632.071124,-11.351648
994,CC(C)C(=C(C(C)C)C(C)C)C(C)C,CCC1=C(C)C(C)=C(C)C1C,2,5,2.28e-05,2.67e-05,20.00104109,-16.4,8.26e-06,520.8953585,1524.573042,1547.233515,-11.483502
995,CC(C)C(=C(C(C)C)C(C)C)C(C)C,CCC1=C(C)C(C)=C(CC)C1C,2,5,2.24e-05,2.63e-05,20.00094802,-16.4,8.11e-06,522.0183945,1528.252737,1547.961649,-11.479542
996,CC(C)C(=C(C(C)C)C(C)C)C(C)C,CCC1=C(CC)C(C)C(CC)=C1C,2,5,1.74e-05,2.03e-05,20.00181037,-16.6,6.29e-06,525.7866394,1543.955266,1547.961649,-11.459574
997,CC(C)C(=C(C(C)C)C(C)C)C(C)C,CCC1=C(C(C)C)C(C)C(CC)=C1C,2,5,2.21e-05,2.84e-05,20.00190299,-16.9,8.41e-06,564.7027435,1590.721048,1633.056397,-11.3683395
998,CC(C)C(=C(C(C)C)C(C)C)C(C)C,CCC1=C(C)C(C(C)C)=C(CC)C1CC,2,5,2.19e-05,2.45e-05,20.00333829,-16.7,7.73e-06,547.5683438,1555.814172,1634.680365,-11.421508
999,CC(C)C(=C(C(C)C)C(C)C)C(C)C,CCC1=C(CC)C(CC)C(C(C)C)=C1CC,2,5,1.09e-05,1.21e-05,20.00429146,-16.5,3.85e-06,539.4569837,1537.484809,1734.655333,-11.502824
1000,CC(C)C(=C(C(C)C)C(C)C)C(C)C,CCC1=C(CC)C(CC)C(C(C)C)=C1C(C)C,2,5,1.38e-05,1.5e-05,20.00455302,-16.6,4.79e-06,540.7770998,1359.633929,1721.980773,-11.519054
1001,CC(C)C(=C(C(C)C)C(C)C)C(C)C,CCC1=C(CC)C(C(C)C)C(C(C)C)=C1C(C)C,2,5,3.48e-06,4.53e-06,20.00361357,-16.4,1.33e-06,533.1748541,1351.952393,1770.99492,-11.3832065
1002,CC(C)C(=C(C(C)C)C(C)C)C(C)C,CCC1=C(C(C)C)C(C(C)C)=C(C(C)C)C1C(C)C,2,5,5.17e-06,5.74e-06,20.00498103,-16.8,1.82e-06,542.1585649,1380.290091,1717.473521,-11.328203
1003,CC(C)C(=C(C(C)C)C(C)C)C(C)C,CC(C)C1=C(C(C)C)C(C(C)C)C(C(C)C)=C1C(C)C,2,5,4.78e-06,5.35e-06,20.00532272,-16.9,1.69e-06,547.2186685,1387.242594,1717.473521,-11.317182
1004,CC(C)C(=C(C(C)C)C(C)C)C(C)C,CC(C)C1=C(C(C)C)C(C(C)C)C(C(C)(C)C)=C1C(C)C,2,5,4.4e-07,3.3e-06,20.00417842,-16.2,6.25e-07,534.2250099,1337.976946,1708.548212,-11.1986045
1005,CCC=CCC,CC1=CC=CC1,2,5,1.61e-05,1.74e-05,19.99652032,-17.8,5.59e-06,547.6564517,1457.876169,1680.265372,-11.482867
1006,CCC=CCC,CC1=CC=C(C)C1,2,5,1.33e-05,1.46e-05,19.99669129,-18.2,4.65e-06,560.6731935,1489.855305,1686.569498,-11.493217
1007,CCC=CCC,CC1=CC(C)=C(C)C1,2,5,9.08e-06,9.85e-06,19.99762802,-18.2,3.15e-06,552.1782963,1487.772574,1692.793201,-11.454206
1008,CCC=CCC,CC1=CC(C)=C(C)C1C,2,5,4.18e-06,4.53e-06,19.99897018,-18.8,1.45e-06,576.2142301,1540.240962,1738.287036,-11.259756
1009,CCC=CCC,CC1=C(C)C(C)C(C)=C1C,2,5,5.09e-06,5.64e-06,20.00062786,-19.1,1.79e-06,586.4439055,1573.432823,1663.426639,-11.0401875
1010,CCC=CCC,CCC1=C(C)C(C)=C(C)C1C,2,5,6.49e-06,7.01e-06,20.00089301,-19.2,2.25e-06,589.2671673,1579.8783,1689.759471,-11.069997
1011,CCC=CCC,CCC1=C(C)C(C)=C(C)C1CC,2,5,8.36e-06,8.87e-06,20.00028566,-19.2,2.87e-06,595.0522634,1585.19615,1703.3301,-11.196156
1012,CCC=CCC,CCC1=C(CC)C(C)C(CC)=C1C,2,5,7.52e-06,8.29e-06,20.00075903,-19.2,2.63e-06,594.5651722,1583.882485,1688.120989,-11.066146
1013,CCC=CCC,CCC1=C(CC)C(CC)C(CC)=C1C,2,5,6.72e-06,7.15e-06,20.00059924,-19.4,2.31e-06,604.4276067,1604.539266,1703.35479,-11.0286285
1014,CCC=CCC,CCC1=C(CC)C(CC)C(CC)=C1CC,2,5,2.21e-06,2.5e-06,19.99737515,-18.1,7.85e-07,580.008294,1486.584189,1740.443344,-11.2205595
1015,CCC=CCC,CCC1=C(CC)C(CC)C(C(C)C)=C1CC,2,5,4.25e-06,4.78e-06,20.00260411,-17.8,1.5e-06,589.943954,1486.309527,1766.116626,-11.398986
1016,CCC=CCC,CCC1=C(CC)C(C(C)C)C(CC)=C1C(C)C,2,5,6.09e-07,7.26e-07,20.00291597,-17.6,2.15e-07,586.8259949,1473.184455,1700.461806,-11.12197
1017,CCC=CCC,CCC1=C(C(C)C)C(C(C)C)C(CC)=C1C(C)C,2,5,3.71e-06,3.82e-06,20.00371639,-17.9,1.26e-06,610.8640059,1502.123083,1739.373616,-11.3366205
1018,CCC=CCC,CCC1=C(C(C)(C)C)C(C(C)C)C(CC)=C1C(C)C,2,5,3.98e-07,4.34e-07,20.00769167,-18.7,1.4e-07,630.5871978,1559.832078,1660.891929,-10.834213
1019,CCC=CCC,CCC1=C(C(C)C)C(C(C)(C)C)=C(CC)C1C(C)(C)C,2,5,1.57e-06,1.89e-06,20.00528922,-18.0,5.76e-07,608.9568192,1505.609867,1742.949331,-11.0479195
1020,CCC=C(C)CC,CCC1=C(C(C)C)C(C(C)(C)C)=C(CC)C1C(C)(C)C,2,5,5.77e-06,6.94e-06,20.00045301,-18.2,2.12e-06,612.5847714,1524.78695,1681.769667,-11.308877
1021,CCC(C)=C(C)CC,CCC1=C(C(C)C)C(C(C)(C)C)=C(CC)C1C(C)(C)C,2,5,6.08e-06,7.08e-06,20.00685585,-19.1,2.19e-06,631.1349853,1598.056015,1669.103856,-10.9299205
1022,CCC(C)=C(CC)CC,CCC1=C(C(C)C)C(C(C)(C)C)=C(CC)C1C(C)(C)C,2,5,3.85e-06,4.45e-06,20.00584628,-17.5,1.38e-06,572.7674865,1455.814648,1771.08469,-11.351821
1023,CCC(CC)=C(CC)CC,CCC1=C(C(C)C)C(C(C)(C)C)=C(CC)C1C(C)(C)C,2,5,1.04e-06,1.26e-06,20.00509552,-18.6,3.88e-07,605.6064001,1557.733253,1749.940327,-10.8772465
1024,CCC(CC)=C(CC)C(C)C,CCC1=C(C(C)C)C(C(C)(C)C)=C(CC)C1C(C)(C)C,2,5,1.83e-06,2.04e-06,20.00470574,-18.6,6.48e-07,603.1821877,1560.594673,1746.459977,-10.82665
1025,CCC(=C(CC)C(C)C)C(C)C,CCC1=C(C(C)C)C(C(C)(C)C)=C(CC)C1C(C)(C)C,2,5,3.99e-06,5.25e-06,20.00441275,-16.9,1.54e-06,551.2747173,1406.162247,1765.684852,-11.345143
1026,CCC(=C(CC)C(C)(C)C)C(C)C,CCC1=C(C(C)C)C(C(C)(C)C)=C(CC)C1C(C)(C)C,2,5,5.07e-06,5.35e-06,20.00439111,-16.9,1.74e-06,557.7724414,1394.519771,1717.473521,-11.326502
1027,CCC(=C(CC)C(C)(C)C)C(C)(C)C,CCC1=C(C(C)C)C(C(C)(C)C)=C(CC)C1C(C)(C)C,2,5,1.25e-05,1.46e-05,19.99173087,-17.0,4.51e-06,547.4848485,1401.416996,1715.161627,-11.497897
1028,C=C,CCC1=CC(CC)=C(CC)C1,2,5,1.61e-06,2.2e-06,20.00700198,-16.6,6.41e-07,581.2930089,1382.526432,1778.288104,-11.1501185
1029,C=CC,CCC1=CC(CC)=C(CC)C1,2,5,7.79e-07,1.2e-06,20.00763184,-17.7,3.32e-07,615.3925887,1477.911541,1704.108457,-11.073699
1030,CC=CC,CCC1=CC(CC)=C(CC)C1,2,5,7.77e-06,8.5e-06,19.99969186,-17.0,2.71e-06,568.5211893,1410.957159,1719.029826,-11.370202
1031,CC=C(C)C,CCC1=CC(CC)=C(CC)C1,2,5,6.36e-06,6.95e-06,20.00030388,-17.8,2.22e-06,593.0960683,1488.468905,1712.505457,-11.411558
1032,CC(C)=C(C)C,CCC1=CC(CC)=C(CC)C1,2,5,1.08e-05,1.21e-05,20.00391549,-17.6,3.8e-06,570.9012679,1473.022842,1738.893235,-11.475048
1033,CCC(C)=C(C)C,CCC1=CC(CC)=C(CC)C1,2,5,2.07e-06,2.59e-06,20.00528842,-18.0,7.76e-07,594.6069114,1504.552878,1743.241911,-11.1393725
1034,CCC(C)=C(C)CC,CCC1=CC(CC)=C(CC)C1,2,5,7.52e-07,8.69e-07,20.00494586,-17.4,2.69e-07,565.3002548,1458.617143,1697.940167,-11.072677
1035,CCC(C)=C(CC)CC,CCC1=CC(CC)=C(CC)C1,2,5,7.97e-06,8.82e-06,20.00435333,-17.3,2.8e-06,556.7630965,1446.191076,1728.204475,-11.452513
1036,CCC(CC)=C(CC)CC,CCC1=CC(CC)=C(CC)C1,2,5,8.44e-06,9.56e-06,20.00394358,-17.6,3e-06,562.6707584,1468.768472,1727.839394,-11.452547
1037,CCC(CC)=C(CC)C(C)C,CCC1=CC(CC)=C(CC)C1,2,5,1.69e-06,1.82e-06,20.00329124,-17.6,5.83e-07,553.1002634,1477.366877,1777.923023,-11.1033435
1038,CCC(=C(CC)C(C)C)C(C)C,CCC1=CC(CC)=C(CC)C1,2,5,4.65e-06,5.29e-06,20.00194762,-17.5,1.66e-06,541.4976104,1466.464805,1717.10844,-11.314903
1039,CCC(=C(C(C)C)C(C)C)C(C)C,CCC1=CC(CC)=C(CC)C1,2,5,3.09e-06,3.45e-06,20.00223546,-16.6,1.09e-06,531.7953393,1382.198211,1774.987699,-11.381408
1040,CC(C)C(=C(C(C)C)C(C)C)C(C)C,CCC1=CC(CC)=C(CC)C1,2,5,2.95e-05,3.47e-05,19.99922848,-15.7,1.07e-05,500.4750341,1308.003329,1541.317419,-11.468055
1041,CC(C)C(=C(C(C)C)C(C)C)C(C)C,CCC1=CC(CC)=C(CC)C1C,2,5,1.43e-05,1.63e-05,20.00171278,-16.0,5.11e-06,511.1859829,1335.561109,1632.718862,-11.477988
1042,CC(C)C(=C(C(C)C)C(C)C)C(C)C,CCC1=CC(CC)=C(CC)C1CC,2,5,8.47e-06,9.37e-06,20.00189645,-16.0,2.97e-06,510.1353314,1332.926578,1638.942564,-11.446789
1043,CC(C)C(=C(C(C)C)C(C)C)C(C)C,CCC1=CC(CC)=C(C(C)C)C1CC,2,5,9.31e-06,1.09e-05,20.00040602,-16.2,3.36e-06,517.7409749,1347.170087,1638.942564,-11.448089
1044,CC(C)C(=C(C(C)C)C(C)C)C(C)C,CCC1=C(C(C)C)C(CC)C(CC)=C1C,2,5,3.35e-06,3.82e-06,20.00325466,-16.1,1.19e-06,502.5999406,1327.062463,1686.090869,-11.355286
1045,CC(C)C(=C(C(C)C)C(C)C)C(C)C,CCC1=C(CC)C(CC)C(C(C)C)=C1CC,2,5,1.64e-05,1.95e-05,20.00328855,-16.6,5.98e-06,546.4570401,1377.387593,1640.733329,-11.504995
1046,CC(C)(C)C=CC(C)(C)C,C1=CCC=C1,2,5,4.76e-05,5.69e-05,19.99141858,-16.1,1.74e-05,514.1345961,1322.043003,1540.960714,-11.475623
1047,CC(C)(C)C=CC(C)(C)C,CC1=CC=CC1,2,5,3.97e-05,4.78e-05,19.992581,-16.5,1.46e-05,523.0334441,1356.42939,1541.688848,-11.480762
1048,CC(C)(C)C=CC(C)(C)C,CC1=CC=C(C)C1,2,5,3.61e-05,4.31e-05,19.99356362,-16.8,1.32e-05,528.0901346,1376.017164,1555.877278,-11.459178
1049,CC(C)(C)C=CC(C)(C)C,CC1=CC(C)=C(C)C1,2,5,2.67e-05,3.19e-05,19.99457663,-17.2,9.77e-06,538.4887323,1407.272418,1636.311611,-11.50168
1050,CC(C)(C)C=CC(C)(C)C,CC1=CC(C)=C(C)C1C,2,5,4.62e-06,5.29e-06,19.99625314,-17.5,1.65e-06,548.0272568,1437.504923,1740.418522,-11.32873
1051,CC(C)(C)C=CC(C)(C)C,CC1=C(C)C(C)C(C)=C1C,2,5,6.28e-06,7.07e-06,19.99850033,-17.8,2.22e-06,555.0928979,1466.465253,1717.10844,-11.373755
1052,CC(C)(C)C=CC(C)(C)C,CCC1=C(C)C(C)=C(C)C1C,2,5,1.67e-06,2.8e-06,20.00090114,-17.1,7.48e-07,549.36116,1413.485863,1777.923023,-11.228322
1053,CC(C)(C)C=CC(C)(C)C,CCC1=C(C)C(C)=C(CC)C1C,2,5,3.6e-06,4.86e-06,20.00229533,-17.6,1.41e-06,570.4531108,1464.77826,1770.99492,-11.3514035
1054,CC(C)(C)C=CC(C)(C)C,CCC1=C(C)C(C)=C(C(C)C)C1C,2,5,2.91e-06,4.22e-06,20.00160711,-17.6,1.19e-06,568.2339163,1458.50788,1774.987699,-11.35499
1055,CC(C)(C)C=CC(C)(C)C,CCC1=C(C)C(C)=C(C(C)C)C1CC,2,5,3.9e-06,5.21e-06,20.0021135,-17.6,1.52e-06,570.3653864,1461.81993,1765.319771,-11.338267
1056,CC(C)(C)C=CC(C)(C)C,CCC1=C(C)C(C(C)C)=C(CC)C1CC,2,5,5.1e-06,6.34e-06,20.00246034,-17.6,1.91e-06,572.0633292,1464.569078,1717.10844,-11.360331
1057,CC(C)(C)C=CC(C)(C)C,CCC1=C(CC)C(CC)C(C(C)C)=C1CC,2,5,1.5e-05,1.56e-05,20.0041545,-17.4,5.1e-06,573.2270642,1441.876624,1721.980773,-11.500422
1058,CC(C)(C)C=CC(C)(C)C,CCC1=C(CC)C(CC)C(C(C)C)=C1C(C)C,2,5,1.36e-05,1.4e-05,20.00422014,-17.2,4.6e-06,579.6770298,1434.091123,1721.980773,-11.501942
1059,CC(C)(C)C=CC(C)(C)C,CCC1=C(CC)C(C(C)C)C(C(C)C)=C1C(C)C,2,5,1.68e-05,1.88e-05,20.00440178,-17.3,5.93e-06,583.0988079,1443.235961,1683.893373,-11.505473
1060,CC(C)(C)C=CC(C)(C)C,CCC1=C(C(C)C)C(C(C)C)=C(C(C)C)C1C(C)C,2,5,1.44e-05,1.67e-05,20.00457456,-17.3,5.18e-06,586.9041287,1448.745466,1721.980773,-11.506247
1061,C=C,c1ccccc1,2,6,0.005601839,0.009353343,19.73017391,-19.1,0.00249,378.9140758,709.6175241,752.4610465,-9.878404
1062,C=CC,c1ccccc1,2,6,7.12e-05,9.21e-05,19.93914939,-23.0,2.72e-05,600.3565649,1462.896529,1870.759271,-11.301782
1063,CC=CC,c1ccccc1,2,6,7.12e-05,9.21e-05,19.93914939,-23.0,2.72e-05,600.3565649,1432.9952,1870.759271,-11.313412
1064,CC=C(C)C,c1ccccc1,2,6,4.42e-06,4.84e-06,19.99579556,-21.3,1.54e-06,557.469129,1703.707565,2118.477561,-11.204304
1065,CC(C)=C(C)C,c1ccccc1,2,6,0.020623697,0.035764774,19.76843436,-7.03,0.0094,184.3645392,1467.771703,687.3293539,-7.8212225
1066,CC(C)=C(C)C,Cc1ccccc1,2,6,1.26e-06,1.31e-06,19.99656009,-21.5,4.36e-07,563.0668823,1713.900096,2130.310727,-11.052042
1068,CC(C)=C(C)C,Cc1ccc(C)c(C)c1,2,6,2.34e-06,2.63e-06,19.99384625,-21.7,8.26e-07,577.3799438,1733.231762,2121.06363,-11.1745125
1069,CC(C)=C(C)C,Cc1cc(C)c(C)cc1C,2,6,1.17e-06,1.24e-06,19.99427047,-21.9,3.98e-07,585.4665908,1760.715855,2135.705609,-11.0767225
1070,CC(C)=C(C)C,Cc1cc(C)c(C)c(C)c1C,2,6,1.82e-06,1.88e-06,19.99499481,-22.1,6.17e-07,592.7425948,1779.949308,2145.897362,-11.008876
1071,CC(C)=C(C)C,Cc1c(C)c(C)c(C)c(C)c1C,2,6,1.41e-06,1.43e-06,19.99407682,-22.2,4.75e-07,597.677593,1788.801308,2152.357924,-11.0462175
1072,CCC(C)=C(C)C,Cc1c(C)c(C)c(C)c(C)c1C,2,6,2.51e-06,2.64e-06,19.9941581,-21.9,8.59e-07,585.3881557,1758.253405,2128.140533,-11.1792965
1073,CCC(C)=C(C)CC,Cc1c(C)c(C)c(C)c(C)c1C,2,6,1.96e-06,2.12e-06,19.99307888,-21.9,6.83e-07,584.6427936,1756.25324,2125.666887,-11.0581175
1074,CCC(C)=C(CC)CC,Cc1c(C)c(C)c(C)c(C)c1C,2,6,1.1e-05,1.31e-05,19.98668003,-22.2,4.01e-06,588.7589292,1760.687165,2084.998617,-11.492277
1075,CCC(CC)=C(CC)CC,Cc1c(C)c(C)c(C)c(C)c1C,2,6,8.6e-06,1.02e-05,19.98299499,-22.3,3.13e-06,587.0529365,1750.493804,2073.780825,-11.438819
1076,CCC(CC)=C(CC)CC,CCc1c(C)c(C)c(C)c(C)c1C,2,6,9.58e-06,1.14e-05,19.98243045,-22.2,3.5e-06,588.1846821,1739.741161,2084.834666,-11.466604
1077,CCC(CC)=C(CC)CC,CCc1c(C)c(C)c(C)c(C)c1CC,2,6,9.13e-06,1.09e-05,19.98091223,-22.2,3.33e-06,582.2900164,1727.121504,2066.703921,-11.438912
1078,CCC(CC)=C(CC)CC,CCc1c(C)c(C)c(CC)c(CC)c1C,2,6,1.96e-05,2.32e-05,19.97357885,-22.2,7.13e-06,585.4922438,1364.305187,1925.430781,-11.441295
1080,CCC(CC)=C(CC)CC,CCc1c(C)c(CC)c(CC)c(CC)c1CC,2,6,7.65e-05,9.49e-05,19.96988661,-22.5,2.86e-05,600.5842994,1740.553485,1927.405905,-11.296452
1081,CCC(CC)=C(CC)CC,CCc1c(CC)c(CC)c(CC)c(CC)c1CC,2,6,4.73e-05,5.81e-05,19.97190451,-23.3,1.76e-05,617.8768341,1803.289237,1994.052722,-11.3394945
1082,CCC(CC)=C(CC)C(C)C,CCc1c(CC)c(CC)c(CC)c(CC)c1CC,2,6,0.008049893,0.012260683,19.79583487,-6.21,0.00339,184.8051031,315.0,440.9309387,-7.63527875
1083,CCC(CC)=C(C(C)C)C(C)C,CCc1c(CC)c(CC)c(CC)c(CC)c1CC,2,6,0.035311456,0.064344074,19.69510791,-6.4,0.0166,176.0789079,176.0789079,270.48055,-6.352067
1084,CCC(=C(C(C)C)C(C)C)C(C)C,CCc1c(CC)c(CC)c(CC)c(CC)c1CC,2,6,0.002203374,0.002354357,19.86958321,-6.08,0.00076,165.1404545,1284.106598,848.9775402,-9.33108725
1085,CC(C)C(=C(C(C)C)C(C)C)C(C)C,CCc1c(CC)c(CC)c(CC)c(CC)c1CC,2,6,0.000296207,0.000386069,19.94805007,-21.5,0.000114,553.5081357,1622.09678,1621.927459,-10.896663
1086,CC(C)C(=C(C(C)C)C(C)C)C(C)C,CCc1c(CC)c(CC)c(C(C)C)c(CC)c1CC,2,6,0.001343431,0.001744196,19.9013311,-7.03,0.000515,207.2058822,1460.743057,1034.129125,-9.68847325
1087,CC(C)C(=C(C(C)C)C(C)C)C(C)C,CCc1c(CC)c(CC)c(C(C)C)c(C(C)C)c1CC,2,6,0.0006657,0.000863602,19.91290524,-7.36,0.000255,210.1555046,1355.676888,1071.05881,-9.6875195
1088,CC(C)C(=C(C(C)C)C(C)C)C(C)C,CCc1c(CC)c(C(C)C)c(C(C)C)c(C(C)C)c1CC,2,6,0.00458398,0.006240776,19.85998976,-6.61,0.0018,175.0687561,292.0,566.5967165,-8.492581
1089,CC(C)C(=C(C(C)C)C(C)C)C(C)C,CCc1c(CC)c(C(C)C)c(C(C)C)c(C(C)C)c1C(C)C,2,6,0.000215625,0.000279118,19.95058489,-21.3,8.25e-05,553.357397,1635.331233,1621.13636,-10.804533
1090,CC(C)C(=C(C(C)C)C(C)C)C(C)C,CCc1c(C(C)C)c(C(C)C)c(C(C)C)c(C(C)C)c1C(C)C,2,6,0.211573289,0.481449523,19.11010186,-4.96,0.116,89.31282178,89.31282178,17.22994248,-5.22132375
1091,C=CC,Cc1ccccc1,2,6,7.77e-05,9.9e-05,19.93835562,-23.2,2.95e-05,607.8817998,1605.286101,1877.008121,-11.1777215
1092,C=CC,Cc1ccc(C)cc1,2,6,0.000165172,0.0002144,19.93846164,-23.4,6.33e-05,613.7231008,1624.804649,1626.461536,-10.843893
1093,C=CC,Cc1ccc(C)c(C)c1,2,6,0.000147049,0.000189697,19.94216079,-23.5,5.61e-05,623.6115211,1645.060131,1654.789341,-10.883983
1094,C=CC,Cc1cc(C)c(C)cc1C,2,6,0.000108334,0.000138246,19.94434659,-23.7,4.11e-05,627.935062,1667.843586,1791.49202,-11.0674335
1095,C=CC,Cc1cc(C)c(C)c(C)c1C,2,6,3.57e-05,4.58e-05,19.9463641,-23.9,1.36e-05,634.3956584,1544.358446,1923.935679,-11.29199
1096,C=CC,Cc1c(C)c(C)c(C)c(C)c1C,2,6,5.9e-05,7.54e-05,19.94715455,-24.2,2.24e-05,643.9548783,1566.928528,1864.551901,-11.027458
1097,CC=CC,Cc1c(C)c(C)c(C)c(C)c1C,2,6,5.27e-05,6.68e-05,19.94637386,-24.4,1.99e-05,642.678981,1570.551819,1883.625402,-11.047641
1098,CC=C(C)C,Cc1c(C)c(C)c(C)c(C)c1C,2,6,2.38e-07,4.29e-07,19.99591342,-22.0,1.42e-07,593.2921208,1626.444736,2002.81051,-11.1035365
1099,CC(C)=C(C)C,CCc1c(C)c(C)c(C)c(C)c1C,2,6,2.84e-06,3.04e-06,19.99416779,-22.3,9.79e-07,591.6729358,1786.249412,2142.962038,-11.233468
1100,CCC(C)=C(C)C,CCc1c(C)c(C)c(C)c(C)c1C,2,6,0.0,1.39e-07,19.99323501,-22.3,6.39e-08,597.49618,1787.979304,2062.253064,-11.149681
1101,CCC(C)=C(C)CC,CCc1c(C)c(C)c(C)c(C)c1C,2,6,2.62e-06,2.73e-06,19.99326262,-22.0,8.9e-07,585.3618047,1765.902219,2146.561902,-11.1882545
1102,CCC(C)=C(CC)CC,CCc1c(C)c(C)c(C)c(C)c1C,2,6,6.91e-06,8.08e-06,19.98205061,-22.3,2.5e-06,592.2161385,1756.81301,2064.688353,-11.256818
1103,CCC(CC)=C(CC)CC,CCc1c(C)c(C)c(C)c(C)c1C,2,6,1.68e-05,2.03e-05,19.97992218,-22.2,6.19e-06,590.9166413,1734.907462,1977.964857,-11.49017
1104,CCC(CC)=C(CC)CC,CCc1c(C)c(C)c(CC)c(C)c1C,2,6,4.09e-05,5.02e-05,19.96878647,-22.1,1.52e-05,571.2400705,1699.828917,1977.383486,-11.373716
1105,CCC(CC)=C(CC)CC,CCc1c(C)c(C)c(CC)c(CC)c1C,2,6,4.17e-05,5.12e-05,19.96802485,-22.1,1.55e-05,570.5852296,1700.028263,1977.383486,-11.352316
1106,CCC(CC)=C(CC)CC,CCc1c(C)c(CC)c(CC)c(C)c1CC,2,6,5.29e-05,6.5e-05,19.96862547,-22.6,1.96e-05,592.3721947,1734.163421,1917.767668,-11.291216
1107,CCC(CC)=C(CC)CC,CCc1c(C)c(CC)c(C(C)C)c(C)c1CC,2,6,1.22e-05,1.42e-05,19.98087705,-23.1,4.4e-06,608.7858675,1802.475003,2076.484471,-11.4814405
1108,CCC(CC)=C(CC)CC,CCc1c(C)c(C(C)C)c(CC)c(CC)c1CC,2,6,2.67e-05,3.16e-05,19.97934986,-23.1,9.73e-06,609.3356252,1798.943196,1994.052722,-11.402758
1109,CCC(CC)=C(CC)CC,CCc1c(CC)c(CC)c(C(C)C)c(CC)c1CC,2,6,0.067693367,0.148342639,19.29861327,-4.37,0.036,146.7864656,146.7864656,47.61437136,-5.7280095
1110,CC=CC,Cc1ccccc1,2,6,0.000130145,0.000168712,19.9389393,-23.4,4.98e-05,605.4199103,1606.577105,1791.710766,-11.012341
1111,CC=CC,Cc1ccc(C)cc1,2,6,0.000178423,0.000232902,19.93558674,-23.5,6.86e-05,611.135981,1619.196823,1626.461536,-10.812953
1112,CC=CC,Cc1ccc(C)c(C)c1,2,6,8.91e-05,0.000113927,19.94530302,-23.8,3.38e-05,619.3397806,1785.689857,1838.87908,-11.1458225
1113,CC=CC,Cc1cc(C)c(C)cc1C,2,6,7.56e-05,9.6e-05,19.94458098,-23.9,2.86e-05,625.1022694,1670.12237,1876.789376,-11.1213835
1114,CC=CC,Cc1cc(C)c(C)c(C)c1C,2,6,6.58e-05,8.34e-05,19.94348946,-24.2,2.49e-05,632.5492876,1550.693207,1864.770646,-11.116856
1115,CC=CC,Cc1c(C)c(C)c(C)c(C)c1C,2,6,4.59e-05,5.81e-05,19.94826224,-24.4,1.73e-05,645.7344172,1580.399568,1920.555868,-11.082744
1116,CC=CC,CCc1c(C)c(C)c(C)c(C)c1C,2,6,6.34e-05,8.02e-05,19.94525603,-24.4,2.39e-05,639.0858494,1566.060829,1864.551901,-11.047338
1117,CC=CC,CCc1c(C)c(C)c(CC)c(C)c1C,2,6,0.000548162,0.000801495,19.84364248,-19.0,0.000225,453.9988201,1541.824199,1060.756723,-10.43780814
1118,CC=CC,CCc1c(C)c(C)c(CC)c(CC)c1C,2,6,2.54e-05,3.08e-05,19.97219378,-25.7,9.36e-06,685.2972956,1686.504688,1808.68899,-10.886527
1119,CC=CC,CCc1c(C)c(CC)c(CC)c(C)c1CC,2,6,2.04e-06,2.31e-06,19.98819523,-26.7,7.25e-07,728.6608157,1790.710193,1916.8823,-10.631348
1120,CC=CC,CCc1c(C)c(CC)c(CC)c(CC)c1CC,2,6,1.35e-05,1.62e-05,19.97502147,-26.8,4.96e-06,722.9076714,1764.01863,1877.88086,-10.910859
1121,CC=CC,CCc1c(CC)c(CC)c(CC)c(CC)c1CC,2,6,0.000299421,0.000403284,19.91524963,-21.8,0.000117,553.7824851,1354.463547,1595.174615,-10.8861015
1122,CC=CC,CCc1c(CC)c(CC)c(C(C)C)c(CC)c1CC,2,6,0.00032307,0.000436924,19.91695912,-22.5,0.000127,578.3909555,1390.989871,1620.153856,-10.9543035
1123,CC=CC,CCc1c(CC)c(C(C)C)c(CC)c(C(C)C)c1CC,2,6,0.016530955,0.03043544,19.55875172,-16.1,0.00783,285.1666919,618.0,676.3667733,-8.3969305
1124,CC=CC,CCc1c(C(C)C)c(CC)c(C(C)C)c(CC)c1C(C)C,2,6,0.000358844,0.000485358,19.9181412,-22.2,0.000141,579.1846201,1386.271222,1620.153856,-10.9543035
1125,CC=CC,CCc1c(C(C)C)c(CC)c(C(C)C)c(C(C)C)c1C(C)C,2,6,0.001172286,0.001615731,19.92688279,-12.0,0.000465,316.3135165,1473.818101,1145.079369,-10.85515525
1126,CC=CC,CCc1c(C(C)C)c(C(C)C)c(C(C)C)c(C(C)C)c1C(C)C,2,6,0.000461021,0.000624747,19.93404847,-21.8,0.000181,565.7309974,1399.992085,1617.859238,-10.9999395
1127,CC=CC,CC(C)c1c(C(C)C)c(C(C)C)c(C(C)C)c(C(C)C)c1C(C)C,2,6,0.001428726,0.002004363,19.92597712,-12.0,0.000572,322.0748839,1563.051199,1142.651536,-10.76599775
1128,CC=C(C)C,CC(C)c1c(C(C)C)c(C(C)C)c(C(C)C)c(C(C)C)c1C(C)C,2,6,2.14e-05,2.6e-05,19.97328609,-23.1,7.9e-06,613.1774929,1514.510861,1923.164648,-11.4355625
1129,CC(C)=C(C)C,CC(C)c1c(C(C)C)c(C(C)C)c(C(C)C)c(C(C)C)c1C(C)C,2,6,5.47e-06,6.19e-06,19.99105923,-26.1,1.94e-06,713.1722564,1748.337408,1855.934537,-10.722959
1130,CCC(C)=C(C)C,CC(C)c1c(C(C)C)c(C(C)C)c(C(C)C)c(C(C)C)c1C(C)C,2,6,0.179226506,0.460425014,19.0539383,-12.6,0.107,177.787064,177.787064,192.2821767,-6.418447
1131,CCC(C)=C(C)CC,CC(C)c1c(C(C)C)c(C(C)C)c(C(C)C)c(C(C)C)c1C(C)C,2,6,0.06061465,0.098384441,19.44018392,-3.63,0.0265,99.4551985,99.4551985,134.9827011,-5.6908185
1132,CCC(C)=C(CC)CC,CC(C)c1c(C(C)C)c(C(C)C)c(C(C)C)c(C(C)C)c1C(C)C,2,6,0.192884376,0.502997538,19.02078501,-12.4,0.116,171.4900807,171.4900807,192.2821767,-6.418447
1133,CCC(CC)=C(CC)CC,CC(C)c1c(C(C)C)c(C(C)C)c(C(C)C)c(C(C)C)c1C(C)C,2,6,0.000160212,0.000205447,19.95036463,-23.1,6.09e-05,603.6243,1457.099371,1618.096165,-10.8883605
1134,CCC(CC)=C(CC)C(C)C,CC(C)c1c(C(C)C)c(C(C)C)c(C(C)C)c(C(C)C)c1C(C)C,2,6,0.110179103,0.252263972,19.03228725,-3.68,0.0604,74.12638506,74.12638506,17.22994248,-5.22132375
1135,CCC(=C(CC)C(C)C)C(C)C,CC(C)c1c(C(C)C)c(C(C)C)c(C(C)C)c(C(C)C)c1C(C)C,2,6,0.546197964,1.312004564,17.32322592,-2.54,0.31,41.64363518,41.64363518,17.22994248,-5.22132375
1136,CCC(=C(C(C)C)C(C)C)C(C)C,CC(C)c1c(C(C)C)c(C(C)C)c(C(C)C)c(C(C)C)c1C(C)C,2,6,0.038805929,0.065182919,19.32994381,-3.76,0.0173,95.88400234,95.88400234,146.451616,-5.7931715
1137,CC(C)C(=C(C(C)C)C(C)C)C(C)C,CC(C)c1c(C(C)C)c(C(C)C)c(C(C)C)c(C(C)C)c1C(C)C,2,6,0.329813308,0.606846343,18.69393212,-3.36,0.156,53.99525852,53.99525852,17.22994248,-5.22132375
1138,CC=C(C)C,Cc1ccccc1,2,6,2.45e-06,2.52e-06,19.99350857,-21.5,8.27e-07,572.2100525,1720.601921,2122.745651,-11.1717675
1139,CC=C(C)C,Cc1ccc(C)cc1,2,6,3.39e-06,3.57e-06,19.99314325,-21.6,1.16e-06,576.336546,1729.862806,2115.65466,-11.2329185
1140,CC=C(C)C,Cc1ccc(C)c(C)c1,2,6,0.163983608,0.401390564,18.85545926,-5.74,0.0942,116.2054576,116.2054576,21.5458846,-5.5111695
1141,CC=C(C)C,Cc1cc(C)c(C)cc1C,2,6,3.02e-06,3.21e-06,19.99315478,-21.9,1.04e-06,586.0801759,1755.268627,2122.731563,-11.2437365
1142,CC=C(C)C,Cc1cc(C)c(C)c(C)c1C,2,6,3.78e-06,4.13e-06,19.99102738,-21.9,1.32e-06,582.9973048,1741.649785,2121.868216,-11.234704
1143,CC=C(C)C,Cc1c(C)c(C)c(C)c(C)c1C,2,6,1.03e-06,1.23e-06,19.9938435,-22.0,3.77e-07,594.4354564,1767.067659,2161.445735,-11.1062315
1144,CC=C(C)C,CCc1c(C)c(C)c(C)c(C)c1C,2,6,5.58e-06,6.19e-06,19.98996782,-22.2,1.96e-06,588.392203,1774.571149,2079.482462,-11.2504725
1145,CC=C(C)C,CCc1c(C)c(C)c(CC)c(C)c1C,2,6,7.51e-06,8.42e-06,19.98676177,-22.2,2.66e-06,588.9435623,1770.776529,2084.17763,-11.347643
1146,CC=C(C)C,CCc1c(C)c(C)c(CC)c(CC)c1C,2,6,4.76e-06,5.35e-06,19.98993801,-22.2,1.68e-06,594.9377958,1771.584294,2088.682643,-11.220278
1147,CC=C(C)C,CCc1c(C)c(CC)c(CC)c(C)c1CC,2,6,3.66e-06,3.99e-06,19.99007886,-22.3,1.27e-06,599.7287971,1793.733431,2138.917221,-11.2102285
1148,CC=C(C)C,CCc1c(C)c(CC)c(CC)c(CC)c1CC,2,6,5.59e-06,6.26e-06,19.98995894,-22.6,1.98e-06,612.4358191,1812.003795,2078.966266,-11.2323455
1149,CC=C(C)C,CCc1c(CC)c(CC)c(CC)c(CC)c1CC,2,6,8.5e-06,9.62e-06,19.98840734,-22.6,3.02e-06,606.3910384,1809.881034,2082.872124,-11.4312825
1150,CC=C(C)C,CCc1c(CC)c(CC)c(C(C)C)c(CC)c1CC,2,6,5.19e-06,5.74e-06,19.99209249,-22.7,1.82e-06,612.0005294,1823.294974,2167.008744,-11.2323195
1151,CC=C(C)C,CCc1c(CC)c(C(C)C)c(CC)c(CC)c1C(C)C,2,6,2.82e-06,3.08e-06,19.9948065,-22.7,9.81e-07,613.0676903,1825.376477,2230.48832,-11.243
1152,CC=C(C)C,CCc1c(CC)c(C(C)C)c(C(C)C)c(CC)c1C(C)C,2,6,2.77e-06,3.05e-06,19.99541154,-22.9,9.69e-07,617.5941419,1853.776224,2230.48832,-11.26273
1153,CC=C(C)C,CCc1c(C(C)C)c(C(C)C)c(CC)c(C(C)C)c1C(C)C,2,6,3.04e-06,3.31e-06,19.99626674,-23.1,1.06e-06,623.5791773,1874.027974,2230.48832,-11.199678
1154,CC=C(C)C,CCc1c(C(C)C)c(C(C)C)c(C(C)C)c(C(C)C)c1C(C)C,2,6,3.49e-06,3.83e-06,19.99470896,-23.1,1.22e-06,624.535203,1876.0602,2230.48832,-11.178616
1155,CC=C(C)C,CCc1c(C(C)C)c(C(C)C)c(C(C)C)c(C(C)C)c1C(C)(C)C,2,6,2.4e-05,2.86e-05,19.9763983,-22.7,8.77e-06,606.6723775,1793.517977,1993.760597,-11.397299
1156,CC(C)=C(C)C,CCc1c(C(C)C)c(C(C)C)c(C(C)C)c(C(C)C)c1C(C)(C)C,2,6,6.34e-06,7.4e-06,19.98188827,-26.2,2.29e-06,700.9674965,1729.609643,1848.693682,-10.723093
1157,CCC(C)=C(C)C,CCc1c(C(C)C)c(C(C)C)c(C(C)C)c(C(C)C)c1C(C)(C)C,2,6,5.02e-06,5.8e-06,19.98301665,-26.4,1.8e-06,711.1083165,1747.870478,1855.770585,-10.69793
1158,CCC(C)=C(C)CC,CCc1c(C(C)C)c(C(C)C)c(C(C)C)c(C(C)C)c1C(C)(C)C,2,6,0.327476282,0.87426965,18.97848243,-3.48,0.2,62.56809972,62.56809972,17.22994248,-5.22132375
1159,CCC(C)=C(CC)CC,CCc1c(C(C)C)c(C(C)C)c(C(C)C)c(C(C)C)c1C(C)(C)C,2,6,3.85e-06,4.37e-06,19.98699805,-25.6,1.37e-06,683.5263681,1678.380365,1878.522894,-10.714936
1160,CCC(CC)=C(CC)CC,CCc1c(C(C)C)c(C(C)C)c(C(C)C)c(C(C)C)c1C(C)(C)C,2,6,0.000356823,0.00047766,19.92839028,-22.3,0.000139,575.0119672,1365.507296,1617.859238,-10.9994895
1161,CCC(CC)=C(CC)C(C)C,CCc1c(C(C)C)c(C(C)C)c(C(C)C)c(C(C)C)c1C(C)(C)C,2,6,3.03e-06,3.44e-06,19.99339448,-25.4,1.08e-06,678.2647995,1678.11163,2094.569332,-10.801404
1162,CCC(=C(CC)C(C)C)C(C)C,CCc1c(C(C)C)c(C(C)C)c(C(C)C)c(C(C)C)c1C(C)(C)C,2,6,1.11e-07,2.39e-07,20.01043151,-22.2,6.95e-08,603.5579157,1785.098018,2071.661649,-11.101964
1163,CCC(=C(C(C)C)C(C)C)C(C)C,CCc1c(C(C)C)c(C(C)C)c(C(C)C)c(C(C)C)c1C(C)(C)C,2,6,3.42e-07,4.13e-07,20.0078651,-25.2,1.1e-07,674.0359464,1828.817337,2181.825065,-10.931351
1164,CC(C)C(=C(C(C)C)C(C)C)C(C)C,CCc1c(C(C)C)c(C(C)C)c(C(C)C)c(C(C)C)c1C(C)(C)C,2,6,1.71e-06,1.92e-06,20.00199922,-25.7,6e-07,673.793498,1836.728536,2256.103644,-10.757948
1165,C=C,Cc1ccc(C)cc1,2,6,3.1e-06,3.13e-06,15.98150107,-47.8,1.04e-06,1349.732627,1629.732628,1478.933865,-9.771866857
1166,C=CC,Cc1ccc(C)cc1,2,6,5.57e-05,7.14e-05,19.9437423,-23.4,2.12e-05,612.3787603,1493.042216,1866.220627,-11.320372
1167,CC=CC,Cc1ccc(C)cc1,2,6,8.03e-05,0.00010322,19.94005783,-23.5,3.06e-05,609.6801276,1484.36435,1866.727535,-11.320042
1168,CC=CC,Cc1ccc(C)c(C)c1,2,6,7.58e-05,9.75e-05,19.94442041,-23.8,2.89e-05,621.1021446,1511.051475,1866.508789,-11.308908
1169,CC=CC,Cc1cc(C)c(C)cc1C,2,6,0.000105644,0.000135672,19.94612392,-24.0,4.02e-05,629.8340797,1530.743501,1781.211434,-11.17324
1170,CC=CC,Cc1cc(C)c(C)c(C)c1C,2,6,8.22e-05,0.000105248,19.94512198,-24.1,3.12e-05,636.7524363,1537.548022,1866.508789,-11.186806
1171,CC=CC,Cc1c(C)c(C)c(C)c(C)c1C,2,6,7.42e-05,9.42e-05,19.94516466,-24.4,2.81e-05,640.1731818,1560.916917,1865.058808,-11.062318
1172,CC=C(C)C,Cc1c(C)c(C)c(C)c(C)c1C,2,6,8.34e-07,1.03e-06,19.99597411,-21.9,3.11e-07,591.7069745,1599.335303,2069.513777,-11.0182825
1173,CC=C(C)C,CCc1c(C)c(C)c(C)c(C)c1C,2,6,2.42e-06,2.59e-06,19.99462444,-22.1,8.37e-07,596.8432484,1779.237776,2144.792848,-11.15777
1174,CC=C(C)C,CCc1c(C)c(C)c(C)c(C)c1CC,2,6,1.97e-06,2.1e-06,19.99558516,-22.2,6.79e-07,591.8616278,1787.80198,2145.897362,-11.030129
1175,CC=C(C)C,CCc1c(C)c(C)c(C)c(CC)c1CC,2,6,4.52e-06,5.01e-06,19.99150196,-22.2,1.59e-06,590.9316234,1781.849973,2102.792544,-11.2229035
1176,CC=C(C)C,CCc1c(C)c(C)c(CC)c(CC)c1CC,2,6,2.75e-06,2.95e-06,19.99716877,-22.8,9.48e-07,621.8966905,1835.224824,2230.48832,-11.221781
1177,CC=C(C)C,CCc1c(C)c(CC)c(CC)c(CC)c1CC,2,6,5.66e-07,6.41e-07,19.9997622,-22.8,2e-07,624.0113985,1853.423632,2160.076738,-11.157171
1178,CC=C(C)C,CCc1c(C)c(C(C)C)c(CC)c(CC)c1CC,2,6,5.78e-07,7.6e-07,19.99890285,-22.6,2.38e-07,619.6838589,1835.90171,2160.076738,-11.138139
1179,CC=C(C)C,CCc1c(C)c(C(C)C)c(C(C)C)c(CC)c1CC,2,6,8.23e-07,9.79e-07,19.99908524,-22.6,3.01e-07,615.2930959,1836.493919,2228.722753,-11.107926
1180,CC=C(C)C,CCc1c(C)c(C(C)C)c(C(C)C)c(C(C)C)c1CC,2,6,5.12e-06,5.63e-06,19.99433383,-22.7,1.79e-06,613.8870752,1827.020135,2172.609061,-11.2171635
1181,CC=C(C)C,CCc1c(CC)c(C(C)C)c(C(C)C)c(C(C)C)c1CC,2,6,6.03e-06,6.57e-06,19.99644298,-22.6,2.1e-06,614.9442368,1838.674468,2172.609061,-11.2769285
1182,CC(C)=C(C)C,CCc1c(CC)c(C(C)C)c(C(C)C)c(C(C)C)c1CC,2,6,1.46e-05,1.74e-05,19.98019076,-24.7,5.34e-06,664.6610641,1945.141155,2171.272995,-11.3329235
1183,CCC(C)=C(C)C,CCc1c(CC)c(C(C)C)c(C(C)C)c(C(C)C)c1CC,2,6,1.25e-05,1.49e-05,19.98010607,-24.6,4.56e-06,660.3253166,1935.057389,2176.686892,-11.4027825
1184,CCC(C)=C(C)CC,CCc1c(CC)c(C(C)C)c(C(C)C)c(C(C)C)c1CC,2,6,2.23e-05,2.79e-05,19.96936076,-23.0,8.38e-06,613.5697648,1788.840581,1993.587553,-11.397978
1185,CCC(C)=C(CC)CC,CCc1c(CC)c(C(C)C)c(C(C)C)c(C(C)C)c1CC,2,6,0.000103658,0.000129296,19.96598478,-22.9,3.88e-05,615.0560972,1771.174446,1846.373048,-11.240551
1186,CCC(CC)=C(CC)CC,CCc1c(CC)c(C(C)C)c(C(C)C)c(C(C)C)c1CC,2,6,2.53e-05,3.04e-05,19.97412515,-23.7,9.29e-06,624.2597612,1834.728759,2082.0952,-11.389164
1187,CCC(CC)=C(CC)C(C)C,CCc1c(CC)c(C(C)C)c(C(C)C)c(C(C)C)c1CC,2,6,6.83e-05,8.49e-05,19.96647176,-22.9,2.55e-05,607.7780328,1765.670134,1941.592992,-11.277992
1188,CCC(=C(CC)C(C)C)C(C)C,CCc1c(CC)c(C(C)C)c(C(C)C)c(C(C)C)c1CC,2,6,0.093828587,0.247678769,18.24449525,-3.37,0.0569,67.34908726,67.34908726,17.22994248,-5.22132375
1189,CCC(=C(C(C)C)C(C)C)C(C)C,CCc1c(CC)c(C(C)C)c(C(C)C)c(C(C)C)c1CC,2,6,6.71e-06,7.67e-06,19.99353157,-26.7,2.4e-06,710.8491243,1759.622624,1862.397746,-10.748397
1190,CC(C)C(=C(C(C)C)C(C)C)C(C)C,CCc1c(CC)c(C(C)C)c(C(C)C)c(C(C)C)c1CC,2,6,0.001847662,0.002383386,19.87747775,-6.62,0.000705,194.4264655,300.0,567.1320853,-8.74125175
1191,C=C,Cc1ccc(C)c(C)c1,2,6,0.009688728,0.017411576,19.60560974,-15.4,0.00452,282.1532407,1094.99919,832.8235542,-8.682334
1192,C=CC,Cc1ccc(C)c(C)c1,2,6,0.000128461,0.000165159,19.94371204,-23.5,4.89e-05,617.9255622,1514.001978,1781.43018,-11.1217455
1193,CC=CC,Cc1ccc(C)c(C)c1,2,6,8.22e-05,0.000104892,19.94126718,-23.7,3.12e-05,622.114857,1508.351415,1866.727535,-11.281516
1194,CC=C(C)C,Cc1ccc(C)c(C)c1,2,6,1.12e-06,1.22e-06,19.9933816,-21.6,3.85e-07,573.8787114,1726.838891,2124.556568,-11.1073665
1195,CC(C)=C(C)C,Cc1ccc(C)c(C)c1,2,6,2.35e-06,2.62e-06,19.99384442,-21.7,8.3e-07,577.3552554,1733.119781,2121.06363,-11.1745125
1196,CCC(C)=C(C)C,Cc1ccc(C)c(C)c1,2,6,1.88e-06,2.21e-06,19.99388103,-21.3,6.78e-07,561.8836055,1697.174839,2125.680975,-11.0350075
1197,CCC(C)=C(C)CC,Cc1ccc(C)c(C)c1,2,6,1.02e-06,1.28e-06,19.99253161,-21.3,3.76e-07,561.0785449,1694.072695,2126.238589,-11.1101805
1198,CCC(C)=C(CC)CC,Cc1ccc(C)c(C)c1,2,6,2.35e-06,2.76e-06,19.99243678,-22.0,8.55e-07,575.5240036,1748.921188,2122.731563,-11.1853385
1199,CCC(CC)=C(CC)CC,Cc1ccc(C)c(C)c1,2,6,9.93e-06,1.19e-05,19.98366888,-21.7,3.64e-06,566.8535953,1698.072796,2079.439784,-11.455733
1200,CCC(CC)=C(CC)C(C)C,Cc1ccc(C)c(C)c1,2,6,1.02e-05,1.18e-05,19.98180912,-22.0,3.66e-06,572.6732698,1713.758183,2079.439784,-11.457963
1201,CCC(=C(CC)C(C)C)C(C)C,Cc1ccc(C)c(C)c1,2,6,1.75e-05,2.2e-05,19.97812025,-21.9,6.59e-06,571.4621276,1710.055235,1978.542285,-11.4058455
1202,CCC(=C(C(C)C)C(C)C)C(C)C,Cc1ccc(C)c(C)c1,2,6,4.11e-05,5.13e-05,19.96997,-23.2,1.54e-05,618.5658555,1786.956535,1994.052722,-11.3676245
1203,CC(C)C(=C(C(C)C)C(C)C)C(C)C,Cc1ccc(C)c(C)c1,2,6,0.013809993,0.016785747,19.83235526,-4.93,0.0051,157.2532329,157.2532329,380.6048088,-7.11603975
1204,CC(C)C(=C(C(C)C)C(C)(C)C)C(C)C,Cc1ccc(C)c(C)c1,2,6,0.014138862,0.016960027,19.84131667,-5.31,0.00518,157.433788,157.433788,380.6048088,-7.015452
1205,CC(C)C(=C(C(C)C)C(C)(C)C)C(C)C,Cc1cc(C)c(C)c(C)c1,2,6,5.4e-05,6.5e-05,19.97687289,-24.5,1.98e-05,626.431391,1569.996943,1862.622071,-11.1914725
1206,CC(C)C(=C(C(C)C)C(C)(C)C)C(C)C,Cc1cc(C)c(C)c(C)c1C,2,6,0.000296477,0.000384198,19.93659859,-22.6,0.000113,593.5507551,1655.78197,1624.076034,-10.918883
1207,CC(C)C(=C(C(C)C)C(C)(C)C)C(C)C,Cc1c(C)c(C)c(C)c(C)c1C,2,6,0.000421542,0.00055694,19.93837926,-19.4,0.000163,453.9942487,1434.893274,1277.070824,-10.7645935
1208,CC(C)C(=C(C(C)C)C(C)(C)C)C(C)C,CCc1c(C)c(C)c(C)c(C)c1C,2,6,0.00049018,0.000641564,19.94499251,-19.7,0.000189,473.3370677,1474.368165,1464.839922,-10.8017475
1209,CC(C)C(=C(C(C)C)C(C)(C)C)C(C)C,CCc1c(C)c(C)c(CC)c(C)c1C,2,6,5.33e-05,8.37e-05,19.92227395,-7.54,2.28e-05,210.2190353,534.0,1089.203909,-9.37710825
1210,CC(C)C(=C(C(C)C)C(C)(C)C)C(C)C,CCc1c(C)c(C)c(CC)c(CC)c1C,2,6,0.008541614,0.009565301,19.83997813,-5.78,0.00302,150.3308222,256.0,426.218787,-9.962497
1211,CC(C)C(=C(C(C)C)C(C)(C)C)C(C)C,CCc1c(C)c(CC)c(CC)c(C)c1CC,2,6,0.00049367,0.000643043,19.94835877,-19.5,0.000189,466.0194144,1460.472637,1302.016886,-10.7424245
1212,CC(C)C(=C(C(C)C)C(C)(C)C)C(C)C,CCc1c(C)c(CC)c(CC)c(CC)c1CC,2,6,0.002869836,0.003340372,19.88911473,-6.65,0.00104,178.9123753,350.0,775.7279997,-8.797839
1213,CC(C)C(=C(C(C)C)C(C)(C)C)C(C)C,CCc1c(CC)c(CC)c(CC)c(CC)c1CC,2,6,0.000474716,0.000623089,19.94706482,-19.4,0.000183,471.5117064,1460.948699,1276.852079,-10.7085735
1214,CC(C)C(=C(C(C)C)C(C)(C)C)C(C)C,CCc1c(CC)c(CC)c(C(C)C)c(CC)c1CC,2,6,0.000793864,0.001061507,19.94062227,-18.6,0.000309,442.8644969,1389.947284,1252.791303,-10.932786
1215,CC(C)C(=C(C(C)C)C(C)(C)C)C(C)C,CCc1c(CC)c(CC)c(C(C)C)c(C(C)C)c1CC,2,6,7.37e-07,8.4e-07,20.00736163,-26.0,2.67e-07,661.2625771,1847.32372,2163.248503,-10.899832
1216,CC(C)C(=C(C(C)C)C(C)(C)C)C(C)C,CCc1c(CC)c(C(C)C)c(C(C)C)c(CC)c1C(C)C,2,6,4.06e-07,4.74e-07,20.00547756,-26.8,1.68e-07,701.0604811,1938.378761,1982.655791,-10.9202335
1217,CC(C)C(=C(C(C)C)C(C)(C)C)C(C)C,CCc1c(C(C)C)c(CC)c(C(C)C)c(C(C)C)c1C(C)C,2,6,0.000391496,0.000508109,19.94836196,-19.9,0.00015,473.7086883,1492.096542,1489.724909,-10.8435635
1218,C=CC,CCc1ccccc1,2,6,9.1e-05,0.000116553,19.94061345,-23.1,3.46e-05,606.0671012,1472.950783,1785.49397,-11.225722
1219,C=CC,CCc1ccccc1,2,6,9.1e-05,0.000116553,19.94061363,-23.1,3.46e-05,606.0673611,1472.951278,1785.49397,-11.225722
1220,CC=CC,CCc1ccccc1,2,6,5.95e-05,7.55e-05,19.93637114,-23.4,2.25e-05,605.7334441,1474.717846,1870.541187,-11.304372
1221,CC=C(C)C,CCc1ccccc1,2,6,5.7e-06,6.21e-06,19.99371824,-21.5,1.98e-06,569.231538,1422.417784,2011.754888,-11.3297875
1222,CC(C)=C(C)C,CCc1ccccc1,2,6,0.006343192,0.009973379,19.81423745,-8.07,0.00272,198.0383271,365.0,500.8149977,-10.629348
1223,CCC(C)=C(C)C,CCc1ccccc1,2,6,0.007875276,0.012542517,19.84719655,-7.31,0.0034,219.3898986,365.0,455.097506,-7.9781465
1224,CCC(C)=C(C)CC,CCc1ccccc1,2,6,0.073928452,0.170275758,19.2232798,-6.37,0.0407,138.3923848,138.3923848,24.39434839,-5.5818495
1225,CCC(C)=C(CC)CC,CCc1ccccc1,2,6,0.110558818,0.264643625,19.14930462,-5.92,0.0625,126.0422449,126.0422449,21.5458846,-5.5111695
1226,CCC(CC)=C(CC)CC,CCc1ccccc1,2,6,0.123235525,0.303728203,18.95909221,-5.72,0.0712,116.8817273,116.8817273,21.5458846,-5.5111695
1227,CCC(CC)=C(CC)C(C)C,CCc1ccccc1,2,6,1.57e-05,1.89e-05,19.98327267,-21.5,5.76e-06,560.1309512,1678.537603,1981.990603,-11.429041
1228,CCC(CC)=C(C(C)C)C(C)C,CCc1ccccc1,2,6,2.63e-05,3.18e-05,19.97185102,-21.4,9.69e-06,554.1682042,1643.803472,1930.232009,-11.3480845
1229,CCC(=C(C(C)C)C(C)C)C(C)C,CCc1ccccc1,2,6,0.00082737,0.001022585,19.86375992,-6.94,0.000308,191.1853524,420.0,574.8320587,-8.96008075
1230,CCC(=C(C(C)C)C(C)(C)C)C(C)C,CCc1ccccc1,2,6,7.3e-07,8.06e-07,20.00815045,-22.7,2.7e-07,587.1997762,1886.364347,2163.370502,-11.068059
1231,CCC(=C(C(C)C)C(C)(C)C)C(C)C,CCc1ccc(C)cc1,2,6,0.000965192,0.001535479,19.8469647,-6.46,0.000417,199.6648997,537.0,528.6684428,-8.92234875
1232,CCC(=C(C(C)C)C(C)(C)C)C(C)C,CCc1ccc(C)cc1C,2,6,0.025357916,0.045335431,19.6193676,-5.81,0.0118,152.2671867,152.2671867,292.4800837,-6.45556
1233,CCC(=C(C(C)C)C(C)(C)C)C(C)C,CCc1cc(C)c(C)cc1C,2,6,0.000329193,0.000440263,19.92047826,-20.5,0.000128,497.1458845,1508.078013,1516.838999,-10.9651855
1234,CCC(=C(C(C)C)C(C)(C)C)C(C)C,CCc1cc(C)c(C)c(C)c1C,2,6,0.000303472,0.000402684,19.92305321,-20.7,0.000118,507.3119593,1518.947954,1516.838999,-10.9548665
1235,CCC(=C(C(C)C)C(C)(C)C)C(C)C,CCc1c(C)c(C)c(C)c(C)c1C,2,6,0.00018795,0.00024253,19.94633852,-20.9,7.17e-05,512.6521782,1560.053081,1515.501348,-10.7578355
1236,CCC(=C(C(C)C)C(C)(C)C)C(C)C,CCc1c(C)c(C)c(CC)c(C)c1C,2,6,3.31e-05,4.17e-05,19.96476116,-23.5,1.25e-05,626.5652771,1788.779328,1994.052722,-11.34971
1237,CCC(=C(C(C)C)C(C)(C)C)C(C)C,CCc1c(C)c(C)c(C(C)C)c(C)c1C,2,6,0.000113826,0.000151522,19.93410601,-20.0,4.42e-05,506.8657703,1513.915192,1674.955452,-11.179474
1239,CCC(=C(C(C)C)C(C)(C)C)C(C)C,Cc1c(C)c(C(C)(C)C)c(C)c(C)c1C(C)C,2,6,0.048412006,0.090309827,19.21457754,-3.88,0.0231,82.55981048,82.55981048,143.7771204,-5.42781675
1240,CCC(=C(C(C)C)C(C)(C)C)C(C)C,Cc1c(C)c(C(C)(C)C)c(C)c(C)c1C(C)(C)C,2,6,1.45e-05,1.73e-05,19.97925336,-24.2,5.29e-06,652.8532898,1865.6258,2125.404329,-11.294363
1241,CC(C)(C)C=CC(C)(C)C,c1ccccc1,2,6,0.007474449,0.009991369,19.86063241,-6.96,0.00291,201.2902851,355.0,493.7578032,-7.9962045
1242,CC(C)(C)C=CC(C)(C)C,Cc1ccccc1,2,6,0.00031547,0.000335808,19.88280682,-7.11,0.000109,204.4534647,1403.506468,993.6952735,-9.54567475
1243,CC(C)(C)C=CC(C)(C)C,Cc1ccc(C)cc1,2,6,0.000697849,0.000766978,19.88696427,-6.75,0.000244,196.5473401,1406.898903,977.181096,-9.65694475
1244,CC(C)(C)C=CC(C)(C)C,Cc1ccc(C)c(C)c1,2,6,0.000893609,0.000926407,19.86849638,-6.73,0.000303,188.1019707,416.0,574.8320587,-8.96008075
1245,CC(C)(C)C=CC(C)(C)C,Cc1cc(C)c(C)cc1C,2,6,0.0,1.5e-08,20.00681734,-23.2,1.93e-08,606.3318915,1902.434752,2167.373726,-11.19399
1246,CC(C)(C)C=CC(C)(C)C,Cc1cc(C)c(C)c(C)c1C,2,6,3.28e-06,3.66e-06,20.00316715,-23.4,1.15e-06,620.0798677,1916.293471,2243.94705,-11.280145
1247,CC(C)(C)C=CC(C)(C)C,Cc1c(C)c(C)c(C)c(C)c1C,2,6,0.004949023,0.008438287,19.69700094,-15.2,0.00223,303.7136063,1019.679362,880.6433789,-9.669465
1248,CC(C)(C)C=CC(C)(C)C,CCc1c(C)c(C)c(C)c(C)c1C,2,6,0.004703047,0.007964352,19.70023884,-15.4,0.00211,307.0578136,1035.174747,880.6433789,-9.76736625
1249,CC(C)(C)C=CC(C)(C)C,CCc1c(C)c(C)c(CC)c(C)c1C,2,6,0.000141455,0.000194613,19.87986,-19.8,5.6e-05,495.2775901,1454.455303,1319.179863,-10.74178064
1250,CC(C)(C)C=CC(C)(C)C,CCc1c(C)c(C)c(CC)c(CC)c1C,2,6,0.000304152,0.000428293,19.85704939,-19.6,0.000122,477.8611582,1436.083751,1248.983092,-10.54723164
1251,CC(C)(C)C=CC(C)(C)C,CCc1c(C)c(CC)c(CC)c(C)c1CC,2,6,0.000253131,0.000355849,19.85954148,-19.8,0.000101,484.0853258,1453.04124,1248.81418,-10.47921564
1252,CC(C)(C)C=CC(C)(C)C,CCc1c(C)c(CC)c(CC)c(CC)c1CC,2,6,0.002423945,0.003297928,19.89933072,-8.24,0.000954,241.3887871,1386.143319,1056.967937,-9.8475045
1253,CC(C)(C)C=CC(C)(C)C,CCc1c(CC)c(CC)c(CC)c(CC)c1CC,2,6,0.001972783,0.002662484,19.89754719,-7.98,0.000773,235.8456582,1197.943214,1011.965735,-9.7718005
1254,CC(C)(C)C=CC(C)(C)C,CCc1c(CC)c(CC)c(C(C)C)c(CC)c1CC,2,6,0.063497281,0.211700416,18.1518793,-3.6,0.0459,69.7207238,69.7207238,20.07840627,-5.33202375
1261,CC1=CC(C)=C(C)C1,CC1=C(C)C(C)C(C)=C1C,5,5,3.6e-06,3.96e-06,19.98923348,-18.2,1.26e-06,610.7755654,1847.768913,1880.954214,-11.1568155
1262,CC1=CC(C)=C(C)C1C,CC1=C(C)C(C)C(C)=C1C,5,5,4.22e-06,4.68e-06,19.96705936,-18.0,1.48e-06,570.7901928,1789.566884,1797.980333,-11.1001955
1263,CCC1=C(C)C(C)=C(C)C1C,CC1=C(C)C(C)C(C)=C1C,5,5,3.12e-06,3.51e-06,19.98133892,-18.0,1.1e-06,605.421997,1800.68756,1802.83682,-11.1248895
1264,CCC1=C(C)C(C)=C(CC)C1C,CC1=C(C)C(C)C(C)=C1C,5,5,8.97e-07,1.16e-06,19.99086841,-18.3,3.46e-07,603.9994797,1845.241544,1882.939275,-10.997315
1265,CCC1=C(CC)C(C)C(CC)=C1C,CC1=C(C)C(C)C(C)=C1C,5,5,1.86e-06,2.04e-06,19.99182402,-18.2,6.52e-07,623.0579908,1821.239137,1883.889538,-10.901589
1266,CCC1=C(CC)C(CC)C(CC)=C1C,CC1=C(C)C(C)C(C)=C1C,5,5,1.19e-06,1.29e-06,19.98888344,-18.1,4.16e-07,621.9930784,1835.802403,1887.807106,-10.9558655
1267,CCC1=C(CC)C(CC)C(CC)=C1CC,CC1=C(C)C(C)C(C)=C1C,5,5,1.37e-06,1.41e-06,19.98850161,-18.1,4.57e-07,623.4235074,1839.353412,1887.807106,-10.9183555
1268,CCC1=C(CC)C(CC)C(CC)=C1CC,CCC1=C(C)C(C)=C(C)C1C,5,5,1.28e-06,1.33e-06,19.98831522,-18.2,4.36e-07,623.203722,1839.94288,1887.807106,-10.9183015
1269,CCC1=C(CC)C(CC)C(CC)=C1CC,CCC1=C(C)C(C)=C(C)C1CC,5,5,1.18e-06,1.21e-06,19.98885562,-18.2,3.94e-07,626.2800222,1847.496211,1887.23415,-10.9336675
1270,CCC1=C(CC)C(CC)C(CC)=C1CC,CCC1=C(C)C(C)=C(CC)C1CC,5,5,2.19e-07,2.44e-07,19.99061602,-18.4,1.82e-08,630.7199997,1864.378587,1802.829107,-10.992835
1271,CCC1=C(CC)C(CC)C(CC)=C1CC,CCC1=C(CC)C(CC)C(CC)=C1C,5,5,9.19e-07,9.9e-07,19.99039865,-18.4,3.15e-07,635.1531773,1869.181173,1881.814094,-10.89698
1272,CCC1=C(CC)C(CC)C(CC)=C1CC,CCC1=C(CC)C(CC)C(CC)=C1CC,5,5,1.04e-06,1.15e-06,19.98976025,-18.5,3.72e-07,635.6145573,1876.314023,1890.846311,-10.9172305
1273,CCC1=C(CC)C(CC)C(C(C)C)=C1CC,CCC1=C(CC)C(CC)C(CC)=C1CC,5,5,3.96e-07,5.85e-07,19.99478575,-18.9,1.81e-07,679.7101254,1938.805855,1861.934222,-10.819318
1274,CCC1=C(CC)C(C(C)C)C(CC)=C1C(C)C,CCC1=C(CC)C(CC)C(CC)=C1CC,5,5,3.26e-07,4.28e-07,20.00907668,-20.0,9.91e-08,797.9790944,2127.101469,2122.882249,-11.127932
1275,CCC1=C(C(C)C)C(C(C)C)C(CC)=C1C(C)C,CCC1=C(CC)C(CC)C(CC)=C1CC,5,5,0.0,2.36e-07,20.00494517,-19.4,3.74e-08,731.6105957,2029.258927,1659.134085,-10.7233345
1276,CCC1=C(C(C)C)C(C(C)C)=C(C(C)C)C1C(C)C,CCC1=C(CC)C(CC)C(CC)=C1CC,5,5,5.17e-07,5.4e-07,20.00230793,-19.2,1.94e-07,708.6802568,1993.121777,1664.296201,-10.7281165
1277,CCC1=C(C(C)C)C(C(C)C)=C(C(C)C)C1C(C)(C)C,CCC1=C(CC)C(CC)C(CC)=C1CC,5,5,1.28e-06,1.44e-06,20.00507032,-19.1,4.52e-07,711.0003125,1988.62214,1701.445341,-10.5532215
1278,CC(C)C1=C(C(C)C)C(C(C)C)C(C(C)(C)C)=C1C(C)C,CCC1=C(CC)C(CC)C(CC)=C1CC,5,5,4.53e-07,4.93e-07,20.00750373,-19.1,1.61e-07,731.8850834,2000.954634,1614.51616,-10.7202645
1279,CC(C)C1=C(C(C)C)C(C(C)C)C(C(C)(C)C)=C1C(C)C,CCC1=C(CC)C(CC)C(C(C)C)=C1CC,5,5,1.75e-06,1.92e-06,20.00333242,-18.8,6.1e-07,683.7478649,1945.853153,1725.893703,-10.513027
1280,CC(C)C1=C(C(C)C)C(C(C)C)C(C(C)(C)C)=C1C(C)C,CCC1=C(CC)C(CC)C(C(C)C)=C1C(C)C,5,5,5.53e-07,6.12e-07,20.00660674,-18.8,1.91e-07,687.9631205,1947.629256,1651.510676,-10.683536
1281,CC(C)C1=C(C(C)C)C(C(C)C)C(C(C)(C)C)=C1C(C)C,CCC1=C(CC)C(C(C)C)C(C(C)C)=C1C(C)C,5,5,9.63e-07,9.85e-07,20.00590207,-18.8,3.29e-07,684.0164561,1943.70373,1725.662442,-10.589075
1282,CC(C)C1=C(C(C)C)C(C(C)C)C(C(C)(C)C)=C1C(C)C,CCC1=C(C(C)C)C(C(C)C)=C(C(C)C)C1C(C)C,5,5,3.22e-07,4.09e-07,20.00746965,-18.8,1.16e-07,694.5236525,1847.580851,1620.573392,-10.608921
1283,CC(C)C1=C(C(C)C)C(C(C)C)C(C(C)(C)C)=C1C(C)C,CC(C)C1=C(C(C)C)C(C(C)C)C(C(C)C)=C1C(C)C,5,5,6.18e-07,6.35e-07,20.01029854,-18.9,1.98e-07,707.9551777,1979.236385,1628.860373,-10.571381
1284,CCC1=C(CC)C(CC)C(CC)=C1CC,CC1=C(C)C(C)C(C)=C1C,5,5,0.0,2.47e-07,20.00896435,-20.2,5.33e-08,818.2263058,2151.750138,2132.484352,-11.141143
1285,CCC1=C(CC)C(CC)C(C(C)C)=C1CC,CC1=C(C)C(C)C(C)=C1C,5,5,3.62e-06,4.07e-06,19.97868719,-18.3,1.28e-06,622.3547088,1795.402256,1801.732227,-10.9985085
1286,CCC1=C(CC)C(CC)C(C(C)C)=C1C(C)C,CC1=C(C)C(C)C(C)=C1C,5,5,8e-08,3.37e-07,19.97836325,-17.9,3.76e-08,599.8738047,1706.623047,1705.142289,-10.991857
1287,CCC1=C(C(C)C)C(C(C)C)C(CC)=C1C(C)C,CC1=C(C)C(C)C(C)=C1C,5,5,1.69e-06,1.86e-06,19.99136322,-18.6,5.92e-07,650.395676,1804.886719,1810.252089,-10.6189755
1288,CCC1=C(C(C)C)C(C(C)C)=C(C(C)C)C1C(C)C,CC1=C(C)C(C)C(C)=C1C,5,5,6.22e-07,7.17e-07,19.99472633,-18.4,2.25e-07,647.8955381,1790.343866,1726.041555,-10.756041
1289,CC(C)C1=C(C(C)C)C(C(C)C)C(C(C)C)=C1C(C)C,CC1=C(C)C(C)C(C)=C1C,5,5,0.0,0.0,20.00278716,-19.0,3.43e-08,714.8738937,2041.6,1619.722499,-10.7162395
1290,CC(C)C1=C(C(C)C)C(C(C)C)C(C(C)C)=C1C(C)C,CCC1=C(C)C(C)=C(C)C1C,5,5,1.12e-06,1.21e-06,20.00601729,-19.1,3.86e-07,715.5948456,1994.330111,1703.355129,-10.597078
1291,CC(C)C1=C(C(C)C)C(C(C)C)C(C(C)C)=C1C(C)C,CCC1=C(C)C(C)=C(C)C1CC,5,5,0.0,2.47e-07,20.00648828,-19.1,7.22e-08,718.062371,1997.154352,1619.987701,-10.6935425
1292,CC(C)C1=C(C(C)C)C(C(C)C)C(C(C)C)=C1C(C)C,CCC1=C(CC)C(C)C(CC)=C1C,5,5,0.0,2.4e-07,20.00675275,-19.2,6.98e-08,721.0428193,2002.577889,1664.561403,-10.7011395
1293,CC(C)C1=C(C(C)C)C(C(C)C)C(C(C)C)=C1C(C)C,CCC1=C(CC)C(CC)C(CC)=C1C,5,5,0.0,8.5e-08,20.00509282,-19.3,7.2e-08,730.1530554,2020.990646,1659.089862,-10.7219545
1294,CC(C)C1=C(C(C)C)C(C(C)C)C(C(C)C)=C1C(C)C,CCC1=C(CC)C(CC)C(CC)=C1CC,5,5,0.0,8.8e-08,20.00414652,-19.5,1.36e-08,742.6488131,2044.227275,1611.423239,-10.801255
1295,CC(C)C1=C(C(C)C)C(C(C)C)C(C(C)C)=C1C(C)C,CCC1=C(CC)C(CC)C(C(C)C)=C1CC,5,5,9.97e-07,1.11e-06,20.00251219,-19.3,3.56e-07,710.004994,2004.339037,1743.439772,-10.643062
1296,CC(C)C1=C(C(C)C)C(C(C)C)C(C(C)C)=C1C(C)C,CCC1=C(CC)C(CC)C(C(C)C)=C1C(C)C,5,5,6.5e-08,2.39e-07,20.00038363,-18.9,4.49e-08,681.6319341,1951.512748,1857.784544,-10.811036
1297,CC(C)C1=C(C(C)C)C(C(C)C)C(C(C)C)=C1C(C)C,CCC1=C(C(C)C)C(C(C)C)C(CC)=C1C(C)C,5,5,0.0,2.39e-07,20.00531299,-19.2,3.99e-08,712.8327031,2005.721165,1664.561403,-10.6970255
1298,CC(C)C1=C(C(C)C)C(C(C)C)C(C(C)C)=C1C(C)C,CCC1=C(C(C)C)C(C(C)C)=C(C(C)C)C1C(C)C,5,5,0.0,2.39e-07,20.00484136,-18.9,4.11e-08,689.1814184,1963.274964,1647.360997,-10.676644
1299,CC(C)C1=C(C(C)C)C(C(C)C)C(C(C)C)=C1C(C)C,CC(C)C1=C(C(C)C)C(C(C)C)C(C(C)C)=C1C(C)C,5,5,2.39e-07,4.13e-07,20.00981475,-18.9,1.05e-07,725.5069224,2224.146949,1632.537688,-10.68648
1300,CCC1=C(CC)C(C)C(CC)=C1C,CC1=C(C)C(C)C(C)=C1C,5,5,0.0,4.06e-07,20.00981475,-18.9,1.05e-07,725.5069515,2185.051369,1632.537688,-10.68648
1301,CCC1=C(C(C)C)C(C)C(CC)=C1C,CC1=C(C)C(C)C(C)=C1C,5,5,2.76e-06,3.03e-06,19.9826549,-18.2,9.66e-07,609.7544008,1684.013236,1786.228828,-11.1189935
1302,CCC1=C(C)C(C(C)C)=C(C(C)C)C1C,CC1=C(C)C(C)C(C)=C1C,5,5,3.26e-06,3.72e-06,19.98464584,-17.8,1.16e-06,590.3478882,1657.875946,1762.090886,-11.1730635
1303,CC1=C(C(C)C)C(C)C(C(C)C)=C1C(C)C,CC1=C(C)C(C)C(C)=C1C,5,5,2.51e-06,2.86e-06,19.98611526,-18.1,8.92e-07,621.9676176,1693.599127,1786.39278,-11.1136135
1304,CC1=C(C(C)C)C(C(C)C)C(C)=C1C(C)(C)C,CC1=C(C)C(C)C(C)=C1C,5,5,1.3e-06,1.41e-06,19.99517085,-18.3,4.51e-07,647.821119,1739.828219,1805.731545,-10.7852635
1305,CC1=C(C(C)C)C(C(C)(C)C)C(C)=C1C(C)(C)C,CC1=C(C)C(C)C(C)=C1C,5,5,5.33e-07,5.84e-07,19.99894384,-18.4,1.83e-07,655.0681397,1845.428327,1814.723504,-10.918762
1306,CC1=C(C(C)(C)C)C(C(C)(C)C)C(C)=C1C(C)(C)C,CC1=C(C)C(C)C(C)=C1C,5,5,5e-06,6.07e-06,19.98996123,-18.2,1.84e-06,644.2424122,1690.85321,1728.513521,-10.9579785
1307,CCC1=C(C(C)(C)C)C(C)=C(C(C)(C)C)C1C(C)(C)C,CC1=C(C)C(C)C(C)=C1C,5,5,2.23e-06,2.41e-06,19.9998602,-18.1,7.71e-07,644.1304062,1817.292107,1886.648198,-10.875852
1308,CCC1=C(C(C)(C)C)C(C(C)(C)C)C(CC)=C1C(C)(C)C,CC1=C(C)C(C)C(C)=C1C,5,5,1.12e-06,1.25e-06,19.99483251,-17.7,3.93e-07,623.5553565,1657.435833,1777.690161,-10.8989095
1309,CCC1=C(C(C)(C)C)C(C(C)(C)C)C(CC)=C1C(C)(C)C,CCC1=C(C)C(C)=C(C)C1C,5,5,1.31e-06,1.37e-06,19.99515824,-17.8,4.48e-07,625.9071993,1660.553461,1775.780373,-10.8837575
1310,CCC1=C(C(C)(C)C)C(C(C)(C)C)C(CC)=C1C(C)(C)C,CCC1=C(C)C(C)=C(C)C1CC,5,5,2.33e-06,2.62e-06,19.99443126,-17.8,8.25e-07,632.4693942,1668.877899,1768.92748,-10.991826
1311,CCC1=C(C(C)(C)C)C(C(C)(C)C)C(CC)=C1C(C)(C)C,CCC1=C(CC)C(C)C(CC)=C1C,5,5,0.001756345,0.002682766,19.907716,-4.27,0.00074,140.7855849,140.7855849,707.4108142,-8.67181725
1312,CCC1=C(C(C)(C)C)C(C(C)(C)C)C(CC)=C1C(C)(C)C,CCC1=C(C)C(C(C)C)=C(C)C1CC,5,5,1.65e-06,1.88e-06,19.99876167,-18.5,5.84e-07,679.6044616,1724.56489,1812.713542,-10.5404205
1313,CCC1=C(C(C)(C)C)C(C(C)(C)C)C(CC)=C1C(C)(C)C,CCC1=C(C)C(C(C)(C)C)=C(C)C1CC,5,5,1.01e-06,1.09e-06,19.99884701,-18.7,3.5e-07,670.0847511,1746.501562,1827.575067,-10.637029
1314,CCC1=C(C(C)(C)C)C(C(C)(C)C)C(CC)=C1C(C)(C)C,CCC1=C(C)C(C(C)(C)C)=C(C)C1C(C)C,5,5,6.31e-06,7.04e-06,19.99910093,-17.6,2.23e-06,635.1792839,1640.357019,1711.048222,-11.0558995
1315,CCC1=C(C(C)(C)C)C(C(C)(C)C)C(CC)=C1C(C)(C)C,CCC1=C(C)C(C(C)(C)C)=C(C)C1C(C)(C)C,5,5,1.15e-06,1.34e-06,20.00070887,-18.9,4.06e-07,656.472696,1935.498197,1910.090776,-10.8494205
1316,CCC1=C(C(C)(C)C)C(C(C)(C)C)C(CC)=C1C(C)(C)C,CC1=C(C(C)C)C(C(C)(C)C)C(C)=C1C(C)(C)C,5,5,6.83e-07,8.1e-07,20.00115791,-18.2,2.48e-07,668.4820138,1697.744012,1727.969631,-10.5627005
1317,CCC1=C(C(C)(C)C)C(C(C)(C)C)C(CC)=C1C(C)(C)C,CC1=C(C(C)(C)C)C(C(C)(C)C)C(C)=C1C(C)(C)C,5,5,6.36e-07,7.58e-07,20.00560288,-19.3,2.27e-07,708.0868668,1797.637418,1537.420834,-10.322893
1318,CCC1=C(C(C)(C)C)C(C(C)(C)C)C(CC)=C1C(C)(C)C,CCC1=C(C(C)(C)C)C(C)=C(C(C)(C)C)C1C(C)(C)C,5,5,1.14e-06,1.37e-06,20.00716786,-18.9,4.14e-07,717.0725934,1977.253739,1717.162952,-10.589149
m4_1,CC=CC(C)(C)C,CC=CC(C)(C)C,2,2,2.22e-06,2.58e-06,19.9937726,-16.4,8.02e-07,542.7197453,1531.475152,1770.886554,-11.2674335
m4_2,C=CC,CC=CC(C)(C)C,2,2,0.000215625,0.000279118,19.95058489,-21.3,8.25e-05,553.357397,1599.869705,1615.010508,-10.8028385
m4_6,CC=CCC,CC=CC(C)(C)C,2,2,2.39e-07,4.13e-07,20.00981475,-20.9,1.05e-08,725.5069224,2433.07958,1998.985825,-10.9310815
m4_1a,CCC1=C(C)C=C1,CCCC1=CC(CCC)=C1CC,4,4,2.35e-06,4.03e-06,20.0014312,-17.9,1.06e-06,526.7780183,1377.132572,1664.657154,-11.311355
m4_3a,CCCC1=C(C)C(CC)=C1,CCCC1=CC(CCC)=C1CC,4,4,2.38e-05,2.84e-05,19.9798771,-23.6,8.7e-06,577.4559153,1764.693167,2002.234561,-11.471037
1,C1=CCP=C1,C1=CCC=C1,5,5,4.19e-07,5.91e-07,19.95273848,-15.10472601,1.52e-07,470.1854735,1402.661594,1525.431087,-11.043627
2,CC1=PC(C)C(C)=C1C,C1=CCC=C1,5,5,3e-05,3.4e-05,19.95204463,-15.63297941,1.07e-05,486.9464474,1279.258493,1514.87885,-11.357187
3,CC1=PC(C)C(C)=C1C,CC1=C(C)C(C)C(C)=C1C,5,5,1.52e-06,1.69e-06,19.97872149,-17.14851491,5.33e-07,574.9303273,1604.948844,1767.493696,-10.910318
4,CCC1=C(CC)C(C)P=C1C,CC1=C(C)C(C)C(C)=C1C,5,5,1.28e-06,1.43e-06,19.97997219,-17.24320915,4.51e-07,582.5102186,1614.336844,1768.598289,-10.9793365
5,CCC1=PC(CC)C(CC)=C1CC,CC1=C(C)C(C)C(C)=C1C,5,5,1.08e-06,1.23e-06,19.97995817,-17.3571422,3.93e-07,586.2076688,1625.785117,1769.935121,-10.9982095
6,CCC1=PC(CC)C(CC)=C1CC,CCC1=C(C)C(C)C(CC)=C1C,5,5,3.44e-06,3.85e-06,19.97956183,-17.10054389,1.22e-06,573.2162689,1404.638886,1767.513037,-11.367169
7,CCC1=PC(CC)C(CC)=C1CC,CCC1=C(C)C(C)C(CC)=C1CC,5,5,8.05e-06,9.08e-06,19.97478527,-16.85833902,2.86e-06,567.8363168,1384.841586,1719.260138,-11.415101
8,CCC1=PC(CC)C(CC)=C1CC,CCC1=C(CC)C(CC)C(CC)=C1CC,5,5,6.45e-07,7.87e-07,20.00285602,-17.48209905,2.45e-07,663.6800406,1450.310965,1696.022051,-10.897036
9,CCC1=PC(CC)C(CC)=C1C(C)C,CCC1=C(CC)C(CC)C(CC)=C1CC,5,5,1.54e-06,1.8e-06,20.00237623,-17.03141566,5.57e-07,622.9838681,1411.576522,1777.630444,-11.0372405
10,CCC1=PC(CC)C(C(C)C)=C1C(C)C,CCC1=C(CC)C(CC)C(CC)=C1CC,5,5,2.87e-06,3e-06,19.99535439,-16.84462964,9.78e-07,618.5255895,1591.003803,1768.642156,-11.1768605
11,CC(C)C1=PC(C(C)C)C(C(C)C)=C1C(C)C,CCC1=C(CC)C(CC)C(CC)=C1CC,5,5,2.35e-06,2.4e-06,20.00016082,-16.60265706,7.94e-07,614.2408678,1567.293216,1769.143994,-11.075714
12,CC(C)C1=PC(C(C)C)C(C(C)C)=C1C(C)C,CCC1=C(C(C)C)C(C(C)C)=C(CC)C1CC,5,5,2.73e-06,2.81e-06,19.99821141,-16.67631785,9.25e-07,616.067305,1572.791818,1768.642156,-11.1903545
13,CC(C)C1=PC(C(C)C)C(C(C)C)=C1C(C)C,CCC1C(C(C)C)=C(C(C)C)C(C(C)C)=C1C(C)C,5,5,2.28e-06,2.6e-06,19.99721878,-16.74645192,8.13e-07,616.3989387,1381.162586,1775.196958,-11.2300055
14,CC(C)C1=PC(C(C)C)C(C(C)C)=C1C(C)C,CC(C)C1=C(C(C)C)C(C(C)C)C(C(C)C)=C1C(C)C,5,5,2.35e-06,2.71e-06,19.99547479,-16.72874386,8.42e-07,613.0424446,1381.782163,1774.69512,-11.3020205
15,CC(C)C1=C(C(C)C)C(C(C)C)P=C1C(C)(C)C,CC(C)C1=C(C(C)C)C(C(C)C)C(C(C)C)=C1C(C)C,5,5,2.06e-06,2.38e-06,19.99861516,-16.73581024,7.38e-07,612.3494264,1378.226439,1777.630444,-11.1626635
16,CC(C)C1=C(C(C)(C)C)P=C(C(C)(C)C)C1C(C)C,CC(C)C1=C(C(C)C)C(C(C)C)C(C(C)C)=C1C(C)C,5,5,1.41e-06,1.43e-06,20.00186063,-17.2657272,4.82e-07,637.2998759,1625.398525,1775.780373,-10.816259
17,C1=CCP=C1,CC1=C(C)C(C)C(C)=C1C,5,5,1.97e-06,2.25e-06,19.96470261,-16.23532014,7.05e-07,514.0807719,1512.920179,1675.843953,-11.1323825
18,C1=CCP=C1,CCC1=C(C)C(C)C(C)=C1CC,5,5,1.42e-05,1.61e-05,19.97795886,-15.47172724,5.05e-06,505.2451092,1308.946516,1624.348598,-11.417465
19,C1=CCP=C1,CCC1=C(CC)C(CC)C(CC)=C1CC,5,5,7.67e-07,8.18e-07,19.98760392,-16.4086779,2.67e-07,582.6056505,1547.364211,1684.315804,-11.135869
20,CC1=CCP=C1C,CCC1=C(CC)C(CC)C(CC)=C1CC,5,5,8.24e-07,9e-07,20.00049901,-16.67592451,2.94e-07,596.5360082,1588.631041,1768.569422,-10.969908
21,CC1=PC(C)C(C)=C1C,CCC1=C(CC)C(CC)C(CC)=C1CC,5,5,1.21e-06,1.24e-06,20.00424744,-17.33144003,4.03e-07,658.8202452,1649.549068,1776.145454,-10.7249765
22,CC1=PC(C)C(C)=C1C,CCC1=C(C(C)C)C(C(C)C)=C(CC)C1CC,5,5,7.45e-07,9.55e-07,20.00097421,-17.14270159,2.68e-07,649.2709433,1424.881541,1701.112625,-10.919113
23,CC1=PC(C)C(C)=C1C,CCC1=C(C(C)C)C(C(C)C)=C(C(C)C)C1CC,5,5,1.14e-06,1.24e-06,20.00261869,-17.33871548,3.92e-07,656.6290532,1440.062959,1783.4578,-10.9718685
24,CC1=PC(C)C(C)=C1C,CCC1C(C(C)C)=C(C(C)C)C(C(C)C)=C1C(C)C,5,5,1.64e-06,1.7e-06,20.00304154,-17.42411883,5.54e-07,666.2546584,1657.870536,1793.756841,-10.5721165
25,CC1=PC(C)C(C)=C1C,CC(C)C1=C(C(C)C)C(C(C)C)C(C(C)C)=C1C(C)C,5,5,1.14e-06,1.23e-06,20.00348999,-17.42608021,4.02e-07,664.0381143,1660.877997,1777.690161,-10.7650145
26,CCC1=C(CC)C(C)P=C1C,CC(C)C1=C(C(C)C)C(C(C)C)C(C(C)C)=C1C(C)C,5,5,1.07e-06,1.17e-06,20.00255442,-17.57220468,3.62e-07,670.0836387,1462.125847,1801.434268,-10.842707
27,CCC1=PC(C)C(CC)=C1CC,CC(C)C1=C(C(C)C)C(C(C)C)C(C(C)C)=C1C(C)C,5,5,1.17e-06,1.24e-06,20.00230034,-17.58797965,3.95e-07,670.4220939,1463.552196,1799.52448,-10.821943
28,CCC1=PC(CC)C(CC)=C1CC,CC(C)C1=C(C(C)C)C(C(C)C)C(C(C)C)=C1C(C)C,5,5,1.07e-06,1.22e-06,20.00211454,-17.60273686,3.84e-07,670.6947464,1465.14045,1801.434268,-10.841277
29,CCC1=C(CC)C(CC)P=C1C(C)C,CC(C)C1=C(C(C)C)C(C(C)C)C(C(C)C)=C1C(C)C,5,5,6.83e-07,8.46e-07,20.00432157,-17.38430112,2.52e-07,647.8908147,1441.429371,1696.387132,-10.895276
30,CCC1=C(C(C)C)P=C(C(C)C)C1CC,CC(C)C1=C(C(C)C)C(C(C)C)C(C(C)C)=C1C(C)C,5,5,3.96e-07,5.35e-07,20.0008188,-17.57194235,1.4e-07,650.4056971,1655.298928,1691.944256,-10.861846
31,CCC1=C(C(C)(C)C)P=C(C(C)(C)C)C1CC,CC(C)C1=C(C(C)C)C(C(C)C)C(C(C)C)=C1C(C)C,5,5,7.51e-07,8.28e-07,20.00525404,-17.57856853,2.49e-07,668.5399528,1658.420288,1708.59596,-10.5492575
32,CC(C)C1=PC(C(C)C)C(C(C)C)=C1C(C)C,C1=CCC=C1,5,5,9.48e-07,1.04e-06,19.99375079,-15.67786207,3.23e-07,552.6722759,1497.587729,1772.880371,-11.178745
33,CC(C)C1=PC(C(C)C)C(C(C)C)=C1C(C)C,CC1=C(C)C(C)C(C)=C1C,5,5,1.16e-06,1.35e-06,19.9998427,-17.24225341,4.17e-07,638.7004471,1642.350046,1775.780373,-10.8306635
34,CC(C)C1=PC(C(C)C)C(C(C)C)=C1C(C)C,CCC1=C(C)C(C)C(CC)=C1CC,5,5,1.91e-06,2.04e-06,19.99803428,-16.79683203,6.62e-07,598.0669379,1583.984924,1773.924486,-10.970768
35,CC(C)C1=PC(C(C)C)C(C(C)C)=C1C(C)C,CCC1=C(CC)C(CC)C(CC)=C1CC,5,5,1.32e-06,1.44e-06,20.00137583,-16.79545652,4.63e-07,623.2455858,1582.577604,1775.495048,-10.9160705
36,CC(C)C1=PC(C(C)C)C(C(C)C)=C1C(C)C,CCC1=C(C(C)C)C(C(C)C)=C(CC)C1CC,5,5,1.07e-06,1.15e-06,20.0010191,-17.05050353,3.74e-07,631.2745379,1604.119225,1777.690161,-10.8874175
37,CC(C)C1=PC(C(C)C)C(C(C)C)=C1C(C)C,CCC1C(C(C)C)=C(C(C)C)C(C(C)C)=C1C(C)C,5,5,5.71e-07,6.86e-07,20.00195357,-17.12395334,2.16e-07,638.5884671,1615.577847,1693.141131,-10.919522
38,CC(C)C1=PC(C(C)C)C(C(C)C)=C1C(C)C,CC(C)C1=C(C(C)C)C(C(C)C)C(C(C)C)=C1C(C)C,5,5,4.7e-06,5.36e-06,20.00109889,-17.14051817,1.68e-06,642.6087648,1406.760113,1716.815861,-11.182417
40,C1=C(C2CCCCC2)CC(C2CCCCC2)=C1C1CCCCC1,C1=CCC=C1,6,5,4.05e-05,5.16e-05,19.94002774,-14.98980019,1.53e-05,473.4078867,1082.57563,1424.909356,-11.274544
41,C1=C(C2CCCCC2)CC(C2CCCCC2)=C1C1CCCCC1,C1=CCC(C2CCCCC2)=C1,5,5,5.27e-05,6.88e-05,19.89880921,-15.19395869,2.02e-05,493.4403676,1276.605725,1325.997917,-11.0785305
42,C1=C(C2CCCCC2)CC(C2CCCCC2)=C1C1CCCCC1,C1=C(C2CCCCC2)C=C(C2CCCCC2)C1,5,5,1.78e-05,2.13e-05,19.92361023,-15.56204342,6.51e-06,504.24848,1303.509753,1530.852787,-11.398754
43,C1=C(C2CCCCC2)CC(C2CCCCC2)=C1C1CCCCC1,C1=C(C2CCCCC2)CC(C2CCCCC2)=C1C1CCCCC1,5,5,3.54e-06,4.79e-06,19.91192071,-14.91940397,1.39e-06,470.9246829,1280.108022,1563.032686,-11.0556135
45,C1CCC(C2=C(C3CCCCC3)C(C3CCCCC3)C(C3CCCCC3)=C2C2CCCCC2)CC1,C1=C(C2CCCCC2)CC(C2CCCCC2)=C1C1CCCCC1,5,5,6e-06,6.85e-06,19.96351303,-16.75379609,2.14e-06,592.2567376,1411.000156,1708.529184,-11.398279
51,CB1C=CC=C1,CB1C=CC=C1,5,5,5.69e-06,7.12e-06,19.96805651,-19.21254107,2.14e-06,486.2784394,1232.437166,1541.973669,-11.1222965
52,CB1C(C)=C(C)C(C)=C1C,CB1C=CC=C1,5,5,1.46e-05,1.79e-05,19.97111568,-19.77097443,5.43e-06,526.8447669,1290.946882,1816.325156,-11.350031
53,CB1C(C)=C(C)C(C)=C1C,CB1C(C)=C(C)C(C)=C1C,5,5,8.57e-06,9.8e-06,19.98869595,-21.44289674,3.06e-06,585.1882238,1750.120738,2073.944776,-11.451947
54,CCB1C(C)=C(C)C(C)=C1C,CB1C(C)=C(C)C(C)=C1C,5,5,8.44e-06,9.67e-06,19.98716705,-21.45590418,3.02e-06,584.7803108,1749.685074,2073.944776,-11.451947
55,CCB1C(C)=C(CC)C(CC)=C1C,CB1C(C)=C(C)C(C)=C1C,5,5,8.28e-06,9.57e-06,19.98587404,-21.48768473,2.97e-06,584.0245118,1750.171423,2073.944776,-11.443556
56,CCB1C(C)=C(CC)C(CC)=C1C,CCB1C(C)=C(C)C(C)=C1C,5,5,9.47e-06,1.09e-05,19.98566888,-21.48829507,3.4e-06,584.0524993,1751.623811,2073.944776,-11.45028
57,CCB1C(C)=C(CC)C(CC)=C1C,CCB1C(C)=C(CC)C(CC)=C1C,5,5,0.000127336,0.000132004,15.96035481,-46.60798182,4.32e-05,1330.797209,2753.820002,1593.550355,-9.935848
62,CCC1=C(CC)C(CC)=C(CC)B1C(C)(C)C,CCC1=C(C(C)C)C(C(C)C)=C(CC)B1C(C)C,5,5,4.06e-06,4.63e-06,19.99299839,-21.09197925,1.45e-06,595.0422989,1732.487249,2111.38657,-11.236477
64,CB1C(C)=C(C)C(C)=C1C,CC1=C(C)C(C)=C(C)B1C(C)(C)C,5,5,0.0001312,0.000136038,15.95911911,-43.49200336,4.45e-05,1334.554427,2759.573511,1593.550355,-9.933928
65,CC1=C(C)C(C)=C(C)B1C(C)(C)C,CC1=C(C)C(C)=C(C)B1C(C)(C)C,5,5,0.00012477,0.000129309,15.9607497,-42.29772062,4.23e-05,1335.632299,2762.109903,1593.550355,-9.935808
71,C1=C[PH2]=CC1,B1=CC=CC1,5,5,4.96e-05,7.67e-05,19.94407542,-9.8109552,2.11e-05,238.7272152,554.3582819,1167.308666,-10.27400125
72,C[PH]1=CCC=C1,B1=CC=CC1,5,5,3.66e-05,4.25e-05,19.97488992,-12.7959181,1.32e-05,376.8975851,1040.777882,1365.184399,-11.253743
73,CC1=C(C)C[PH](C)=C1,B1=CC=CC1,5,5,3.66e-05,4.28e-05,19.97531836,-12.88034934,1.32e-05,375.5131642,1050.166885,1365.184399,-11.253183
74,CC1=C(C)C[PH](C)=C1,CC1=BCC=C1,5,5,4.07e-05,4.92e-05,19.97948018,-13.37532837,1.5e-05,377.8786254,1121.389251,1364.992077,-11.288313
75,CC1=C(C)C[PH](C)=C1,CC1=BC(C)=CC1,5,5,9.85e-05,0.000122921,19.93149155,-10.25711947,3.69e-05,278.4746148,579.6211238,1067.510796,-10.61065075
76,CC1=C(C)C[PH](C)=C1,CC1=BC(C)C(C)=C1C,5,5,1.86e-05,2.23e-05,19.98869874,-13.60701571,6.83e-06,394.2725508,1118.155549,1367.171473,-11.286402
77,CC1=C(C)[PH](C)=C(C)C1C,CC1=BC(C)C(C)=C1C,5,5,1.02e-05,1.21e-05,19.99315983,-14.21206917,3.71e-06,421.2982594,1173.405662,1521.971565,-11.357742
78,CC1=C(C)[PH](C)=C(C)C1C,CCC1=BC(C)C(C)=C1C,5,5,8.64e-06,9.87e-06,19.99552117,-14.54114075,3.09e-06,441.9609407,1189.336522,1517.37179,-11.337011
79,CC1=C(C)[PH](C)=C(C)C1C,CCC1=BC(CC)=C(C)C1C,5,5,7.49e-06,8.4e-06,19.99605878,-14.54214867,2.65e-06,445.6849034,1188.467644,1508.562221,-11.254335
80,CCC1=C(C)C(C)C(CC)=[PH]1C,CCC1=BC(CC)=C(C)C1C,5,5,8.79e-06,9.92e-06,19.99527346,-14.56663824,3.12e-06,446.1733871,1190.999748,1517.37179,-11.339411
81,CCC1=C(C)C(C)C(CC)=[PH]1C,CCC1=BC(CC)C(CC)=C1CC,5,5,1.4e-05,1.66e-05,19.99024164,-13.86309396,5.11e-06,432.1776071,1157.513439,1452.2486,-11.304706
82,CCC1=C(CC)[PH](CC)=C(CC)C1C,CCC1=BC(CC)C(CC)=C1CC,5,5,2.17e-05,2.56e-05,19.98782298,-14.20096215,7.89e-06,448.5603715,1189.494645,1419.873632,-11.350063
83,CCC1=C(CC)[PH](CC)=C(CC)C1CC,CCC1=BC(CC)C(CC)=C1CC,5,5,1.65e-05,1.92e-05,19.98309343,-14.30459389,5.95e-06,463.6184637,1190.356885,1419.920901,-11.318346
84,CCC1=C(CC)[PH](CC)=C(CC)C1CC,CCC1=C(C(C)C)C(C(C)C)=BC1CC,5,5,1.45e-05,1.7e-05,19.97958409,-14.48980065,5.24e-06,467.3639832,1201.199436,1499.540002,-11.329784
85,CCC1=C(CC)[PH](CC)=C(CC)C1CC,CC(C)C1=BC(C(C)C)C(C(C)C)=C1C(C)C,5,5,1.55e-05,1.87e-05,19.98300551,-14.28726806,5.71e-06,474.1431839,1185.412371,1462.715864,-11.311564
86,CCC1=C(CC)[PH](CC)=C(CC)C1CC,CC(C)C1=BC(C(C)C)C(C(C)C)=C1C(C)(C)C,5,5,9.76e-06,1.26e-05,19.9741511,-14.14958227,3.73e-06,458.5891055,997.5842101,1381.132416,-11.184602
87,CCC1=C(CC)[PH](C(C)C)=C(CC)C1CC,CC(C)C1=BC(C(C)C)C(C(C)C)=C1C(C)(C)C,5,5,2.62e-05,3.22e-05,19.97750211,-14.38419332,9.74e-06,472.685479,1018.332103,1425.233353,-11.257386
88,CCC1=C(C(C)C)[PH](C(C)C)=C(CC)C1CC,CC(C)C1=BC(C(C)C)C(C(C)C)=C1C(C)(C)C,5,5,1.09e-05,1.35e-05,19.97336107,-14.16767249,4.07e-06,473.3775037,1160.145745,1486.06935,-11.279151
89,CCC1=[PH](C(C)C)C(C(C)C)=C(C(C)C)C1CC,CC(C)C1=BC(C(C)C)C(C(C)C)=C1C(C)(C)C,5,5,3.42e-05,4.39e-05,19.95928935,-13.93746088,1.3e-05,441.0130851,977.2972964,1249.010384,-11.145008
92,C1=C[PH2]=CC1,CC(C)(C)C1=BC(C(C)(C)C)=CC1,5,5,2.12e-05,3.02e-05,19.98576288,-12.28884205,8.56e-06,429.560735,1025.740923,1366.169313,-11.276387
93,C1=C[PH2]=CC1,CC1=C(C(C)(C)C)B=C(C(C)(C)C)C1C,5,5,1.36e-05,1.62e-05,19.99766943,-13.88567397,4.95e-06,448.6633331,1129.590292,1465.703932,-11.28537
94,CC(C)(C)[PH]1=CCC=C1,CC1=C(C(C)(C)C)B=C(C(C)(C)C)C1C,5,5,2.39e-05,2.83e-05,19.97414508,-14.19501724,8.71e-06,447.8979042,1323.140255,1426.506795,-11.314944
103,CC(C)C1=[PH](C(C)(C)C)C(C(C)C)C(C(C)(C)C)=C1C(C)(C)C,CC(C)C1=C(C(C)(C)C)B=C(C(C)(C)C)C1C(C)C,5,5,2.3e-05,6.2e-05,19.98241396,-10.17337491,1.42e-05,352.2681408,642.8927961,1193.098278,-11.0903245
131,CCC1=BC(C)=C1CC,CCC1=BC(CC)=C1CC,4,4,1.84e-06,2.14e-06,19.99194481,-16.37659299,6.67e-07,430.2756587,1468.376138,1667.965503,-11.1403975
132,CCC1=BC(CC)=C1CC,CCC1=BC(CC)=C1CC,4,4,0.000122843,0.000164873,19.92626007,-10.64605267,4.8e-05,287.7039006,523.7366534,1037.640026,-10.375303
135,CC1=C(C)[PH](C)=C1C,CC1=C(C)[PH](C)=C1C,4,4,1.92e-05,1.97e-05,15.98016456,-37.97483843,6.48e-06,1354.803254,2806.379705,1721.59281,-10.10141286
136,CCC1=C(CC)[PH](C)=C1CC,CCC1=C(CC)[PH](C)=C1CC,4,4,0.001215421,0.001813023,19.85878692,-13.97006351,0.000504741,380.2145859,635.1824947,797.692805,-10.667339
142,CC1=BC(C)=C1C,CC1=BC(C)=C1C,4,4,4.76e-06,4.84e-06,16.00146242,-65.21314337,1.6e-06,1376.763817,2843.524777,1773.120548,-9.939620857
144,CC(C)C1=BC(C(C)C)=C1C(C)C,CCC1=C(C(C)C)C(C(C)C)=B1,4,4,3.21e-06,3.68e-06,19.99488018,-19.18674683,1.15e-06,526.2165966,1746.552372,1717.593719,-11.0386735
146,C1=C[PH2]=C1,B1=CC=C1,4,4,0.554885685,1.831344222,17.12076637,-8.550277146,0.397704985,240.5139086,1e-06,134.5962792,-6.3330195
147,CC1=C(C)[PH](C)=C1C,B1=CC=C1,4,4,0.021733621,0.036532965,18.91885973,-12.59268761,0.009711098,473.3256906,951.9062759,540.5070661,-8.5024875
148,CC1=C(C)[PH](C)=C1C,CC1=BC(C)=C1C,4,4,0.246163948,0.557937861,18.2935089,-8.96968268,0.134016968,409.2643393,0.0,173.8487453,-7.0240135
149,CCC1=C(CC)[PH](CC)=C1CC,CC1=BC(C)=C1C,4,4,0.102909859,0.207303455,18.78426159,-11.8201831,0.051702219,460.6462758,460.6462758,251.9394338,-7.64113125
150,CC(C)C1=C(C(C)C)[PH](C(C)C)=C1C(C)C,CC1=BC(C)=C1C,4,4,0.123679794,0.261074049,18.67319958,-11.12229514,0.064125641,452.377908,452.377908,252.042596,-7.60610625
155,C1=C[PH2]=C1,CC1=BC(C)=C1C,4,4,0.535404276,1.627684462,17.21415131,-8.573154748,0.36051479,289.6059036,5.72e-07,173.1739648,-6.74123325
156,C1=C[PH2]=C1,CCC1=BC(CC)=C1CC,4,4,0.515130598,1.627375436,17.32661437,-9.318021398,0.357084339,267.1683014,5.72e-07,143.6452278,-6.4615065
157,CC1=C(C)[PH](C)=C1C,CCC1=BC(CC)=C1CC,4,4,0.00054171,0.000565885,15.91999632,-81.5156849,0.000184599,1387.705457,2794.626941,1395.34123,-9.933791
158,CC1=C(C)[PH](C)=C1C,CC(C)C1=BC(C(C)C)=C1C(C)C,4,4,0.21151209,0.501544045,18.34482087,-10.31557137,0.118842689,393.1365866,2.86e-07,173.8487453,-7.07921575
159,CC1=C(C)[PH](C)=C1C,CC(C)(C)C1=BC(C(C)(C)C)=C1C(C)(C)C,4,4,0.174387657,0.41207264,18.51995277,-11.68526514,0.097743383,403.3884909,0.0,173.3528241,-7.0975045
162,CC1=C(C)[PH](C(C)C)=C1C,CC1=BC(C)=C1C,4,4,0.263273128,0.607776965,18.20996697,-8.649288707,0.145175016,395.0904029,0.0,173.3783819,-7.0007785
163,CC1=C(C)[PH](C(C)C)=C1C,CCC1=BC(CC)=C1CC,4,4,0.483644,1.182813578,17.86393239,-6.122629353,0.27774293,305.5416212,0.0,102.2207504,-6.0732255
169,CC1=C(C)[PH](C(C)C)=C1C,CC1=BC(C)=C1C,4,4,0.263403365,0.60840192,18.20885992,-8.648052872,0.145300881,394.9906762,0.0,173.3783819,-7.0007785
184,CC1=C(C)C(C)=C1C,CC(C)(C)c1[pH]c(C(C)(C)C)c(C(C)(C)C)c1C(C)(C)C,4,5,3.52e-05,4e-05,19.99484041,-15.98421377,1.25e-05,508.0107166,1069.036313,1509.869194,-11.442189
185,CCC1=C(CC)C(CC)=C1CC,CC(C)(C)c1[pH]c(C(C)(C)C)c(C(C)(C)C)c1C(C)(C)C,4,5,2.58e-05,2.73e-05,19.99258524,-17.99397936,8.86e-06,637.9494484,1476.612007,1602.221732,-11.379699
186,CC(C)C1=C(C(C)C)C(C(C)C)=C1C(C)C,CC(C)(C)c1[pH]c(C(C)(C)C)c(C(C)(C)C)c1C(C)(C)C,4,5,7.75e-06,8.42e-06,19.99884993,-18.29373651,2.7e-06,656.1243171,1470.312261,1688.294036,-11.108752
187,CC(C)(C)C1=C(C(C)(C)C)C(C(C)(C)C)=C1C(C)(C)C,CC(C)(C)c1[pH]c(C(C)(C)C)c(C(C)(C)C)c1C(C)(C)C,4,5,4.24e-06,4.78e-06,19.99861422,-18.53678055,1.5e-06,622.9489576,1493.548948,1735.380836,-11.250292
188,CCC1=PC(CC)C(CC)=C1CC,CCC1=C(CC)C(CC)=C1CC,5,4,3.29e-05,3.76e-05,19.98319644,-17.03291774,1.17e-05,569.6960286,1407.893327,1628.836948,-11.502569
190,CCC1=PC(CC)C(CC)=C1CC,CC(C)(C)C1=C(C(C)(C)C)C(C(C)(C)C)=C1C(C)(C)C,5,4,1.46e-06,1.8e-06,20.00135755,-18.32592281,5.4e-07,610.666515,1483.316499,1747.187234,-11.0493925
191,CC(C)C1=PC(C(C)C)C(C(C)C)=C1C(C)C,CC(C)(C)C1=C(C(C)(C)C)C(C(C)(C)C)=C1C(C)(C)C,5,4,1.18e-06,1.25e-06,20.00191966,-18.20400043,4.09e-07,632.3915172,1713.519502,1798.654642,-10.8473665
192,CC1=BC(C)C(C)=C1C,CC1=C(C)C(C)=C1C,5,4,4.71e-05,5.18e-05,19.98057723,-17.65690464,1.65e-05,571.0846639,1480.529992,1628.836948,-11.475747
193,CCC1=BC(CC)C(CC)=C1CC,CC1=C(C)C(C)=C1C,5,4,3.61e-05,3.83e-05,19.98054587,-17.66846919,1.24e-05,565.3498177,1481.070286,1628.836948,-11.504766
194,CC(C)C1=BC(C(C)C)C(C(C)C)=C1C(C)C,CC1=C(C)C(C)=C1C,5,4,1.56e-05,1.8e-05,19.99443638,-18.47596032,5.59e-06,619.1323282,1526.286532,1644.926599,-11.411211
195,CC1=C(C)C(C)=C1C,CC(C)(C)c1[pH]c(C(C)(C)C)c(C(C)(C)C)c1C(C)(C)C,4,5,4.39e-06,4.81e-06,20.00159576,-17.37010113,1.53e-06,550.5718751,1139.398352,1730.502991,-11.335837
196,CCC1=C(CC)C(CC)=C1CC,CC(C)(C)c1[pH]c(C(C)(C)C)c(C(C)(C)C)c1C(C)(C)C,4,5,1.61e-05,1.75e-05,19.98879351,-18.68544595,5.6e-06,655.8747771,1549.550036,1640.681269,-11.094206
197,CC(C)C1=C(C(C)C)C(C(C)C)=C1C(C)C,CC(C)(C)c1[pH]c(C(C)(C)C)c(C(C)(C)C)c1C(C)(C)C,4,5,2.83e-06,3.28e-06,20.0047398,-18.42795982,1.01e-06,640.0448436,1484.049383,1740.014007,-11.172139
198,CC(C)(C)C1=C(C(C)(C)C)C(C(C)(C)C)=C1C(C)(C)C,CC(C)(C)c1[pH]c(C(C)(C)C)c(C(C)(C)C)c1C(C)(C)C,4,5,1.8e-06,2.1e-06,19.99305622,-18.150963,6.48e-07,592.7954758,1501.617812,1737.46786,-11.1174235
199,CCC1=BC(CC)C(CC)=C1CC,CCC1=C(CC)C(CC)=C1CC,5,4,0.000259231,0.000310729,19.94513585,-15.71913823,9.5e-05,342.0963472,999.2212346,1131.430462,-10.662107
200,CCC1=BC(CC)C(CC)=C1CC,CC(C)C1=C(C(C)C)C(C(C)C)=C1C(C)C,5,4,2.72e-05,3.34e-05,19.94364438,-16.25809718,1.01e-05,454.6961568,1334.499006,1524.840404,-11.405725
201,CCC1=BC(CC)C(CC)=C1CC,CC(C)(C)C1=C(C(C)(C)C)C(C(C)(C)C)=C1C(C)(C)C,5,4,2.17e-05,2.51e-05,19.95682043,-16.53680669,7.8e-06,444.7803017,1112.58073,1487.917191,-11.368929
202,CC(C)C1=BC(C(C)C)C(C(C)C)=C1C(C)C,CC(C)(C)C1=C(C(C)(C)C)C(C(C)(C)C)=C1C(C)(C)C,5,4,1.06e-06,1.15e-06,20.00518249,-19.3084156,3.75e-07,665.3634126,1573.715711,1776.258008,-10.6008545
203,CC1=BC(C)B=C1C,CC1=BC(C)B=C1C,5,5,2.75e-05,3.31e-05,19.9830782,-13.17681258,1.01e-05,355.5843516,1087.960359,1365.534913,-11.290972
204,CC1=BC(C)B=C1C,CCC1=BC(CC)B=C1CC,5,5,2.61e-05,3.18e-05,19.97579488,-13.55337354,9.65e-06,369.5255979,883.8177068,1241.077273,-11.160625
205,CC1=BC(C)B=C1C,CC(C)C1=BC(C(C)C)B=C1C(C)C,5,5,0.000515404,0.00073096,19.89816355,-11.72498598,0.000207727,267.2336889,501.2366935,860.2290973,-9.97383975
206,CC1=BC(C)B=C1C,CC(C)(C)C1=BC(C(C)(C)C)B=C1C(C)(C)C,5,5,0.00019376,0.00026597,19.9202837,-13.70081508,7.66e-05,445.2997272,717.6073459,989.4899895,-10.534198
207,CCC1=BC(CC)B=C1CC,CC(C)(C)C1=BC(C(C)(C)C)B=C1C(C)(C)C,5,5,0.00105369,0.001556385,19.91071327,-11.87244178,0.000435012,346.404526,555.7208607,918.8069319,-10.81639175
208,CC(C)C1=BC(C(C)C)B=C1C(C)C,CC(C)(C)C1=BC(C(C)(C)C)B=C1C(C)(C)C,5,5,0.10783946,0.257562622,19.24361829,-8.222011466,0.060900347,129.8774385,129.8774385,46.85859802,-5.89331325
209,CC(C)(C)C1=BC(C(C)(C)C)B=C1C(C)(C)C,CC(C)(C)C1=BC(C(C)(C)C)B=C1C(C)(C)C,5,5,0.004385096,0.007303424,19.6686592,-9.43856192,0.001948087,195.6068028,195.6068028,490.5126616,-8.4832055
210,CCC1=BC(CC)B=C1CC,CCC1=BC(CC)B=C1CC,5,5,0.000320061,0.000422236,19.94982171,-12.23943363,0.000123716,352.9806476,780.7552726,990.2725871,-10.77528025
211,CC(C)C1=BC(C(C)C)B=C1C(C)C,CCC1=BC(CC)B=C1CC,5,5,1.8e-05,3.07e-05,19.93354103,-18.12500425,8.12e-06,558.5551436,924.2989197,1460.392234,-11.2812395
212,CC(C)(C)C1=BC(C(C)(C)C)B=C1C(C)(C)C,CCC1=BC(CC)B=C1CC,5,5,0.000772264,0.001113403,19.88769743,-11.48785214,0.000314278,256.4057043,486.3786688,770.0859007,-10.09619625
213,CC(C)C1=BC(C(C)C)B=C1C(C)C,CC(C)C1=BC(C(C)C)B=C1C(C)C,5,5,0.001213312,0.001937638,19.85441781,-10.89259695,0.000525158,241.5952046,458.1480404,631.8664495,-9.71698975
215,CC1=PC(C)P=C1C,CCC1=PC(CC)P=C1CC,5,5,2.46e-06,2.83e-06,19.97334186,-13.01719211,8.79e-07,422.2027181,1207.858744,1495.125372,-11.176281
216,CC1=PC(C)P=C1C,CC(C)C1=PC(C(C)C)P=C1C(C)C,5,5,1.21e-06,1.31e-06,19.99872969,-12.84685026,4.3e-07,434.4417713,1071.131272,1518.923524,-11.0210645
218,CCC1=PC(CC)P=C1CC,CC(C)(C)C1=PC(C(C)(C)C)P=C1C(C)(C)C,5,5,2.41e-06,2.64e-06,19.99114601,-13.56294079,8.44e-07,478.1422256,1106.725145,1502.718691,-11.1164355
219,CC(C)C1=PC(C(C)C)P=C1C(C)C,CC(C)(C)C1=PC(C(C)(C)C)P=C1C(C)(C)C,5,5,4.55e-07,5.42e-07,20.00180187,-13.34795283,1.63e-07,471.9987888,1261.713583,1428.89884,-11.01356
220,CC(C)(C)C1=PC(C(C)(C)C)P=C1C(C)(C)C,CC(C)(C)C1=PC(C(C)(C)C)P=C1C(C)(C)C,5,5,3.2e-06,3.95e-06,20.00431887,-12.95250597,1.19e-06,462.8042938,1070.209626,1512.108275,-11.170369
221,CCC1=PC(CC)P=C1CC,CCC1=PC(CC)P=C1CC,5,5,2.95e-06,3.28e-06,19.98058445,-12.90539477,1.04e-06,422.5293651,1046.42173,1504.595969,-11.189158
222,CC(C)C1=PC(C(C)C)P=C1C(C)C,CCC1=PC(CC)P=C1CC,5,5,2.2e-07,4.1e-07,20.00283468,-13.20809034,1.18e-07,459.9730966,1263.497898,1429.751374,-11.022962
223,CC(C)(C)C1=PC(C(C)(C)C)P=C1C(C)(C)C,CCC1=PC(CC)P=C1CC,5,5,1.98e-06,2.3e-06,20.00345014,-12.96197596,7.18e-07,467.5839355,1084.560022,1513.662766,-11.0249475
224,CC(C)C1=PC(C(C)C)P=C1C(C)C,CC(C)C1=PC(C(C)C)P=C1C(C)C,5,5,1.01e-05,1.18e-05,19.9885163,-13.33745867,3.65e-06,456.1273308,1101.346826,1468.211843,-11.262211
227,CC1=PC(C)C(C)=C1C,CC(C)=C(C)C,5,2,1.2e-05,1.38e-05,19.98861902,-21.9997369,4.3e-06,606.3721328,1835.964054,2164.6909,-11.5385095
228,CCC1=PC(CC)C(CC)=C1CC,CC(C)=C(C)C,5,2,8.13e-06,9.3e-06,19.99117232,-22.07809514,2.9e-06,609.6205515,1852.433243,2170.914602,-11.4712785
233,CCC1=PC(CC)C(CC)=C1CC,CC(C)C(=C(C(C)C)C(C)C)C(C)C,5,2,4.18e-05,4.99e-05,19.97069399,-21.8678658,1.53e-05,590.7526978,1478.550985,1924.271982,-11.433395
236,C1=CCP=C1,CC(C)C(=C(C(C)C)C(C)C)C(C)C,5,2,0.15798442,0.499957961,19.16941363,-5.032850836,0.109657064,50.56680743,1.43e-07,17.22994248,-5.22132375
241,B1=CC=CC1,C=C,5,2,1.26e-06,1.31e-06,20.00770653,-17.23586154,4.36e-07,532.6662726,1622.754392,1776.438033,-10.9439885
242,CC1=BC(C)C(C)=C1C,C=C,5,2,1.82e-06,1.85e-06,20.00650159,-18.12659592,6.18e-07,549.7499406,1699.446114,1795.394734,-10.897239
243,CC1=BC(C)C(C)=C1C,CC(C)=C(C)C,5,2,4.91e-07,5.79e-07,20.00343982,-17.76665575,1.68e-07,531.3988075,1674.536036,1701.211691,-11.055897
244,CCC1=BC(CC)C(CC)=C1CC,CC(C)=C(C)C,5,2,1.79e-06,1.94e-06,20.00356501,-18.39835451,6.23e-07,555.9945678,1731.687422,1795.029653,-10.93612
245,CC(C)C1=BC(C(C)C)C(C(C)C)=C1C(C)C,CC(C)=C(C)C,5,2,0.001121686,0.001599043,19.91690724,-13.91970926,0.000453455,413.5551613,671.7562434,973.5911737,-10.959013
246,CC(C)C1C(C(C)(C)C)=BC(C(C)(C)C)=C1C(C)(C)C,CC(C)=C(C)C,5,2,2.89e-06,3.25e-06,19.99506963,-23.38672236,1.03e-06,690.9328578,1919.149408,2063.833726,-10.888855
247,CC(C)C1C(C(C)(C)C)=BC(C(C)(C)C)=C1C(C)(C)C,CCC(CC)=C(CC)CC,5,2,3.36e-05,4.08e-05,19.96418168,-19.76658858,1.24e-05,550.3273919,1296.387048,1860.865345,-11.40053
248,CC(C)C1C(C(C)(C)C)=BC(C(C)(C)C)=C1C(C)(C)C,CC(C)C(=C(C(C)C)C(C)C)C(C)C,5,2,0.009029095,0.015126219,19.81585844,-11.4304684,0.004025886,284.2725773,284.2725773,535.3598903,-8.75564775
249,CCC1=BC(CC)C(CC)=C1CC,CCC(CC)=C(CC)CC,5,2,3.96e-06,5.15e-06,20.00032437,-18.41340014,1.52e-06,540.3010388,1545.478813,1730.273577,-11.288433
250,CC(C)C1=BC(C(C)C)C(C(C)C)=C1C(C)C,CCC(CC)=C(CC)CC,5,2,0.002492846,0.003744666,19.87729437,-13.05933702,0.001039585,376.2086116,606.6905814,766.9668724,-10.678837
251,CC(C)(C)C1=BC(C(C)(C)C)C(C(C)(C)C)=C1C(C)(C)C,CCC(CC)=C(CC)CC,5,2,0.000889003,0.001244159,19.93165048,-11.30378152,0.000355527,369.6224884,567.76579,937.8987257,-10.88006875
252,B1=CC=CC1,CC(C)C(=C(C(C)C)C(C)C)C(C)C,5,2,2.63e-05,3.1e-05,19.99873989,-14.89884587,9.54e-06,480.3789741,1265.37757,1423.088494,-11.302025
257,C1=PCP=C1,C=C,5,2,0.007868979,0.013238782,19.73024805,-17.7133233,0.00351796,331.9325797,689.7370629,720.3639798,-9.27168825
258,CC1=PC(C)P=C1C,C=C,5,2,0.006174605,0.010259865,19.74045182,-17.71378345,0.002739078,334.4707323,678.5901602,748.8838575,-9.61850325
259,CC1=PC(C)P=C1C,CC(C)=C(C)C,5,2,0.000276467,0.000363622,19.96590361,-16.32474827,0.000106681,386.4773395,722.182295,1106.730613,-10.714966
260,CCC1=PC(CC)P=C1CC,CC(C)=C(C)C,5,2,8.55e-06,9.77e-06,19.98620926,-21.50071538,3.05e-06,580.0367164,1455.546392,2015.43839,-11.4721925
273,B1=CC=BC1,C=C,5,2,0.000191251,0.000252477,19.91876216,-11.81338901,7.4e-05,285.368654,488.0599302,924.119855,-10.0629025
274,CC1=BC(C)B=C1C,C=C,5,2,1.9e-05,2.58e-05,19.89186891,-11.60811478,7.47e-06,288.3909998,687.9685135,1159.909859,-10.7957415
275,CC1=BC(C)B=C1C,CC(C)=C(C)C,5,2,3.31e-06,1.3e-05,19.95516387,-14.46250459,2.71e-06,370.7115977,1141.725715,1530.014484,-11.2643205
276,CCC1=BC(CC)B=C1CC,CC(C)=C(C)C,5,2,2.02e-05,2.82e-05,19.93156691,-13.59322824,8.06e-06,316.7374489,1056.876549,1366.553385,-11.10140625
277,CC(C)C1=BC(C(C)C)B=C1C(C)C,CC(C)=C(C)C,5,2,0.000103655,0.000142565,19.86801568,-11.501042,4.1e-05,274.7033691,725.3837344,890.608099,-10.4505675
281,CC1=BC(C)B=C1C,CCC(CC)=C(CC)CC,5,2,6.4e-05,8.17e-05,19.95046481,-12.89424635,2.43e-05,358.8927115,988.8071204,1189.066385,-11.080245
289,CC1=PC(C)C(C)=C1C,CC1=PC(C)C(C)=C1C,5,5,4.4e-06,4.94e-06,19.98209898,-15.14746734,1.56e-06,506.3679597,1241.767886,1559.218385,-11.26536
290,CCC1=PC(CC)C(CC)=C1CC,CCC1=PC(CC)C(CC)=C1CC,5,5,4.47e-06,5.08e-06,19.98297077,-15.59347827,1.59e-06,532.4394623,1278.759376,1688.075549,-11.324643
291,CC(C)C1=PC(C(C)C)C(C(C)C)=C1C(C)C,CC(C)C1=PC(C(C)C)C(C(C)C)=C1C(C)C,5,5,4.31e-06,4.98e-06,19.98942533,-15.20704768,1.55e-06,527.4128032,1413.116706,1613.797274,-11.310668
292,CC(C)(C)C1=PC(C(C)(C)C)C(C(C)(C)C)=C1C(C)(C)C,CC(C)(C)C1=PC(C(C)(C)C)C(C(C)(C)C)=C1C(C)(C)C,5,5,1.72e-05,1.95e-05,19.98071692,-16.36097731,6.12e-06,544.7114683,1118.292349,1590.148241,-11.472054
293,C1CCC(c2[pH]c(C3CCCCC3)c(C3CCCCC3)c2C2CCCCC2)CC1,C1CCC(c2[pH]c(C3CCCCC3)c(C3CCCCC3)c2C2CCCCC2)CC1,5,5,1.04e-06,1.14e-06,20.0002991,-14.122689,3.58e-07,482.7195086,1176.591289,1540.131104,-11.0598385
294,B1C(C2CCCCC2)=C(C2CCCCC2)C(C2CCCCC2)=C1C1CCCCC1,C1CCC(c2[pH]c(C3CCCCC3)c(C3CCCCC3)c2C2CCCCC2)CC1,5,5,1.23e-05,1.7e-05,19.91215457,-14.29011119,4.88e-06,464.4582014,1009.319106,1373.706105,-11.072822
295,B1C(C2CCCCC2)=C(C2CCCCC2)C(C2CCCCC2)=C1C1CCCCC1,B1C(C2CCCCC2)=C(C2CCCCC2)C(C2CCCCC2)=C1C1CCCCC1,5,5,1.39e-05,1.7e-05,19.96059568,-16.12943416,5.14e-06,534.3830741,1334.680627,1708.817852,-11.478201
296,CC1=C(C)C(C)C(C)=C1C,[pH]1[pH][pH][pH][pH]1,5,5,6.67e-07,1.22e-06,19.99968926,-14.98586893,3.21e-07,524.2433047,1246.803233,1507.092056,-11.036919
297,CCC1=C(CC)C(CC)C(CC)=C1CC,[pH]1[pH][pH][pH][pH]1,5,5,4.42e-07,9.7e-07,20.00045714,-15.42019744,2.37e-07,544.3959708,1282.964808,1696.192099,-11.126058
298,CC(C)C1=C(C(C)C)C(C(C)C)C(C(C)C)=C1C(C)C,[pH]1[pH][pH][pH][pH]1,5,5,6.91e-07,7.73e-07,20.00594177,-15.0001382,2.58e-07,565.2874108,1433.323306,1636.583076,-11.076807
299,[pH]1[pH][pH][pH][pH]1,CC(C)(C)C1=C(C(C)(C)C)C(C(C)(C)C)C(C(C)(C)C)=C1C(C)(C)C,5,5,1.84e-05,2.08e-05,20.00041905,-13.94872349,6.53e-06,539.2562644,988.4092853,1384.244652,-11.232353
300,C1CCC(C2=C(C3CCCCC3)C(C3CCCCC3)C(C3CCCCC3)=C2C2CCCCC2)CC1,[pH]1[pH][pH][pH][pH]1,5,5,4.38e-06,5.02e-06,19.98992521,-12.17831701,1.57e-06,461.7073132,1043.856513,1495.6212,-11.151106
301,[pH]1[pH][pH][pH][pH]1,[pH]1[pH][pH][pH][pH]1,5,5,2.54e-06,2.98e-06,20.00149408,-10.62536838,9.21e-07,352.4258252,1011.330235,1512.566553,-11.1844585
302,CC1=C(C)C(C)=C1C,[pH]1[pH][pH][pH][pH]1,4,5,1.87e-05,1.93e-05,15.99143691,-42.17250265,6.32e-06,1329.846703,2756.497833,1721.59281,-10.10141286
303,CCC1=C(CC)C(CC)=C1CC,[pH]1[pH][pH][pH][pH]1,4,5,6.24e-05,6.48e-05,15.96708687,-47.58702091,2.12e-05,1344.604194,2786.282749,1673.979264,-9.986452
304,CC(C)C1=C(C(C)C)C(C(C)C)=C1C(C)C,[pH]1[pH][pH][pH][pH]1,4,5,2.25e-05,3.59e-05,19.928242,-12.81621622,9.74e-06,373.1735598,676.9760459,1217.172519,-11.171712
305,CC(C)(C)C1=C(C(C)(C)C)C(C(C)(C)C)=C1C(C)(C)C,[pH]1[pH][pH][pH][pH]1,4,5,0.002080123,0.003147568,19.83950851,-15.76873681,0.000871282,470.7713229,766.534041,888.3329667,-10.39770925
306,C1CCC(C2=C(C3CCCCC3)C(C3CCCCC3)=C2C2CCCCC2)CC1,[pH]1[pH][pH][pH][pH]1,6,5,5.34e-06,5.76e-06,19.99802811,-12.81782654,1.85e-06,442.0348278,1209.502268,1443.286096,-11.16032
309,CC1=C(C)C(C)=C1C,CC(C)C1=PC(C(C)C)P=C1C(C)C,4,5,1.13e-05,1.38e-05,19.97685622,-17.01338634,4.18e-06,506.6834348,1133.308202,1585.792674,-11.377933
310,CC1=C(C)C(C)=C1C,CC(C)(C)C1=PC(C(C)(C)C)P=C1C(C)(C)C,4,5,7.66e-06,9.56e-06,19.97603432,-16.90587483,2.87e-06,517.6437189,1120.35488,1591.647264,-11.333513
311,CCC1=C(CC)C(CC)=C1CC,CC(C)(C)C1=PC(C(C)(C)C)P=C1C(C)(C)C,4,5,1.56e-05,2.06e-05,19.99859849,-17.82535713,6.02e-06,611.6552461,1470.180163,1639.524836,-11.452635
312,CC(C)C1=C(C(C)C)C(C(C)C)=C1C(C)C,CC(C)(C)C1=PC(C(C)(C)C)P=C1C(C)(C)C,4,5,4.36e-07,6.64e-07,20.00109845,-16.58973401,1.72e-07,549.083398,1336.923943,1703.41461,-11.175661
313,CC(C)(C)C1=C(C(C)(C)C)C(C(C)(C)C)=C1C(C)(C)C,CC(C)(C)C1=PC(C(C)(C)C)P=C1C(C)(C)C,4,5,1.53e-06,1.8e-06,20.00133696,-17.43162232,5.63e-07,592.3805947,1397.383158,1777.923023,-11.1046775
314,CCC1=C(CC)C(CC)=C1CC,CC1=PC(C)P=C1C,4,5,1.98e-05,2.7e-05,19.98914425,-17.25569011,7.8e-06,557.3725833,1421.431303,1631.016344,-11.515499
315,CC(C)C1=C(C(C)C)C(C(C)C)=C1C(C)C,CC1=PC(C)P=C1C,4,5,7.88e-07,8.67e-07,19.99999382,-16.74026524,2.79e-07,537.9050002,1361.504479,1697.575086,-11.098043
316,CC(C)(C)C1=C(C(C)(C)C)C(C(C)(C)C)=C1C(C)(C)C,CC1=PC(C)P=C1C,4,5,1.52e-06,1.79e-06,19.99943941,-17.41744545,5.49e-07,574.3866403,1412.27389,1777.923023,-11.1067045
317,CC(C)(C)C1=C(C(C)(C)C)C(C(C)(C)C)=C1C(C)(C)C,CCC1=PC(CC)P=C1CC,4,5,1.73e-06,2.03e-06,19.99920185,-17.53155122,6.27e-07,577.1985758,1422.430276,1777.923023,-11.1314355
324,CC1=C(C)C(C)=C1C,CC1=BC(C)B=C1C,4,5,1.88e-05,2.07e-05,19.98431797,-15.91614534,6.58e-06,450.8924101,1277.786632,1481.969471,-11.412477
325,CC1=C(C)C(C)=C1C,CCC1=BC(CC)B=C1CC,4,5,2.07e-05,2.34e-05,19.9850635,-16.12118587,7.35e-06,457.9778819,1297.02222,1517.870259,-11.425567
326,CC1=C(C)C(C)=C1C,CC(C)C1=BC(C(C)C)B=C1C(C)C,4,5,3.21e-05,3.91e-05,19.98346291,-16.42418858,1.19e-05,478.8204254,1083.652316,1488.416052,-11.390156
327,CC1=C(C)C(C)=C1C,CC(C)(C)C1=BC(C(C)(C)C)B=C1C(C)(C)C,4,5,6.18e-06,7.26e-06,19.97853657,-15.92275965,2.24e-06,487.1216403,1311.549351,1605.244953,-11.327231
329,CC(C)C1=C(C(C)C)C(C(C)C)=C1C(C)C,CC(C)(C)C1=BC(C(C)(C)C)B=C1C(C)(C)C,4,5,8.11e-06,1.05e-05,19.99470913,-17.90583083,3.1e-06,573.0089461,1242.20814,1653.20505,-11.406813
330,CC(C)(C)C1=C(C(C)(C)C)C(C(C)(C)C)=C1C(C)(C)C,CC(C)(C)C1=BC(C(C)(C)C)B=C1C(C)(C)C,4,5,5.45e-06,5.9e-06,19.99553107,-19.16471641,1.89e-06,606.1189759,1591.650262,1693.945049,-10.991681
331,CCC1=C(CC)C(CC)=C1CC,CC1=BC(C)B=C1C,4,5,1.82e-05,2.06e-05,19.98658899,-16.39596818,6.46e-06,465.5622882,1317.587355,1527.23054,-11.428802
332,CC(C)C1=C(C(C)C)C(C(C)C)=C1C(C)C,CC1=BC(C)B=C1C,4,5,1.03e-05,1.11e-05,19.99919809,-16.20361499,3.57e-06,488.1550241,1356.94777,1635.400012,-11.42571
333,CC(C)(C)C1=C(C(C)(C)C)C(C(C)(C)C)=C1C(C)(C)C,CC1=BC(C)B=C1C,4,5,2.06e-06,2.56e-06,19.99797895,-17.8819295,7.76e-07,632.7832954,1469.783262,1777.630444,-11.0637695
334,CC(C)(C)C1=C(C(C)(C)C)C(C(C)(C)C)=C1C(C)(C)C,CCC1=BC(CC)B=C1CC,4,5,5.7e-06,7.13e-06,19.99855956,-17.87280633,2.14e-06,622.8412067,1466.08153,1716.815861,-11.2893
335,CC(C)(C)C1=C(C(C)(C)C)C(C(C)(C)C)=C1C(C)(C)C,CC(C)C1=BC(C(C)C)B=C1C(C)C,4,5,7.09e-05,7.77e-05,19.96534064,-14.19909642,2.48e-05,456.5753508,1146.690838,1340.506313,-11.220345
336,CCC1=C(CC)C(CC)=C1CC,CCC1=BC(CC)B=C1CC,4,5,1.49e-05,1.66e-05,19.9879653,-16.6171133,5.24e-06,484.4555856,1331.446212,1610.993295,-11.431405
337,CCC1=C(CC)C(CC)=C1CC,CC(C)C1=BC(C(C)C)B=C1C(C)C,4,5,1.03e-05,1.2e-05,19.98259905,-16.0294149,3.71e-06,487.3918219,1327.47071,1627.925349,-11.423696
338,CC1=C(C)C(C)=C1C,B1=C(C2CCCCC2)BC(C2CCCCC2)=C1C1CCCCC1,4,5,4.71e-06,5.1e-06,19.99877668,-15.92480086,1.64e-06,499.995754,1313.725002,1628.420602,-11.322864
339,C1CCC(C2=C(C3CCCCC3)C(C3CCCCC3)=C2C2CCCCC2)CC1,B1=C(C2CCCCC2)BC(C2CCCCC2)=C1C1CCCCC1,4,5,4.24e-06,5.65e-06,19.98586479,-16.15875865,1.65e-06,487.1796756,1164.260673,1585.884428,-11.28124
340,C1CCC(C2=C(C3CCCCC3)C(C3CCCCC3)=C2C2CCCCC2)CC1,CC1=BC(C)B=C1C,4,5,6.36e-05,9.03e-05,19.90045898,-12.64080113,2.56e-05,380.6045556,846.7497759,1114.694788,-11.0124635
341,[pH]1[pH][pH][pH][pH]1,P1=PP=P1,5,4,2.23e-05,2.68e-05,19.95994651,-12.63720277,8.19e-06,382.1019499,911.8686438,1242.51284,-11.184727
342,CC1=PC(C)=P1,CC1=PC(C)P=C1C,4,5,1.5e-05,1.74e-05,19.98024707,-13.72450874,5.39e-06,412.0001566,1108.690498,1408.945839,-11.276882
343,CCC1=PC(CC)=P1,CC1=PC(C)P=C1C,4,5,1.52e-05,1.78e-05,19.98100348,-13.83213703,5.5e-06,422.9189251,1123.248993,1417.285052,-11.292832
344,CCC1=PC(CC)=P1,CCC1=PC(CC)P=C1CC,4,5,1.48e-05,1.73e-05,19.98161433,-13.90409712,5.35e-06,423.9269913,1127.78455,1417.285052,-11.289462
345,CCC1=PC(CC)=P1,CC(C)C1=PC(C(C)C)P=C1C(C)C,4,5,1.66e-05,1.97e-05,19.95876468,-14.68636667,6.05e-06,459.1503173,1192.259603,1418.816308,-11.290747
346,CCC1=PC(CC)=P1,CC(C)(C)C1=PC(C(C)(C)C)P=C1C(C)(C)C,4,5,5.43e-06,6.2e-06,19.98620505,-14.617023,1.94e-06,462.6060325,1197.858194,1499.904422,-11.235083
347,CC(C)C1=PC(C(C)C)=P1,CC(C)(C)C1=PC(C(C)(C)C)P=C1C(C)(C)C,4,5,2.96e-06,4.37e-06,19.99784563,-14.86630346,1.22e-06,467.194979,1215.238264,1558.742368,-11.2321775
348,CC(C)(C)C1=PC(C(C)(C)C)=P1,CC(C)(C)C1=PC(C(C)(C)C)P=C1C(C)(C)C,4,5,5.7e-06,6.78e-06,19.98568391,-14.27389722,2.08e-06,450.8949116,1163.4263,1499.511663,-11.287741
349,CCC1=PC(CC)=P1,CCC1=PC(CC)P=C1CC,4,5,1.47e-05,1.72e-05,19.98164107,-13.90162795,5.32e-06,423.8995494,1127.635514,1417.285052,-11.289462
350,CC(C)(C)C1=PC(C(C)(C)C)=P1,CC(C)C1=PC(C(C)C)P=C1C(C)C,4,5,8.81e-06,9.83e-06,19.99129808,-14.44038535,3.11e-06,462.0001149,1179.238861,1511.310483,-11.32981
351,CC1B2B1C2C,CC1=BC(C)B=C1C,4,5,1.9e-05,2.24e-05,19.97564487,-15.6380149,6.9e-06,458.9624572,1216.984042,1480.684662,-11.327363
352,CCC1B2B1C2CC,CC1=BC(C)B=C1C,4,5,1.65e-05,1.94e-05,19.97644112,-15.5749529,5.98e-06,458.4749065,1212.286041,1480.684662,-11.330787
353,CCC1B2B1C2CC,CCC1=BC(CC)B=C1CC,4,5,1.81e-05,2.12e-05,19.97563474,-15.67587321,6.55e-06,458.8473897,1222.103403,1480.684662,-11.338483
354,CCC1B2B1C2CC,CC(C)C1=BC(C(C)C)B=C1C(C)C,4,5,6.76e-07,7.3e-07,19.99018613,-16.27493185,2.38e-07,486.9189278,1282.842721,1576.74039,-11.079903
355,CCC1B2B1C2CC,CC(C)(C)C1=BC(C(C)(C)C)B=C1C(C)(C)C,4,5,5.17e-06,5.98e-06,19.9807194,-16.34657508,1.86e-06,476.0351941,1276.484053,1561.272244,-11.268967
356,CC(C)C1B2B1C2C(C)C,CC(C)(C)C1=BC(C(C)(C)C)B=C1C(C)(C)C,4,5,5.56e-06,6.49e-06,19.98311005,-16.41888728,2.01e-06,478.8057019,1284.995524,1596.780273,-11.331466
357,CC(C)(C)C1B2B1C2C(C)(C)C,CC(C)(C)C1=BC(C(C)(C)C)B=C1C(C)(C)C,4,5,1.13e-05,1.33e-05,19.98178815,-16.70023426,4.11e-06,489.8245822,1071.079536,1577.073445,-11.360941
358,CCC1B2B1C2CC,CCC1=BC(CC)B=C1CC,4,5,5.84e-06,6.43e-06,19.99700892,-16.39552776,2.05e-06,505.4769262,1285.043118,1618.851329,-11.372509
359,CC(C)(C)C1B2B1C2C(C)(C)C,CC(C)C1=BC(C(C)C)B=C1C(C)C,4,5,2e-05,2.36e-05,19.97574512,-16.29248146,7.26e-06,479.1887333,1041.880375,1488.470258,-11.316016
360,CC1B2B1C2C,CC1=PC(C)P=C1C,4,5,0.000287069,0.000413363,19.86512654,-14.86206008,0.000116739,374.7241161,893.9677738,884.4324747,-10.550999
361,CCC1B2B1C2CC,CC1=PC(C)P=C1C,4,5,0.000208503,0.000295652,19.86948846,-14.93406442,8.4e-05,380.8461422,901.7096104,884.2635626,-10.440724
362,CCC1B2B1C2CC,CCC1=PC(CC)P=C1CC,4,5,0.00022008,0.000313338,19.86571824,-14.94111638,8.89e-05,378.4021025,900.1229554,884.2635626,-10.430034
363,CCC1B2B1C2CC,CC(C)C1=PC(C(C)C)P=C1C(C)C,4,5,9.27e-05,0.000123696,19.88828334,-15.24700403,3.61e-05,394.4906985,919.0490143,1079.515927,-10.989575
364,CCC1B2B1C2CC,CC(C)(C)C1=PC(C(C)(C)C)P=C1C(C)(C)C,4,5,0.000160109,0.000223195,19.87912718,-15.37134989,6.39e-05,393.2055969,922.8588722,899.160282,-10.625552
365,CC(C)C1B2B1C2C(C)C,CC(C)(C)C1=PC(C(C)(C)C)P=C1C(C)(C)C,4,5,0.000164238,0.000221526,19.91552544,-15.54404342,6.43e-05,417.045172,938.8162439,1113.982926,-10.628278
366,CC(C)(C)C1B2B1C2C(C)(C)C,CC(C)(C)C1=PC(C(C)(C)C)P=C1C(C)(C)C,4,5,0.000184138,0.000253414,19.91192583,-15.47069365,7.29e-05,416.6329371,920.1461003,1112.860752,-10.641121
367,CCC1B2B1C2CC,CC1=PC(C)P=C1C,4,5,0.000208282,0.000295281,19.86996095,-14.93237336,8.39e-05,380.9072855,901.5749744,884.2635626,-10.440724
368,CC(C)C1B2B1C2C(C)C,CCC1=PC(CC)P=C1CC,4,5,0.000195087,0.000267018,19.86847327,-14.67087217,7.7e-05,363.6362297,871.5796718,859.8886873,-10.437874
369,CC(C)(C)C1B2B1C2C(C)(C)C,CCC1=PC(CC)P=C1CC,4,5,0.000195371,0.000268179,19.88110985,-14.82359927,7.73e-05,374.0599098,627.7566867,872.6057289,-10.612096
370,CC(C)(C)C1B2B1C2C(C)(C)C,CC(C)C1=PC(C(C)C)P=C1C(C)C,4,5,0.000158342,0.000215483,19.90931754,-15.26473578,6.23e-05,407.12259,918.2645493,1056.540121,-10.6373705
371,CC(C)C1B2B1C2C(C)C,CC1=PC(C)P=C1C,4,5,0.000200575,0.000275466,19.86979838,-14.63876803,7.93e-05,364.7134797,871.1533522,859.8886873,-10.437914
372,CC(C)C1B2B1C2C(C)C,CCC1=PC(CC)P=C1CC,4,5,0.000195376,0.000267413,19.86828982,-14.66782942,7.71e-05,363.3917081,871.2862924,859.8886873,-10.437874
373,CC(C)C1B2B1C2C(C)C,CC(C)C1=PC(C(C)C)P=C1C(C)C,4,5,0.000348748,0.000503178,19.87208325,-15.05234228,0.000141988,386.3199976,901.4111927,884.4324747,-10.553558
374,CC1=BC(C)B=C1C,CC1=PC(C)=P1,5,4,1.08e-05,1.37e-05,19.96957116,-13.24407308,4.07e-06,377.3293977,1025.370199,1465.759709,-11.233398
375,CC1=BC(C)B=C1C,CCC1=PC(CC)=P1,5,4,1.29e-05,1.68e-05,19.96057417,-13.38349755,4.94e-06,396.9895941,1037.706851,1445.993129,-11.226987
376,CC1=BC(C)B=C1C,CC(C)C1=PC(C(C)C)=P1,5,4,1.57e-05,1.9e-05,19.96967785,-13.20705433,5.78e-06,392.6051677,1030.578326,1366.06643,-11.222266
377,CC1=BC(C)B=C1C,CC(C)(C)C1=PC(C(C)(C)C)=P1,5,4,1.04e-05,1.4e-05,19.97195687,-12.94079973,4.07e-06,390.6917718,837.229251,1326.442412,-11.208896
378,CCC1=BC(CC)B=C1CC,CC(C)(C)C1=PC(C(C)(C)C)=P1,5,4,1.15e-05,1.42e-05,19.97124418,-12.97980458,4.29e-06,388.3987281,1017.918004,1450.488481,-11.251006
380,CC(C)(C)C1=BC(C(C)(C)C)B=C1C(C)(C)C,CC(C)(C)C1=PC(C(C)(C)C)=P1,5,4,9.64e-06,1.14e-05,19.977777,-17.11490349,3.51e-06,522.72206,1219.08543,1597.049488,-11.365137
382,CCC1=BC(CC)B=C1CC,CCC1=PC(CC)=P1,5,4,1.78e-05,2.08e-05,19.97046693,-13.39006399,6.43e-06,378.8011888,1037.245623,1366.06643,-11.218078
383,CCC1=BC(CC)B=C1CC,CC(C)C1=PC(C(C)C)=P1,5,4,2.91e-05,3.49e-05,19.9767322,-13.35835115,1.07e-05,411.9779296,1051.106586,1364.907632,-11.221894
385,CC(C)C1=BC(C(C)C)B=C1C(C)C,CC(C)(C)C1=PC(C(C)(C)C)=P1,5,4,3.38e-05,3.96e-05,19.9747417,-17.68702027,1.22e-05,538.9392549,1272.264611,1582.864044,-11.431195
392,CC1=PC(C)=C1C,CCC(CC)=C(CC)CC,4,2,1.05e-05,1.35e-05,19.95350798,-18.48940692,3.99e-06,497.4782045,1178.032288,1570.415642,-11.308733
393,CC1=PC(C)=C1C,CC(C)C(=C(C(C)C)C(C)C)C(C)C,4,2,0.002445069,0.003737268,19.8161454,-18.37683974,0.00103039,432.8025895,779.9550533,861.9906382,-10.41322925
394,CCC1=PC(CC)=C1CC,CC(C)C(=C(C(C)C)C(C)C)C(C)C,4,2,0.002219995,0.003391679,19.81920032,-18.96156441,0.000935279,453.8915883,817.2208881,847.086222,-10.35462475
395,CC(C)C1=PC(C(C)C)=C1C(C)C,CC(C)C(=C(C(C)C)C(C)C)C(C)C,4,2,3.28e-05,4.02e-05,19.94981195,-23.6715179,1.22e-05,635.1443656,1517.977391,1922.005849,-11.30183057
397,CCC1=PC(CC)=C1CC,CC(C)=C(C)C,4,2,2.95e-06,3.01e-06,20.00507359,-14.73614017,9.93e-07,441.3093044,1351.511778,1607.540202,-11.284
398,CCC1=PC(CC)=C1CC,CCC(CC)=C(CC)CC,4,2,2.93e-05,3.73e-05,19.95422212,-19.07086509,1.11e-05,514.164814,1219.281879,1451.094214,-11.26254307
399,CC(C)C1=PC(C(C)C)=C1C(C)C,CCC(CC)=C(CC)CC,4,2,3.51e-05,4.45e-05,19.94530795,-18.85558607,1.33e-05,496.9513362,1195.294035,1470.447638,-11.2510845
400,CC(C)C1=C(C(C)(C)C)P=C1C(C)(C)C,CCC(CC)=C(CC)CC,4,2,0.000662984,0.000941684,19.8719073,-19.29604982,0.000267445,469.4241315,855.4239776,907.0491485,-10.58092264
401,CC1=PC(C)=P1,CC(C)=C(C)C,4,2,9.01e-06,1.07e-05,19.96723594,-20.49743178,3.28e-06,564.8365386,1685.26078,2067.281349,-11.3485045
402,CCC1=PC(CC)=P1,CC(C)=C(C)C,4,2,1.17e-05,1.38e-05,19.96892645,-20.44780599,4.26e-06,569.730717,1690.305923,2061.057647,-11.3998905
403,CCC1=PC(CC)=P1,CCC(CC)=C(CC)CC,4,2,0.0,3.2e-07,19.97722194,-20.69877268,2.08e-08,565.9608236,1404.552642,1987.962759,-11.1255685
404,CCC1=PC(CC)=P1,CC(C)C(=C(C(C)C)C(C)C)C(C)C,4,2,6.4e-05,7.83e-05,19.94409323,-22.36077993,2.37e-05,656.5211444,1504.154307,1866.001882,-11.124167
405,CC(C)C1=PC(C(C)C)=P1,CC(C)C(=C(C(C)C)C(C)C)C(C)C,4,2,3.87e-05,4.76e-05,19.94747075,-22.51199172,1.44e-05,645.4830588,1488.002773,1923.935679,-11.277948
406,CC(C)(C)C1=PC(C(C)(C)C)=P1,CC(C)C(=C(C(C)C)C(C)C)C(C)C,4,2,0.000153272,0.000197058,19.9238324,-22.12727312,5.84e-05,627.1107343,1430.32318,1620.24474,-10.9346745
407,CCC1=PC(CC)=P1,CC(C)=C(C)C,4,2,1.17e-05,1.38e-05,19.96892645,-20.44780599,4.26e-06,569.730717,1690.305923,2061.057647,-11.3998905
408,CCC1=PC(CC)=P1,CCC(CC)=C(CC)CC,4,2,7.9e-08,3.41e-07,19.97723432,-20.69958458,2.35e-08,565.9932714,1404.630771,1987.962759,-11.1255685
409,CC(C)C1=PC(C(C)C)=P1,CC(C)C(=C(C(C)C)C(C)C)C(C)C,4,2,1.15e-06,1.19e-06,19.98630197,-21.00700309,3.96e-07,587.4138525,1748.131921,2131.633471,-11.1079355
410,CC(C)(C)C1=PC(C(C)(C)C)=P1,CCC(CC)=C(CC)CC,4,2,1.68e-06,1.89e-06,19.98792361,-21.17512368,5.85e-07,589.6670207,1762.465167,2149.497226,-11.0216515
411,C1CCC(C(C2CCCCC2)C(C2CCCCC2)C2CCCCC2)CC1,CC1=PC(C)=P1,2,4,8.05e-06,1.01e-05,19.95838527,-16.02224716,3.03e-06,533.2303165,1118.350873,1679.043521,-11.413177
424,CC1=BC(C)=B1,CC(C)=C(C)C,4,2,6.41e-06,6.98e-06,20.00028705,-22.87541585,2.23e-06,628.3539223,2137.275236,2199.396666,-11.2659405
425,CCC1=BC(CC)=B1,CC(C)=C(C)C,4,2,5.33e-06,5.69e-06,20.00047912,-22.7365323,1.84e-06,617.4796182,2118.573567,2202.397825,-11.2685845
427,CCC1=BC(CC)=B1,CC(C)C(=C(C(C)C)C(C)C)C(C)C,4,2,3.77e-06,4.31e-06,19.9910969,-24.70905734,1.34e-06,708.6715449,2015.214055,2054.417804,-10.8768675
428,CC(C)C1=BC(C(C)C)=B1,CC(C)C(=C(C(C)C)C(C)C)C(C)C,4,2,4.12e-06,4.83e-06,19.98941905,-24.73075747,1.49e-06,706.4770596,2014.537451,2054.417804,-10.8768175
429,CC(C)(C)C1=BC(C(C)(C)C)=B1,CC(C)C(=C(C(C)C)C(C)C)C(C)C,4,2,1.47e-06,1.74e-06,19.98718152,-24.77750706,5.3e-07,704.2917879,2010.202922,2061.621218,-10.76492
431,CCC1=BC(CC)=B1,CCC(CC)=C(CC)CC,4,2,5.73e-07,6.87e-07,20.00342014,-22.94387112,2.21e-07,635.0255121,2157.844848,2191.567875,-11.156584
432,CC(C)C1=BC(C(C)C)=B1,CCC(CC)=C(CC)CC,4,2,6.8e-07,7.56e-07,20.00323556,-23.02321787,2.32e-07,629.1672091,2159.885679,2186.978782,-11.090582
433,CC(C)(C)C1=BC(C(C)(C)C)=B1,CCC(CC)=C(CC)CC,4,2,7.19e-07,8.28e-07,20.00376362,-24.18102598,2.54e-07,679.2154921,1966.656327,2207.747374,-10.908025
434,c1ccc(C(=C(c2ccccc2)c2ccccc2)c2ccccc2)cc1,CC1=BC(C)=B1,2,4,0.000106718,0.00014517,19.9094077,-17.62418875,4.2e-05,475.4037768,828.0708622,1181.719631,-10.9437745
4a,CC(C)c1cc(C(C)C)c(-c2cc(-c3c(C(C)C)cc(C(C)C)cc3C(C)C)c(C(C)C)cc2C(C)C)c(C(C)C)c1,c1ccccc1,1,6,0.002840004,0.004261689,19.81527303,-14.03446195,0.001183616,317.1805867,698.2319732,750.0789508,-9.23597125
a,CC1=C(C)N(C(C)C)CN1C(C)C,CCc1ccc(C2=C(c3ccc(CC)cc3)C(c3ccc(CC)cc3)C(c3ccc(CC)cc3)=C2c2ccc(CC)cc2)cc1,1,5,0.000258656,0.000303107,19.94890197,-16.28584798,9.36e-05,429.9265553,1078.225937,1255.26082,-10.739759
a100,CC(C)C1=PC(C(C)C)C(C(C)C)=C1C(C)C,CCC1=BC(CC)C(CC)=C1CC,5,5,3.98e-05,5.06e-05,19.93431016,-16.08038256,1.51e-05,429.3699702,1331.974504,1524.447645,-11.397516
a109,CC(C)C1=C(C(C)(C)C)P=C(C(C)(C)C)C1C(C)C,CC(C)(C)C1=BC(C(C)(C)C)C(C(C)(C)C)=C1C(C)(C)C,5,5,2.56e-06,2.75e-06,20.00164059,-15.91775285,8.84e-07,546.3594216,1301.516554,1765.627418,-11.3421225
a110,CCC1=PC(CC)=C(C)C1C,CCC1=BC(CC)=C(C)C1C,5,5,1.15e-05,1.4e-05,19.95634745,-16.25439088,4.26e-06,480.7817955,1620.319491,1604.940279,-11.249215
a111,CC1=C(C(C)C)P=C(C(C)C)C1C,CCC1=BC(CC)=C(C)C1C,5,5,2.02e-05,2.45e-05,19.96195622,-15.81122547,7.44e-06,465.8246602,1295.688674,1516.420176,-11.369553
a112,CC1=C(C(C)(C)C)P=C(C(C)(C)C)C1C,CCC1=BC(CC)=C(C)C1C,5,5,2.65e-05,3.19e-05,19.95921997,-16.05289377,9.73e-06,441.0148433,1348.320772,1524.2289,-11.410934
a113,CC1=C(C(C)(C)C)P=C(C(C)(C)C)C1C,CC1=C(C(C)C)B=C(C(C)C)C1C,5,5,7.52e-07,8.63e-07,19.99583556,-17.03832123,2.54e-07,599.6623437,1593.423118,1692.316092,-10.940651
a114,CC1=C(C(C)(C)C)P=C(C(C)(C)C)C1C,CCC1=C(C(C)C)B=C(C(C)C)C1CC,5,5,7.5e-07,7.91e-07,19.99729829,-17.52420719,2.37e-07,627.0200711,1644.537147,1690.254411,-10.853109
a115,CCC1=C(C(C)(C)C)P=C(C(C)(C)C)C1CC,CCC1=C(C(C)C)B=C(C(C)C)C1CC,5,5,1.65e-06,1.91e-06,20.00074173,-17.07405513,5.86e-07,618.060256,1399.034905,1777.630444,-11.0964175
a116,CCC1=C(C(C)(C)C)P=C(C(C)(C)C)C1CC,CCC1=C(C(C)(C)C)B=C(C(C)(C)C)C1CC,5,5,0.0,1.07e-07,20.00076724,-17.11377876,2.38e-08,628.1851073,1605.327501,1691.944256,-10.987075
a117,CCC1=C(C(C)(C)C)B=C(C(C)(C)C)C1CC,CC(C)c1c(C(C)(C)C)[pH]c(C(C)(C)C)c1C(C)C,5,5,4e-06,4.57e-06,19.99201157,-15.96732834,1.43e-06,564.2181844,1290.37791,1754.905262,-11.402572
a118,CC1=C(C(C)C)P=C(C(C)C)C1C,CCC1=C(CC)C(C)B=C1C,5,5,2.19e-05,2.66e-05,19.95875055,-15.93507102,8.09e-06,467.7549198,1306.154892,1516.420176,-11.378931
a119,CC1=C(C(C)C)P=C(C(C)C)C1C,CC1=BC(C)C(C(C)C)=C1C(C)C,5,5,8.36e-06,1.03e-05,19.95331721,-16.23271107,3.1e-06,472.2114285,1501.110767,1612.711165,-11.394606
a120,CC1=C(C(C)C)P=C(C(C)C)C1C,CCC1=BC(CC)C(C(C)C)=C1C(C)C,5,5,1.18e-05,1.44e-05,19.95619068,-16.53821776,4.36e-06,487.3822787,1532.422497,1606.104935,-11.3774205
a121,CCC1=C(C(C)C)P=C(C(C)C)C1CC,CCC1=BC(CC)C(C(C)C)=C1C(C)C,5,5,1.9e-05,2.3e-05,19.95881382,-16.41257298,7e-06,481.1180749,1339.982146,1525.39793,-11.367771
a122,CCC1=C(C(C)C)P=C(C(C)C)C1CC,CCC1=BC(CC)C(C(C)(C)C)=C1C(C)(C)C,5,5,3.51e-05,4.36e-05,19.94696373,-15.97545665,1.31e-05,467.476446,1315.56059,1524.830651,-11.381757
a123,CCC1=C(C(C)(C)C)P=C(C(C)(C)C)C1CC,CCC1=BC(CC)C(C(C)(C)C)=C1C(C)(C)C,5,5,2.94e-05,3.62e-05,19.94945822,-16.46992668,1.09e-05,499.8532958,1344.75965,1538.835524,-11.417642
a124,CCC1=C(C(C)(C)C)P=C(C(C)(C)C)C1CC,CC(C)C1=BC(C(C)C)C(C(C)(C)C)=C1C(C)(C)C,5,5,1.5e-06,1.74e-06,19.97057175,-16.25109176,5.41e-07,540.8911431,1318.838459,1769.343767,-11.1016695
a125,CC(C)C1=BC(C(C)C)C(C(C)(C)C)=C1C(C)(C)C,CC(C)c1c(C(C)(C)C)[pH]c(C(C)(C)C)c1C(C)C,5,5,1.55e-06,1.88e-06,20.00409525,-16.7812744,5.74e-07,615.3083043,1367.645404,1777.630444,-11.1001855
a126,CC1=PC(C)C(C(C)C)=C1C(C)C,CC1=C(C(C)C)B=C(C(C)C)C1C,5,5,4.47e-06,5.27e-06,19.98284951,-16.38781539,1.62e-06,538.6273957,1350.150406,1732.94386,-11.367263
a127,CCC1=PC(CC)C(C(C)C)=C1C(C)C,CC1=C(C(C)C)B=C(C(C)C)C1C,5,5,5.14e-06,5.94e-06,19.98198712,-16.35489755,1.85e-06,542.5925049,1348.85167,1709.633778,-11.371083
a128,CCC1=PC(CC)C(C(C)C)=C1C(C)C,CCC1=C(C(C)C)B=C(C(C)C)C1CC,5,5,5.68e-06,6.67e-06,19.98404812,-15.9379942,2.06e-06,516.6347209,1317.547229,1620.736947,-11.400928
a129,CCC1=C(C(C)C)B=C(C(C)C)C1CC,CCc1[pH]c(CC)c(C(C)C)c1C(C)C,5,5,7.14e-06,7.9e-06,19.98225713,-15.98282848,2.51e-06,513.368973,1317.469912,1620.736947,-11.342141
a130,CCC1=C(C(C)(C)C)B=C(C(C)(C)C)C1CC,CCc1[pH]c(CC)c(C(C)C)c1C(C)C,5,5,2.04e-05,2.33e-05,19.98476634,-15.82917553,7.27e-06,530.552291,1304.243933,1620.980955,-11.508325
a131,C1=CP=C1,C1=CP=C1,4,4,1.66e-06,1.99e-06,19.99483617,-16.46471566,6.09e-07,528.1584823,1317.570465,1697.48869,-11.1200535
a132,CC1=PC(C)=C1C,CC1=PC(C)=C1C,4,4,8.88e-06,9.85e-06,19.967035,-15.47818699,3.12e-06,485.6686746,1197.150261,1571.855217,-11.325216
a133,CCC1=PC(CC)=C1CC,CCC1=PC(CC)=C1CC,4,4,6.36e-06,6.8e-06,19.97455265,-16.05044033,2.19e-06,509.7293782,1256.416856,1574.536559,-11.355161
a134,CC(C)C1=PC(C(C)C)=C1C(C)C,CC(C)C1=PC(C(C)C)=C1C(C)C,4,4,2.14e-06,2.4e-06,19.98504386,-15.51769031,7.59e-07,507.4801126,1185.26365,1637.985322,-11.1613695
a135,CC(C)(C)C1=PC(C(C)(C)C)=C1C(C)(C)C,CC(C)(C)C1=PC(C(C)(C)C)=C1C(C)(C)C,4,4,2.56e-06,2.95e-06,19.99850373,-18.07077389,9.2e-07,601.8268539,1693.791012,1794.148756,-11.1334375
a136,CCC1=C(C)P=C1C,CC1=PC(C)=C1C,4,4,1.12e-05,1.3e-05,19.95982213,-15.12066516,4.03e-06,469.9128184,943.965842,1398.144404,-11.19314
a137,CCC1=C(C)P=C1C,CCC1=PC(CC)=C1CC,4,4,1.89e-05,2.2e-05,19.96348534,-15.48360951,6.82e-06,485.530714,1196.884592,1481.486232,-11.324171
a138,CCC1=C(C)P=C1C,CC(C)C1=PC(C(C)C)=C1C(C)C,4,4,5.17e-06,6.13e-06,19.97196476,-15.5096045,1.88e-06,484.2758787,970.4504105,1453.372115,-11.141239
a139,CCC1=C(C)P=C1C,CC(C)(C)C1=PC(C(C)(C)C)=C1C(C)(C)C,4,4,2.68e-06,3.04e-06,19.98158442,-16.03115732,9.56e-07,506.3575098,1242.646698,1633.520411,-11.338091
a140,CC1=PC(C)=C1C(C)C,CC(C)(C)C1=PC(C(C)(C)C)=C1C(C)(C)C,4,4,1.8e-06,2.02e-06,19.98317796,-16.09574289,6.34e-07,509.7769956,1246.089206,1636.455735,-11.1156575
a141,CC1=PC(C)=C1C(C)(C)C,CC(C)(C)C1=PC(C(C)(C)C)=C1C(C)(C)C,4,4,1.81e-06,2.04e-06,19.9868093,-16.2363321,6.39e-07,518.1187916,1488.754955,1677.294036,-11.1619095
a142,CCC1=PC(CC)=C1C(C)(C)C,CC(C)(C)C1=PC(C(C)(C)C)=C1C(C)(C)C,4,4,4.4e-06,4.82e-06,19.99957659,-16.62265101,1.54e-06,572.8207196,1290.291138,1761.359328,-11.377383
a143,CC(C)C1=PC(C(C)C)=C1C(C)(C)C,CC(C)(C)C1=PC(C(C)(C)C)=C1C(C)(C)C,4,4,6.12e-06,6.62e-06,20.00113518,-16.78805001,2.12e-06,580.4280771,1562.904374,1711.055476,-11.2523065
a145,CC1=PC(C)=C1C(C)C,CCC1=PC(CC)=C1CC,4,4,6.36e-06,7.41e-06,19.9651491,-15.57313244,2.3e-06,488.3340445,1201.722507,1560.816665,-11.255791
a146,CC1=PC(C)=C1C(C)C,CC(C)C1=PC(C(C)C)=C1C(C)C,4,4,5.84e-07,6.65e-07,19.97622779,-15.31114642,2.07e-07,484.7403288,1172.773238,1479.44073,-11.037409
a147,CC1=PC(C)=C1C(C)C,CC(C)(C)C1=PC(C(C)(C)C)=C1C(C)(C)C,4,4,1.82e-06,2.04e-06,19.98308884,-16.0990674,6.35e-07,509.5924425,1246.379568,1636.455735,-11.1230545
a148,CCC1=PC(CC)=C1C(C)C,CC(C)(C)C1=PC(C(C)(C)C)=C1C(C)(C)C,4,4,1.23e-06,1.39e-06,19.99181385,-16.34038028,4.42e-07,532.3922271,1498.787246,1770.783542,-11.1819385
a149,CCC1=PC(CC)=C1C(C)(C)C,CC(C)(C)C1=PC(C(C)(C)C)=C1C(C)(C)C,4,4,2.64e-06,3.04e-06,19.99235078,-16.6025172,9.49e-07,548.3836347,1294.422476,1759.173352,-11.39054
a150,CC1=PC(C)=C1C(C)(C)C,CCC1=PC(CC)=C1CC,4,4,5.55e-06,6.3e-06,19.96796439,-15.68435432,1.98e-06,495.3711138,1215.237052,1574.536559,-11.319804
a151,B1=CC=C1,C1=CP=C1,4,4,0.002977573,0.003904888,19.77875066,-15.4255022,0.001147077,760.2993122,760.2993122,794.7912584,-10.21571775
a152,CC1=BC(C)=C1C,CC1=PC(C)=C1C,4,4,0.003114251,0.004054688,19.60305783,-12.29751085,0.001194823,655.1739481,921.984026,814.3894476,-9.77012325
a153,CCC1=BC(CC)=C1CC,CCC1=PC(CC)=C1CC,4,4,0.035199858,0.043218649,19.28712021,-12.68863529,0.013069751,475.9508225,475.9508225,383.0686616,-10.619431
a154,CC(C)C1=BC(C(C)C)=C1C(C)C,CC(C)C1=PC(C(C)C)=C1C(C)C,4,4,0.005762891,0.007718192,19.5374227,-15.10151039,0.002246847,728.1507726,728.1507726,699.9573112,-9.67531375
a155,CC(C)(C)C1=BC(C(C)(C)C)=C1C(C)(C)C,CC(C)(C)C1=PC(C(C)(C)C)=C1C(C)(C)C,4,4,0.0016569,0.001827699,19.61680909,-13.56075399,0.000580767,731.4549732,994.1312069,687.021967,-9.79123275
a156,CCC1=C(C)B=C1C,CC1=PC(C)=C1C,4,4,0.005293291,0.007941966,19.56294664,-12.47007683,0.002205876,465.5117663,838.3715903,650.4592145,-9.70884475
a157,CCC1=C(C)B=C1C,CCC1=PC(CC)=C1CC,4,4,0.002286328,0.002625729,19.67064566,-15.40172056,0.000818676,804.5728398,1064.739407,882.8894332,-9.92551875
a158,CCC1=C(C)B=C1C,CC(C)C1=PC(C(C)C)=C1C(C)C,4,4,0.00219045,0.002738567,19.64137768,-12.77148977,0.000821503,641.469433,900.9932998,814.3894476,-9.87026625
a159,CCC1=C(C)B=C1C,CC(C)(C)C1=PC(C(C)(C)C)=C1C(C)(C)C,4,4,0.001859742,0.002266314,19.7168682,-14.82532249,0.000687676,741.4311372,1041.059837,628.41725,-9.94256725
a160,CC1=BC(C)=C1C(C)C,CC(C)(C)C1=PC(C(C)(C)C)=C1C(C)(C)C,4,4,0.001644247,0.001987583,19.72727229,-15.10161305,0.000605305,736.1653558,1048.301038,629.4073894,-10.05739425
a161,CC1=BC(C)=C1C(C)(C)C,CC(C)(C)C1=PC(C(C)(C)C)=C1C(C)(C)C,4,4,0.001173979,0.001380406,19.75845789,-16.69872305,0.000425731,762.9977662,1144.306185,874.2572011,-10.19095925
a162,CCC1=BC(CC)=C1C(C)(C)C,CC(C)(C)C1=PC(C(C)(C)C)=C1C(C)(C)C,4,4,0.004660565,0.006638864,19.56608929,-13.24554555,0.001883238,730.2306787,730.2306787,634.9092569,-9.63978675
a163,CC(C)C1=BC(C(C)C)=C1C(C)(C)C,CC(C)(C)C1=PC(C(C)(C)C)=C1C(C)(C)C,4,4,0.003286374,0.003926387,19.56973239,-13.69267296,0.001202127,685.4875826,1030.281654,805.0720587,-9.68066525
a164,CC1=BC(C)=C1C(C)C,CC1=PC(C)=C1C,4,4,0.005730839,0.008601764,19.55880644,-12.54008637,0.002388767,458.2876756,842.6014327,639.2561164,-9.6078725
a165,CC1=BC(C)=C1C(C)C,CCC1=PC(CC)=C1CC,4,4,0.002137888,0.002515911,19.67530394,-15.65109392,0.000775633,798.9153062,1061.351604,882.8894332,-9.94719525
a166,CC1=BC(C)=C1C(C)C,CC(C)C1=PC(C(C)C)=C1C(C)C,4,4,0.001431332,0.001658919,19.75621986,-15.55611162,0.000515042,742.6820161,1065.565562,700.9427289,-10.16224825
a167,CC1=BC(C)=C1C(C)C,CC(C)(C)C1=PC(C(C)(C)C)=C1C(C)(C)C,4,4,0.001646926,0.001991354,19.72746406,-15.10654731,0.00060638,736.2350014,1048.5253,629.4073894,-10.05739425
a168,CCC1=BC(CC)=C1C(C)C,CC(C)(C)C1=PC(C(C)(C)C)=C1C(C)(C)C,4,4,0.000353223,0.001147173,19.49115767,-14.64546202,0.000250066,577.7370701,1017.680316,994.7793868,-10.0014445
a169,CCC1=BC(CC)=C1C(C)(C)C,CC(C)(C)C1=PC(C(C)(C)C)=C1C(C)(C)C,4,4,0.000708131,0.001255724,19.58448521,-16.54582114,0.000327309,660.1333467,1132.500122,1084.192714,-10.03071225
a170,CC1=BC(C)=C1C(C)(C)C,CCC1=PC(CC)=C1CC,4,4,0.008135101,0.013845267,19.38485692,-11.77432708,0.003663395,352.878401,752.0127036,553.086872,-9.02292075
a171,CC1=C(C(C)(C)C)P=C(C(C)(C)C)C1C,CC1=C(C)C(C)C(C)=C1C(C)(C)C,5,5,5.32e-06,5.89e-06,19.99325478,-17.38938341,1.87e-06,630.9473193,1639.811234,1704.594156,-11.0366515
a172,CC1=C(C(C)(C)C)P=C(C(C)(C)C)C1C,CC1=C(C(C)(C)C)P=C(C(C)(C)C)C1C,5,5,6.38e-07,7.15e-07,20.00639057,-15.80116252,2.22e-07,596.5979468,1503.875217,1694.131154,-11.129199
a51,B1=CC=CC1,B1=CC=CC1,5,5,8.34e-06,1.02e-05,19.9600512,-15.61503185,3.09e-06,440.8991975,1462.294571,1615.756684,-11.373764
a52,CC1=BC(C)C(C)=C1C,CC1=BC(C)C(C)=C1C,5,5,1.89e-05,2.2e-05,19.97423775,-16.43081955,6.82e-06,471.4228661,1338.582153,1525.780458,-11.367011
a53,CCC1=BC(CC)=C(CC)C1C,CC1=BC(C)C(C)=C1C,5,5,2.1e-05,2.46e-05,19.97241777,-16.50375307,7.6e-06,478.5848372,1346.501996,1525.39793,-11.368361
a54,CCC1C(C(C)C)=BC(C(C)C)=C1C(C)C,CC1=BC(C)C(C)=C1C,5,5,1.48e-05,1.75e-05,19.98795438,-17.3932835,5.39e-06,537.6809384,1430.647085,1673.136199,-11.496379
a58,CC(C)(C)C1=BC(C(C)(C)C)C(C(C)(C)C)=C1C(C)(C)C,CC(C)C1=C(C(C)(C)C)C(C(C)(C)C)=C(C(C)(C)C)B1,5,5,5.36e-06,6.59e-06,19.99177506,-16.3161243,1.99e-06,578.6348708,1111.314374,1670.437757,-11.383835
a59,CCC1=BC(CC)=C(C)C1C,CCC1=C(CC)C(C)B=C1C,5,5,2.06e-05,2.42e-05,19.9715628,-16.6798813,7.46e-06,483.6528654,1364.779316,1525.39793,-11.362809
a60,CCC1=BC(CC)=C(C)C1C,CCC1=BC(CC)C(CC)=C1CC,5,5,1.34e-05,1.48e-05,19.97126623,-16.88488341,4.7e-06,494.3164762,1381.966413,1624.139606,-11.397904
a61,CCC1=BC(CC)=C(C)C1C,CCC1=C(C(C)C)B=C(C(C)C)C1CC,5,5,1.51e-05,1.77e-05,19.96902986,-16.40440422,5.47e-06,485.8276166,1355.501587,1568.192893,-11.381485
a62,CCC1=BC(CC)=C(C)C1C,CCC1=C(C(C)(C)C)B=C(C(C)(C)C)C1CC,5,5,1.38e-05,1.65e-05,19.98240683,-17.1654883,5.05e-06,544.7343422,1424.523294,1714.14103,-11.49622
a63,CCC1=BC(CC)=C(C)C1C,CC(C)C1=C(C(C)(C)C)B=C(C(C)(C)C)C1C(C)C,5,5,1.67e-05,2.04e-05,19.94973073,-16.9501085,6.18e-06,483.8258396,1420.696486,1525.39793,-11.338321
a64,CCC1=BC(CC)=C(C)C1C,CC(C)(C)C1=BC(C(C)(C)C)C(C(C)(C)C)=C1C(C)(C)C,5,5,3.81e-05,4.58e-05,19.96509904,-17.0484566,1.4e-05,480.9428001,1432.817109,1524.239131,-11.363524
a65,CC1=C(C(C)C)B=C(C(C)C)C1C,CC(C)(C)C1=BC(C(C)(C)C)C(C(C)(C)C)=C1C(C)(C)C,5,5,8.87e-06,1.07e-05,19.9803177,-16.52447943,3.27e-06,537.5094988,1355.026487,1720.364732,-11.482451
a66,CC1=C(C(C)(C)C)B=C(C(C)(C)C)C1C,CC(C)(C)C1=BC(C(C)(C)C)C(C(C)(C)C)=C1C(C)(C)C,5,5,4.65e-06,6.51e-06,19.97251206,-15.71866605,1.86e-06,531.7841914,1089.263913,1668.889892,-11.334614
a67,CCC1=C(C(C)(C)C)B=C(C(C)(C)C)C1CC,CC(C)(C)C1=BC(C(C)(C)C)C(C(C)(C)C)=C1C(C)(C)C,5,5,1.34e-05,1.62e-05,19.97874053,-16.43293193,4.92e-06,538.4216184,1342.227734,1713.036436,-11.483341
a68,CC(C)(C)C1=BC(C(C)(C)C)C(C(C)(C)C)=C1C(C)(C)C,CC(C)c1[pH]c(C(C)(C)C)c(C(C)C)c1C(C)C,5,5,2.2e-06,2.44e-06,20.00200685,-17.72889181,7.73e-07,611.5451921,1653.595086,1769.429319,-11.014558
a69,CC(C)(C)C1=BC(C(C)(C)C)C(C(C)(C)C)=C1C(C)(C)C,CC(C)C1=C(C(C)(C)C)C(C(C)(C)C)=C(C(C)(C)C)B1,5,5,9.27e-06,1.15e-05,19.98864229,-16.1642984,3.46e-06,568.3505565,1098.464586,1692.799877,-11.482261
a70,CCC1=C(CC)C(C)B=C1C,CC1=BC(C)C(C)=C1C,5,5,1.64e-05,1.9e-05,19.972168,-16.68075499,5.9e-06,481.8385196,1361.5965,1525.39793,-11.363894
a71,CCC1=C(CC)C(C)B=C1C,CCC1=BC(CC)=C(C)C1C,5,5,1.79e-05,2.08e-05,19.97092829,-16.68490698,6.46e-06,481.7320684,1361.947882,1525.39793,-11.36778
a72,CCC1=C(CC)C(C)B=C1C,CC1=C(C(C)C)B=C(C(C)C)C1C,5,5,1.29e-05,1.45e-05,19.97473774,-16.76111717,4.56e-06,504.3243597,1368.807017,1624.139606,-11.415354
a73,CCC1=C(CC)C(C)B=C1C,CC1=C(C(C)(C)C)B=C(C(C)(C)C)C1C,5,5,1.28e-05,1.45e-05,19.97473249,-16.82991623,4.55e-06,507.5671797,1376.069182,1624.139606,-11.410244
a74,CCC1=C(CC)C(C)B=C1C,CCC1=C(C(C)(C)C)B=C(C(C)(C)C)C1CC,5,5,1.5e-05,1.81e-05,19.98056106,-17.28056913,5.51e-06,545.4189116,1435.639475,1672.79071,-11.48906
a75,CCC1=C(CC)C(C)B=C1C,CC(C)C1=C(C(C)(C)C)B=C(C(C)(C)C)C1C(C)C,5,5,2.28e-06,2.58e-06,19.99676608,-17.75636731,8.08e-07,593.8338768,1451.730659,1775.489537,-11.2387925
a76,CCC1=C(CC)C(C)B=C1C,CC(C)(C)C1=BC(C(C)(C)C)C(C(C)(C)C)=C1C(C)(C)C,5,5,3.74e-05,4.52e-05,19.96213044,-17.10018043,1.38e-05,480.5927183,1437.483535,1524.239131,-11.360493
a77,CC1=BC(C)C(C(C)C)=C1C(C)C,CC(C)(C)C1=BC(C(C)(C)C)C(C(C)(C)C)=C1C(C)(C)C,5,5,4.91e-05,5.95e-05,19.96067531,-16.76066412,1.81e-05,463.0475289,1404.471588,1499.638275,-11.333157
a78,CC(C)(C)C1=BC(C(C)(C)C)C(C(C)(C)C)=C1C(C)(C)C,CC1=BC(C)C(C(C)(C)C)=C1C(C)(C)C,5,5,7.37e-05,9.11e-05,19.94682378,-16.46662988,2.75e-05,448.5353364,1380.540868,1466.513187,-11.31146
a80,CC(C)(C)C1=BC(C(C)(C)C)C(C(C)(C)C)=C1C(C)(C)C,CC(C)C1=BC(C(C)C)C(C(C)(C)C)=C1C(C)(C)C,5,5,1.12e-05,1.33e-05,19.98128731,-16.02360092,4.08e-06,536.0201116,1307.910189,1707.976019,-11.497702
a91,C1=CCP=C1,B1=CC=CC1,5,5,5.2e-06,6.35e-06,19.94133548,-14.94101663,1.93e-06,418.2915234,1379.368939,1540.610377,-11.266474
a92,CC1=PC(C)C(C)=C1C,CC1=BC(C)C(C)=C1C,5,5,1.33e-05,1.63e-05,19.95448076,-16.09179486,4.93e-06,472.6470926,1487.396725,1606.487463,-11.420625
a93,CCC1=PC(CC)C(CC)=C1CC,CC1=BC(C)C(C)=C1C,5,5,2.46e-05,3.01e-05,19.95808512,-16.1506902,9.12e-06,475.0294372,1322.109154,1524.329534,-11.382651
a94,CC(C)C1=PC(C(C)C)C(C(C)C)=C1C(C)C,CC1=BC(C)C(C)=C1C,5,5,4.14e-05,5.3e-05,19.93534043,-15.79190195,1.57e-05,418.0570272,1305.125832,1515.087364,-11.391506
a95,CC1=BC(C)C(C)=C1C,CC(C)c1[pH]c(C(C)(C)C)c(C(C)(C)C)c1C(C)(C)C,5,5,1.06e-05,1.31e-05,19.99283298,-15.78155227,3.95e-06,582.7912063,1289.08636,1723.078888,-11.524981
a96,CCC1=BC(CC)C(CC)=C1CC,CC(C)c1[pH]c(C(C)(C)C)c(C(C)(C)C)c1C(C)(C)C,5,5,1.26e-05,1.52e-05,19.99411538,-16.17359763,4.62e-06,602.3252139,1323.021509,1723.670119,-11.518376
a97,CC(C)C1=BC(C(C)C)C(C(C)C)=C1C(C)C,CC(C)c1[pH]c(C(C)(C)C)c(C(C)(C)C)c1C(C)(C)C,5,5,3.44e-05,3.82e-05,19.99603511,-15.03722573,1.21e-05,554.4919321,1028.62066,1534.255822,-11.423314
a98,CC(C)(C)C1=BC(C(C)(C)C)C(C(C)(C)C)=C1C(C)(C)C,CC(C)c1[pH]c(C(C)(C)C)c(C(C)(C)C)c1C(C)(C)C,5,5,1.66e-05,2.23e-05,20.00281666,-15.56220647,6.48e-06,591.1446899,1063.950487,1601.463149,-11.4687
a99,CC(C)C1=PC(C(C)C)C(C(C)C)=C1C(C)C,CC1=BC(C)C(C)=C1C,5,5,4.14e-05,5.31e-05,19.93521043,-15.79250329,1.57e-05,418.0154589,1305.219888,1515.087364,-11.391506
sci,C[Si](C)(Oc1cccc2ccccc12)C([Si](C)(C)Oc1cccc2ccccc12)[Si](C)(C)Oc1cccc2ccccc12,C[Si](C)(Oc1cccc2ccccc12)C([Si](C)(C)Oc1cccc2ccccc12)[Si](C)(C)Oc1cccc2ccccc12,1,1,0.024728685,0.044523306,19.53849662,-5.896993176,0.011541999,193.5553298,193.5553298,292.6359194,-6.393991
B10,C[Si](C)(C)N[Si](C)(C)C,CC1=C(C)C(C)=C1C,1,4,1.58e-06,1.9e-06,19.98430942,-18.36723888,5.82e-07,515.7192289,1467.477354,1653.721011,-11.0493055
B11,C[Si](C)(C)N[Si](C)(C)C,CC1=C(C(C)(C)C)C(C)=C1C(C)(C)C,1,4,1.43e-06,1.45e-06,19.98467162,-21.33806195,4.91e-07,647.3699365,1783.334906,2146.112974,-10.868712
B12,C[Si](C)(C)N[Si](C)(C)C,CC(C)(C)C1=C(C(C)(C)C)C(C(C)(C)C)=C1C(C)(C)C,1,4,3.64e-06,4.19e-06,19.99244264,-22.21609424,1.31e-06,686.4858392,1863.386052,2046.721598,-10.8022005
B13,C[Si](C)(C)N[Si](C)(C)C,CC(C)(C)C1=CC(C(C)(C)C)=C1,1,4,4.15e-06,4.57e-06,19.98846711,-21.41203894,1.45e-06,662.1694176,1823.333315,2222.322285,-11.0507975
B14,C[Si](C)(C)N[Si](C)(C)C,CC1=C(C(C)(C)C)C(C)=C1C(C)(C)C,1,4,1.87e-06,2.03e-06,19.99123879,-21.07230494,6.51e-07,630.3439155,1758.604446,2125.374308,-10.9821375
B15,C[Si](C)(C)N[Si](C)(C)C,CCC1=C(C(C)(C)C)C(CC)=C1C(C)(C)C,1,4,1.01e-06,1.07e-06,19.99666145,-21.60296669,3.41e-07,659.527127,1808.828464,2152.307231,-10.920424
B16,C[Si](C)(C)N[Si](C)(C)C,CC(C)C1=C(C(C)(C)C)C(C(C)C)=C1C(C)(C)C,1,4,8.86e-07,9.86e-07,19.98958861,-22.05603593,3.11e-07,679.4865427,1857.867504,2241.274151,-10.89559
B17,C[Si](C)(C)N[Si](C)(C)C,CC(C)=C(C)C,1,2,2.41e-05,2.85e-05,19.9647871,-23.0362057,8.77e-06,633.5923139,1587.582732,1924.741901,-11.25315
B19,C[Si](C)(C)N[Si](C)(C)C,CC(C)C(=C(C(C)C)C(C)C)C(C)C,1,2,2.41e-05,2.84e-05,19.97039144,-23.92457841,8.75e-06,669.9554426,1614.665272,1949.970779,-10.994339
B20,C[Si](C)(C)N[Si](C)(C)C,C/C(=C(/C)C(C)(C)C)C(C)(C)C,1,2,7.1e-05,9.05e-05,19.94057314,-22.52603648,2.69e-05,610.8924274,1515.729103,1866.438711,-11.28734
B21,c1ccc([Si](N[Si](c2ccccc2)(c2ccccc2)c2ccccc2)(c2ccccc2)c2ccccc2)cc1,CC1=C(C)C(C(C)(C)C)C(C)=C1C(C)(C)C,1,5,1.92e-06,2.11e-06,20.00091801,-23.83151775,6.69e-07,780.5378459,2121.202801,2171.970921,-10.8871975
B22,C[Si](N[Si](C)(C1CCCCC1)C1CCCCC1)(C1CCCCC1)C1CCCCC1,CC1=C(C)C(C(C)(C)C)C(C)=C1C(C)(C)C,1,5,0.0,1.13e-07,20.00198364,-24.39971858,3.81e-08,771.4867227,2228.587074,2103.905464,-11.106363
B23,C[Si](N[Si](C)(C1CCCCC1)C1CCCCC1)(C1CCCCC1)C1CCCCC1,CC1=C(C)C(C)=C1C,1,4,4.69e-06,5.37e-06,19.98305637,-21.19286674,1.68e-06,644.1161687,1753.287559,2064.395774,-11.047877
B24,C[Si](N[Si](C)(C1CCCCC1)C1CCCCC1)(C1CCCCC1)C1CCCCC1,CC1=C(C(C)(C)C)C(C)=C1C(C)(C)C,1,4,5.72e-07,6.36e-07,20.00052661,-23.90138397,1.8e-07,749.4105966,2050.337409,1909.450819,-11.038239
B25,C[Si](N[Si](C)(C1CCCCC1)C1CCCCC1)(C1CCCCC1)C1CCCCC1,CC1=C(C(C)(C)C)C(C)=C1C(C)(C)C,1,4,7.46e-07,8.97e-07,20.00677641,-25.23014591,2.68e-07,782.2621112,2172.37208,2111.067971,-10.946903
B27,C[Si](N[Si](C)(C1CCCCC1)C1CCCCC1)(C1CCCCC1)C1CCCCC1,CC(C)(C)C1=BC(C(C)(C)C)C(C(C)(C)C)=C1C(C)(C)C,1,5,1.67e-05,2.05e-05,19.98174177,-22.34830218,6.21e-06,640.9440003,1986.455627,2112.84857,-11.4518685
B28,C[Si](N[Si](C)(C1CCCCC1)C1CCCCC1)(C1CCCCC1)C1CCCCC1,CC(C)(C)C1=PC(C(C)(C)C)C(C(C)(C)C)=C1C(C)(C)C,1,5,1.38e-05,1.64e-05,19.97778322,-21.99016359,5.03e-06,669.5388799,1677.46612,2038.290298,-11.026927
